TRACE [neovide] Neovide version: 0.15.2
DEBUG [neovide::settings::window_size] Loaded window settings: Maximized { grid_size: Some(Size2 { width: 65, height: 48 }) }
DEBUG [neovide::bridge::session] Starting neovim with: Command { std: "nvim" "--embed" "-p", kill_on_drop: false }
INFO [neovide::bridge] Neovide registered to nvim with channel id 1
TRACE [neovide::settings] Initial value load failed for cursor_animate_command_line: Error processing request: 1 - 'Key not found: neovide_cursor_animate_command_line')
TRACE [neovide::bridge::handler] Neovim notification: "setting_changed"
TRACE [neovide::settings] Initial value load failed for underline_stroke_scale: Error processing request: 1 - 'Key not found: neovide_underline_stroke_scale')
TRACE [neovide::bridge::handler] Neovim notification: "setting_changed"
TRACE [neovide::settings] Initial value load failed for cursor_antialiasing: Error processing request: 1 - 'Key not found: neovide_cursor_antialiasing')
TRACE [neovide::bridge::handler] Neovim notification: "setting_changed"
TRACE [neovide::settings] Initial value load failed for touch_drag_timeout: Error processing request: 1 - 'Key not found: neovide_touch_drag_timeout')
TRACE [neovide::bridge::handler] Neovim notification: "setting_changed"
TRACE [neovide::settings] Initial value load failed for input_ime: Error processing request: 1 - 'Key not found: neovide_input_ime')
TRACE [neovide::bridge::handler] Neovim notification: "setting_changed"
TRACE [neovide::settings] Initial value load failed for scroll_animation_length: Error processing request: 1 - 'Key not found: neovide_scroll_animation_length')
TRACE [neovide::bridge::handler] Neovim notification: "setting_changed"
TRACE [neovide::settings] Initial value load failed for cursor_animate_in_insert_mode: Error processing request: 1 - 'Key not found: neovide_cursor_animate_in_insert_mode')
TRACE [neovide::bridge::handler] Neovim notification: "setting_changed"
TRACE [neovide::settings] Initial value load failed for show_border: Error processing request: 1 - 'Key not found: neovide_show_border')
TRACE [neovide::bridge::handler] Neovim notification: "setting_changed"
TRACE [neovide::settings] Initial value load failed for theme: Error processing request: 1 - 'Key not found: neovide_theme')
TRACE [neovide::bridge::handler] Neovim notification: "setting_changed"
TRACE [neovide::settings] Initial value load failed for debug_renderer: Error processing request: 1 - 'Key not found: neovide_debug_renderer')
TRACE [neovide::bridge::handler] Neovim notification: "setting_changed"
TRACE [neovide::settings] Initial value load failed for text_contrast: Error processing request: 1 - 'Key not found: neovide_text_contrast')
TRACE [neovide::bridge::handler] Neovim notification: "setting_changed"
TRACE [neovide::settings] Initial value load failed for opacity: Error processing request: 1 - 'Key not found: neovide_opacity')
TRACE [neovide::bridge::handler] Neovim notification: "setting_changed"
TRACE [neovide::settings] Initial value load failed for light_angle_degrees: Error processing request: 1 - 'Key not found: neovide_light_angle_degrees')
TRACE [neovide::bridge::handler] Neovim notification: "setting_changed"
TRACE [neovide::settings] Initial value load failed for title_background_color: Error processing request: 1 - 'Key not found: neovide_title_background_color')
TRACE [neovide::bridge::handler] Neovim notification: "setting_changed"
TRACE [neovide::settings] Initial value load failed for cursor_animation_length: Error processing request: 1 - 'Key not found: neovide_cursor_animation_length')
TRACE [neovide::bridge::handler] Neovim notification: "setting_changed"
TRACE [neovide::settings] Initial value load failed for cursor_vfx_particle_density: Error processing request: 1 - 'Key not found: neovide_cursor_vfx_particle_density')
TRACE [neovide::bridge::handler] Neovim notification: "setting_changed"
TRACE [neovide::settings] Initial value load failed for title_text_color: Error processing request: 1 - 'Key not found: neovide_title_text_color')
TRACE [neovide::bridge::handler] Neovim notification: "setting_changed"
TRACE [neovide::settings] Initial value load failed for refresh_rate_idle: Error processing request: 1 - 'Key not found: neovide_refresh_rate_idle')
TRACE [neovide::bridge::handler] Neovim notification: "setting_changed"
TRACE [neovide::settings] Initial value load failed for remember_window_size: Error processing request: 1 - 'Key not found: neovide_remember_window_size')
TRACE [neovide::bridge::handler] Neovim notification: "setting_changed"
TRACE [neovide::settings] Initial value load failed for floating_z_height: Error processing request: 1 - 'Key not found: neovide_floating_z_height')
TRACE [neovide::bridge::handler] Neovim notification: "setting_changed"
TRACE [neovide::settings] Initial value load failed for cursor_vfx_particle_lifetime: Error processing request: 1 - 'Key not found: neovide_cursor_vfx_particle_lifetime')
TRACE [neovide::bridge::handler] Neovim notification: "setting_changed"
TRACE [neovide::settings] Initial value load failed for iso_layout: Error processing request: 1 - 'Key not found: neovide_iso_layout')
TRACE [neovide::bridge::handler] Neovim notification: "setting_changed"
TRACE [neovide::settings] Initial value load failed for cursor_vfx_mode: Error processing request: 1 - 'Key not found: neovide_cursor_vfx_mode')
TRACE [neovide::bridge::handler] Neovim notification: "setting_changed"
TRACE [neovide::settings] Initial value load failed for cursor_vfx_particle_curl: Error processing request: 1 - 'Key not found: neovide_cursor_vfx_particle_curl')
TRACE [neovide::bridge::handler] Neovim notification: "setting_changed"
TRACE [neovide::settings] Initial value load failed for background_color: Error processing request: 1 - 'Key not found: neovide_background_color')
TRACE [neovide::bridge::handler] Neovim notification: "setting_changed"
TRACE [neovide::settings] Initial value load failed for floating_shadow: Error processing request: 1 - 'Key not found: neovide_floating_shadow')
TRACE [neovide::bridge::handler] Neovim notification: "setting_changed"
TRACE [neovide::settings] Initial value load failed for scale_factor: Error processing request: 1 - 'Key not found: neovide_scale_factor')
TRACE [neovide::bridge::handler] Neovim notification: "setting_changed"
TRACE [neovide::settings] Initial value load failed for fullscreen: Error processing request: 1 - 'Key not found: neovide_fullscreen')
TRACE [neovide::bridge::handler] Neovim notification: "setting_changed"
TRACE [neovide::settings] Initial value load failed for padding_right: Error processing request: 1 - 'Key not found: neovide_padding_right')
TRACE [neovide::bridge::handler] Neovim notification: "setting_changed"
TRACE [neovide::settings] Initial value load failed for scroll_animation_far_lines: Error processing request: 1 - 'Key not found: neovide_scroll_animation_far_lines')
TRACE [neovide::bridge::handler] Neovim notification: "setting_changed"
TRACE [neovide::settings] Initial value load failed for floating_corner_radius: Error processing request: 1 - 'Key not found: neovide_floating_corner_radius')
TRACE [neovide::bridge::handler] Neovim notification: "setting_changed"
TRACE [neovide::settings] Initial value load failed for remember_window_position: Error processing request: 1 - 'Key not found: neovide_remember_window_position')
TRACE [neovide::bridge::handler] Neovim notification: "setting_changed"
TRACE [neovide::settings] Initial value load failed for floating_blur_amount_x: Error processing request: 1 - 'Key not found: neovide_floating_blur_amount_x')
TRACE [neovide::bridge::handler] Neovim notification: "setting_changed"
TRACE [neovide::settings] Initial value load failed for refresh_rate: Error processing request: 1 - 'Key not found: neovide_refresh_rate')
TRACE [neovide::bridge::handler] Neovim notification: "setting_changed"
TRACE [neovide::settings] Initial value load failed for padding_left: Error processing request: 1 - 'Key not found: neovide_padding_left')
TRACE [neovide::bridge::handler] Neovim notification: "setting_changed"
TRACE [neovide::settings] Initial value load failed for padding_bottom: Error processing request: 1 - 'Key not found: neovide_padding_bottom')
TRACE [neovide::bridge::handler] Neovim notification: "setting_changed"
TRACE [neovide::settings] Initial value load failed for cursor_vfx_opacity: Error processing request: 1 - 'Key not found: neovide_cursor_vfx_opacity')
TRACE [neovide::bridge::handler] Neovim notification: "setting_changed"
TRACE [neovide::settings] Initial value load failed for cursor_trail_size: Error processing request: 1 - 'Key not found: neovide_cursor_trail_size')
TRACE [neovide::bridge::handler] Neovim notification: "setting_changed"
TRACE [neovide::settings] Initial value load failed for cursor_vfx_particle_phase: Error processing request: 1 - 'Key not found: neovide_cursor_vfx_particle_phase')
TRACE [neovide::bridge::handler] Neovim notification: "setting_changed"
TRACE [neovide::settings] Initial value load failed for touch_deadzone: Error processing request: 1 - 'Key not found: neovide_touch_deadzone')
TRACE [neovide::bridge::handler] Neovim notification: "setting_changed"
TRACE [neovide::settings] Initial value load failed for hide_mouse_when_typing: Error processing request: 1 - 'Key not found: neovide_hide_mouse_when_typing')
TRACE [neovide::bridge::handler] Neovim notification: "setting_changed"
TRACE [neovide::settings] Initial value load failed for position_animation_length: Error processing request: 1 - 'Key not found: neovide_position_animation_length')
TRACE [neovide::bridge::handler] Neovim notification: "setting_changed"
TRACE [neovide::settings] Initial value load failed for window_blurred: Error processing request: 1 - 'Key not found: neovide_window_blurred')
TRACE [neovide::bridge::handler] Neovim notification: "setting_changed"
TRACE [neovide::settings] Initial value load failed for profiler: Error processing request: 1 - 'Key not found: neovide_profiler')
TRACE [neovide::bridge::handler] Neovim notification: "setting_changed"
TRACE [neovide::settings] Initial value load failed for light_radius: Error processing request: 1 - 'Key not found: neovide_light_radius')
TRACE [neovide::bridge::handler] Neovim notification: "setting_changed"
TRACE [neovide::settings] Initial value load failed for normal_opacity: Error processing request: 1 - 'Key not found: neovide_normal_opacity')
TRACE [neovide::bridge::handler] Neovim notification: "setting_changed"
TRACE [neovide::settings] Initial value load failed for floating_blur: Error processing request: 1 - 'Key not found: neovide_floating_blur')
TRACE [neovide::bridge::handler] Neovim notification: "setting_changed"
TRACE [neovide::settings] Initial value load failed for text_gamma: Error processing request: 1 - 'Key not found: neovide_text_gamma')
TRACE [neovide::bridge::handler] Neovim notification: "setting_changed"
TRACE [neovide::settings] Initial value load failed for experimental_layer_grouping: Error processing request: 1 - 'Key not found: neovide_experimental_layer_grouping')
TRACE [neovide::bridge::handler] Neovim notification: "setting_changed"
TRACE [neovide::settings] Initial value load failed for cursor_vfx_particle_highlight_lifetime: Error processing request: 1 - 'Key not found: neovide_cursor_vfx_particle_highlight_lifetime')
TRACE [neovide::bridge::handler] Neovim notification: "setting_changed"
TRACE [neovide::settings] Initial value load failed for padding_top: Error processing request: 1 - 'Key not found: neovide_padding_top')
TRACE [neovide::bridge::handler] Neovim notification: "setting_changed"
TRACE [neovide::settings] Initial value load failed for cursor_hack: Error processing request: 1 - 'Key not found: neovide_cursor_hack')
TRACE [neovide::bridge::handler] Neovim notification: "setting_changed"
TRACE [neovide::settings] Initial value load failed for cursor_smooth_blink: Error processing request: 1 - 'Key not found: neovide_cursor_smooth_blink')
TRACE [neovide::bridge::handler] Neovim notification: "setting_changed"
TRACE [neovide::settings] Initial value load failed for floating_blur_amount_y: Error processing request: 1 - 'Key not found: neovide_floating_blur_amount_y')
TRACE [neovide::bridge::handler] Neovim notification: "setting_changed"
TRACE [neovide::settings] Initial value load failed for cursor_short_animation_length: Error processing request: 1 - 'Key not found: neovide_cursor_short_animation_length')
TRACE [neovide::bridge::handler] Neovim notification: "setting_changed"
TRACE [neovide::settings] Initial value load failed for cursor_unfocused_outline_width: Error processing request: 1 - 'Key not found: neovide_cursor_unfocused_outline_width')
TRACE [neovide::bridge::handler] Neovim notification: "setting_changed"
TRACE [neovide::settings] Initial value load failed for cursor_vfx_particle_speed: Error processing request: 1 - 'Key not found: neovide_cursor_vfx_particle_speed')
TRACE [neovide::bridge::handler] Neovim notification: "setting_changed"
TRACE [neovide::settings] Initial value load failed for confirm_quit: Error processing request: 1 - 'Key not found: neovide_confirm_quit')
TRACE [neovide::bridge::handler] Neovim notification: "setting_changed"
TRACE [neovide::bridge::handler] Neovim notification: "redraw"
TRACE [neovide::channel_utils] neovim_handler OptionSet { gui_option: AmbiWidth("single") }
TRACE [neovide::channel_utils] neovim_handler OptionSet { gui_option: ArabicShape(true) }
TRACE [neovide::channel_utils] neovim_handler OptionSet { gui_option: Emoji(true) }
TRACE [neovide::channel_utils] neovim_handler OptionSet { gui_option: GuiFont("Cascadia Code,Cascadia Mono,Consolas,Courier New,monospace") }
TRACE [neovide::channel_utils] neovim_handler OptionSet { gui_option: GuiFontWide("") }
TRACE [neovide::editor] Option set AmbiWidth("single")
TRACE [neovide::channel_utils] neovim_handler OptionSet { gui_option: LineSpace(0.0) }
TRACE [neovide::editor] Option set ArabicShape(true)
TRACE [neovide::channel_utils] neovim_handler OptionSet { gui_option: Unknown("mousefocus", Boolean(false)) }
TRACE [neovide::editor] Option set Emoji(true)
TRACE [neovide::channel_utils] neovim_handler OptionSet { gui_option: Unknown("mousehide", Boolean(true)) }
TRACE [neovide::editor] Option set GuiFont("Cascadia Code,Cascadia Mono,Consolas,Courier New,monospace")
TRACE [neovide::channel_utils] neovim_handler OptionSet { gui_option: Unknown("mousemoveevent", Boolean(false)) }
TRACE [neovide::editor] Option set GuiFontWide("")
TRACE [neovide::channel_utils] neovim_handler OptionSet { gui_option: Pumblend(0) }
TRACE [neovide::editor] Option set LineSpace(0.0)
TRACE [neovide::channel_utils] neovim_handler OptionSet { gui_option: ShowTabLine(1) }
TRACE [neovide::editor] Option set Unknown("mousefocus", Boolean(false))
TRACE [neovide::channel_utils] neovim_handler OptionSet { gui_option: TermGuiColors(true) }
TRACE [neovide::editor] Option set Unknown("mousehide", Boolean(true))
TRACE [neovide::channel_utils] neovim_handler OptionSet { gui_option: Unknown("termsync", Boolean(true)) }
TRACE [neovide::editor] Option set Unknown("mousemoveevent", Boolean(false))
TRACE [neovide::channel_utils] neovim_handler OptionSet { gui_option: Unknown("ttimeout", Boolean(true)) }
TRACE [neovide::editor] Option set Pumblend(0)
TRACE [neovide::editor] Option set ShowTabLine(1)
TRACE [neovide::channel_utils] neovim_handler OptionSet { gui_option: Unknown("ttimeoutlen", Integer(PosInt(50))) }
TRACE [neovide::editor] Option set TermGuiColors(true)
TRACE [neovide::channel_utils] neovim_handler OptionSet { gui_option: Unknown("verbose", Integer(PosInt(0))) }
TRACE [neovide::editor] Option set Unknown("termsync", Boolean(true))
TRACE [neovide::channel_utils] neovim_handler SetTitle { title: "" }
TRACE [neovide::editor] Option set Unknown("ttimeout", Boolean(true))
TRACE [neovide::channel_utils] neovim_handler OptionSet { gui_option: Unknown("ext_linegrid", Boolean(true)) }
TRACE [neovide::editor] Option set Unknown("ttimeoutlen", Integer(PosInt(50)))
TRACE [neovide::channel_utils] neovim_handler OptionSet { gui_option: Unknown("ext_multigrid", Boolean(true)) }
TRACE [neovide::editor] Option set Unknown("verbose", Integer(PosInt(0)))
TRACE [neovide::channel_utils] neovim_handler OptionSet { gui_option: Unknown("ext_hlstate", Boolean(false)) }
TRACE [neovide::channel_utils] neovim_handler OptionSet { gui_option: Unknown("ext_termcolors", Boolean(false)) }
TRACE [neovide::editor] Option set Unknown("ext_linegrid", Boolean(true))
DEBUG [neovide::bridge::events] Ignored style attribute: "nocombine"
TRACE [neovide::editor] Option set Unknown("ext_multigrid", Boolean(true))
DEBUG [neovide::bridge::events] Ignored style attribute: "nocombine"
TRACE [neovide::editor] Option set Unknown("ext_hlstate", Boolean(false))
DEBUG [neovide::bridge::events] Ignored style attribute: "nocombine"
TRACE [neovide::editor] Option set Unknown("ext_termcolors", Boolean(false))
DEBUG [neovide::bridge::events] Ignored style attribute: "nocombine"
TRACE [neovide::channel_utils] neovim_handler HighlightAttributesDefine { id: 1, style: Style { colors: Colors { foreground: None, background: None, special: None }, reverse: false, italic: false, bold: false, strikethrough: false, blend: 0, underline: None } }
TRACE [neovide::channel_utils] neovim_handler HighlightAttributesDefine { id: 2, style: Style { colors: Colors { foreground: None, background: None, special: None }, reverse: false, italic: false, bold: true, strikethrough: false, blend: 0, underline: None } }
TRACE [neovide::channel_utils] neovim_handler HighlightAttributesDefine { id: 3, style: Style { colors: Colors { foreground: None, background: None, special: None }, reverse: true, italic: false, bold: false, strikethrough: false, blend: 0, underline: None } }
TRACE [neovide::channel_utils] neovim_handler HighlightAttributesDefine { id: 4, style: Style { colors: Colors { foreground: None, background: None, special: None }, reverse: true, italic: false, bold: false, strikethrough: false, blend: 0, underline: None } }
TRACE [neovide::channel_utils] neovim_handler HighlightAttributesDefine { id: 5, style: Style { colors: Colors { foreground: None, background: None, special: None }, reverse: false, italic: false, bold: true, strikethrough: false, blend: 0, underline: None } }
TRACE [neovide::channel_utils] neovim_handler HighlightAttributesDefine { id: 6, style: Style { colors: Colors { foreground: None, background: None, special: None }, reverse: false, italic: false, bold: false, strikethrough: false, blend: 0, underline: Some(Underline) } }
TRACE [neovide::channel_utils] neovim_handler HighlightAttributesDefine { id: 7, style: Style { colors: Colors { foreground: None, background: None, special: None }, reverse: false, italic: true, bold: false, strikethrough: false, blend: 0, underline: None } }
TRACE [neovide::channel_utils] neovim_handler HighlightAttributesDefine { id: 8, style: Style { colors: Colors { foreground: None, background: None, special: None }, reverse: false, italic: false, bold: false, strikethrough: true, blend: 0, underline: None } }
TRACE [neovide::channel_utils] neovim_handler HighlightAttributesDefine { id: 9, style: Style { colors: Colors { foreground: None, background: None, special: None }, reverse: false, italic: false, bold: false, strikethrough: false, blend: 0, underline: Some(UnderDouble) } }
TRACE [neovide::channel_utils] neovim_handler HighlightAttributesDefine { id: 10, style: Style { colors: Colors { foreground: None, background: None, special: None }, reverse: false, italic: false, bold: false, strikethrough: false, blend: 0, underline: Some(Underline) } }
TRACE [neovide::channel_utils] neovim_handler HighlightAttributesDefine { id: 11, style: Style { colors: Colors { foreground: Some(Color4f { r: 0.078431375, g: 0.08627451, b: 0.105882354, a: 1.0 }), background: Some(Color4f { r: 0.8784314, g: 0.8862745, b: 0.91764706, a: 1.0 }), special: None }, reverse: false, italic: false, bold: false, strikethrough: false, blend: 0, underline: None } }
TRACE [neovide::channel_utils] neovim_handler HighlightAttributesDefine { id: 12, style: Style { colors: Colors { foreground: Some(Color4f { r: 0.8784314, g: 0.8862745, b: 0.91764706, a: 1.0 }), background: Some(Color4f { r: 0.078431375, g: 0.08627451, b: 0.105882354, a: 1.0 }), special: None }, reverse: false, italic: false, bold: false, strikethrough: false, blend: 0, underline: None } }
TRACE [neovide::channel_utils] neovim_handler HighlightAttributesDefine { id: 13, style: Style { colors: Colors { foreground: Some(Color4f { r: 0.078431375, g: 0.08627451, b: 0.105882354, a: 1.0 }), background: Some(Color4f { r: 0.078431375, g: 0.08627451, b: 0.105882354, a: 1.0 }), special: Some(Color4f { r: 0.8784314, g: 0.8862745, b: 0.91764706, a: 1.0 }) }, reverse: false, italic: false, bold: false, strikethrough: false, blend: 0, underline: Some(UnderDouble) } }
TRACE [neovide::channel_utils] neovim_handler HighlightAttributesDefine { id: 14, style: Style { colors: Colors { foreground: Some(Color4f { r: 0.078431375, g: 0.08627451, b: 0.105882354, a: 1.0 }), background: Some(Color4f { r: 0.078431375, g: 0.08627451, b: 0.105882354, a: 1.0 }), special: Some(Color4f { r: 0.8784314, g: 0.8862745, b: 0.91764706, a: 1.0 }) }, reverse: false, italic: false, bold: false, strikethrough: false, blend: 0, underline: Some(Underline) } }
TRACE [neovide::channel_utils] neovim_handler HighlightAttributesDefine { id: 15, style: Style { colors: Colors { foreground: Some(Color4f { r: 0.7019608, g: 0.9647059, b: 0.7529412, a: 1.0 }), background: None, special: None }, reverse: false, italic: false, bold: false, strikethrough: false, blend: 0, underline: None } }
TRACE [neovide::channel_utils] neovim_handler HighlightAttributesDefine { id: 16, style: Style { colors: Colors { foreground: Some(Color4f { r: 0.54901963, g: 0.972549, b: 0.96862745, a: 1.0 }), background: None, special: None }, reverse: false, italic: false, bold: false, strikethrough: false, blend: 0, underline: None } }
TRACE [neovide::channel_utils] neovim_handler HighlightAttributesDefine { id: 17, style: Style { colors: Colors { foreground: None, background: Some(Color4f { r: 0.30980393, g: 0.32156864, b: 0.34509805, a: 1.0 }), special: None }, reverse: false, italic: false, bold: false, strikethrough: false, blend: 0, underline: None } }
TRACE [neovide::channel_utils] neovim_handler HighlightAttributesDefine { id: 18, style: Style { colors: Colors { foreground: Some(Color4f { r: 0.30980393, g: 0.32156864, b: 0.34509805, a: 1.0 }), background: None, special: None }, reverse: false, italic: false, bold: false, strikethrough: false, blend: 0, underline: None } }
TRACE [neovide::channel_utils] neovim_handler HighlightAttributesDefine { id: 19, style: Style { colors: Colors { foreground: Some(Color4f { r: 0.02745098, g: 0.03137255, b: 0.050980393, a: 1.0 }), background: Some(Color4f { r: 0.9882353, g: 0.8784314, b: 0.5803922, a: 1.0 }), special: None }, reverse: false, italic: false, bold: false, strikethrough: false, blend: 0, underline: None } }
TRACE [neovide::channel_utils] neovim_handler HighlightAttributesDefine { id: 20, style: Style { colors: Colors { foreground: None, background: Some(Color4f { r: 0.17254902, g: 0.18039216, b: 0.2, a: 1.0 }), special: None }, reverse: false, italic: false, bold: false, strikethrough: false, blend: 0, underline: None } }
TRACE [neovide::channel_utils] neovim_handler HighlightAttributesDefine { id: 21, style: Style { colors: Colors { foreground: Some(Color4f { r: 0.93333334, g: 0.94509804, b: 0.972549, a: 1.0 }), background: Some(Color4f { r: 0.0, g: 0.33333334, b: 0.13725491, a: 1.0 }), special: None }, reverse: false, italic: false, bold: false, strikethrough: false, blend: 0, underline: None } }
TRACE [neovide::channel_utils] neovim_handler HighlightAttributesDefine { id: 22, style: Style { colors: Colors { foreground: Some(Color4f { r: 0.93333334, g: 0.94509804, b: 0.972549, a: 1.0 }), background: Some(Color4f { r: 0.30980393, g: 0.32156864, b: 0.34509805, a: 1.0 }), special: None }, reverse: false, italic: false, bold: false, strikethrough: false, blend: 0, underline: None } }
TRACE [neovide::channel_utils] neovim_handler HighlightAttributesDefine { id: 23, style: Style { colors: Colors { foreground: Some(Color4f { r: 1.0, g: 0.7529412, b: 0.7254902, a: 1.0 }), background: None, special: None }, reverse: false, italic: false, bold: true, strikethrough: false, blend: 0, underline: None } }
TRACE [neovide::channel_utils] neovim_handler HighlightAttributesDefine { id: 24, style: Style { colors: Colors { foreground: Some(Color4f { r: 0.93333334, g: 0.94509804, b: 0.972549, a: 1.0 }), background: Some(Color4f { r: 0.0, g: 0.4509804, b: 0.4509804, a: 1.0 }), special: None }, reverse: false, italic: false, bold: false, strikethrough: false, blend: 0, underline: None } }
TRACE [neovide::channel_utils] neovim_handler HighlightAttributesDefine { id: 25, style: Style { colors: Colors { foreground: Some(Color4f { r: 1.0, g: 0.7529412, b: 0.7254902, a: 1.0 }), background: None, special: None }, reverse: false, italic: false, bold: false, strikethrough: false, blend: 0, underline: None } }
TRACE [neovide::channel_utils] neovim_handler HighlightAttributesDefine { id: 26, style: Style { colors: Colors { foreground: None, background: Some(Color4f { r: 0.30980393, g: 0.32156864, b: 0.34509805, a: 1.0 }), special: None }, reverse: false, italic: false, bold: false, strikethrough: false, blend: 80, underline: None } }
TRACE [neovide::channel_utils] neovim_handler HighlightAttributesDefine { id: 27, style: Style { colors: Colors { foreground: None, background: Some(Color4f { r: 0.30980393, g: 0.32156864, b: 0.34509805, a: 1.0 }), special: None }, reverse: false, italic: false, bold: false, strikethrough: false, blend: 100, underline: None } }
TRACE [neovide::channel_utils] neovim_handler HighlightAttributesDefine { id: 28, style: Style { colors: Colors { foreground: Some(Color4f { r: 0.60784316, g: 0.61960787, b: 0.6431373, a: 1.0 }), background: Some(Color4f { r: 0.02745098, g: 0.03137255, b: 0.050980393, a: 1.0 }), special: None }, reverse: false, italic: false, bold: false, strikethrough: false, blend: 0, underline: None } }
TRACE [neovide::channel_utils] neovim_handler HighlightAttributesDefine { id: 29, style: Style { colors: Colors { foreground: None, background: Some(Color4f { r: 0.30980393, g: 0.32156864, b: 0.34509805, a: 1.0 }), special: None }, reverse: false, italic: false, bold: true, strikethrough: false, blend: 0, underline: None } }
TRACE [neovide::channel_utils] neovim_handler HighlightAttributesDefine { id: 30, style: Style { colors: Colors { foreground: None, background: Some(Color4f { r: 0.02745098, g: 0.03137255, b: 0.050980393, a: 1.0 }), special: None }, reverse: false, italic: false, bold: false, strikethrough: false, blend: 0, underline: None } }
TRACE [neovide::channel_utils] neovim_handler HighlightAttributesDefine { id: 31, style: Style { colors: Colors { foreground: None, background: Some(Color4f { r: 0.17254902, g: 0.18039216, b: 0.2, a: 1.0 }), special: None }, reverse: false, italic: false, bold: false, strikethrough: false, blend: 0, underline: None } }
TRACE [neovide::channel_utils] neovim_handler HighlightAttributesDefine { id: 32, style: Style { colors: Colors { foreground: None, background: Some(Color4f { r: 0.30980393, g: 0.32156864, b: 0.34509805, a: 1.0 }), special: None }, reverse: false, italic: false, bold: false, strikethrough: false, blend: 0, underline: None } }
TRACE [neovide::channel_utils] neovim_handler HighlightAttributesDefine { id: 33, style: Style { colors: Colors { foreground: None, background: Some(Color4f { r: 0.41960785, g: 0.3254902, b: 0.0, a: 1.0 }), special: None }, reverse: false, italic: false, bold: false, strikethrough: false, blend: 0, underline: None } }
TRACE [neovide::channel_utils] neovim_handler HighlightAttributesDefine { id: 34, style: Style { colors: Colors { foreground: None, background: Some(Color4f { r: 0.0, g: 0.33333334, b: 0.13725491, a: 1.0 }), special: None }, reverse: false, italic: false, bold: false, strikethrough: false, blend: 0, underline: None } }
TRACE [neovide::channel_utils] neovim_handler HighlightAttributesDefine { id: 35, style: Style { colors: Colors { foreground: None, background: Some(Color4f { r: 0.34901962, g: 0.0, b: 0.03137255, a: 1.0 }), special: None }, reverse: false, italic: false, bold: false, strikethrough: false, blend: 0, underline: None } }
TRACE [neovide::channel_utils] neovim_handler HighlightAttributesDefine { id: 36, style: Style { colors: Colors { foreground: Some(Color4f { r: 0.93333334, g: 0.94509804, b: 0.972549, a: 1.0 }), background: Some(Color4f { r: 0.41960785, g: 0.3254902, b: 0.0, a: 1.0 }), special: None }, reverse: false, italic: false, bold: false, strikethrough: false, blend: 0, underline: None } }
TRACE [neovide::channel_utils] neovim_handler HighlightAttributesDefine { id: 37, style: Style { colors: Colors { foreground: None, background: None, special: Some(Color4f { r: 1.0, g: 0.7529412, b: 0.7254902, a: 1.0 }) }, reverse: false, italic: false, bold: false, strikethrough: false, blend: 0, underline: Some(UnderCurl) } }
TRACE [neovide::channel_utils] neovim_handler HighlightAttributesDefine { id: 38, style: Style { colors: Colors { foreground: None, background: None, special: Some(Color4f { r: 0.9882353, g: 0.8784314, b: 0.5803922, a: 1.0 }) }, reverse: false, italic: false, bold: false, strikethrough: false, blend: 0, underline: Some(UnderCurl) } }
TRACE [neovide::channel_utils] neovim_handler HighlightAttributesDefine { id: 39, style: Style { colors: Colors { foreground: None, background: None, special: Some(Color4f { r: 0.7019608, g: 0.9647059, b: 0.7529412, a: 1.0 }) }, reverse: false, italic: false, bold: false, strikethrough: false, blend: 0, underline: Some(UnderCurl) } }
TRACE [neovide::channel_utils] neovim_handler HighlightAttributesDefine { id: 40, style: Style { colors: Colors { foreground: None, background: None, special: Some(Color4f { r: 0.54901963, g: 0.972549, b: 0.96862745, a: 1.0 }) }, reverse: false, italic: false, bold: false, strikethrough: false, blend: 0, underline: Some(UnderCurl) } }
TRACE [neovide::channel_utils] neovim_handler HighlightAttributesDefine { id: 41, style: Style { colors: Colors { foreground: Some(Color4f { r: 0.8784314, g: 0.8862745, b: 0.91764706, a: 1.0 }), background: Some(Color4f { r: 0.30980393, g: 0.32156864, b: 0.34509805, a: 1.0 }), special: None }, reverse: false, italic: false, bold: false, strikethrough: false, blend: 0, underline: None } }
TRACE [neovide::channel_utils] neovim_handler HighlightAttributesDefine { id: 42, style: Style { colors: Colors { foreground: Some(Color4f { r: 0.76862746, g: 0.7764706, b: 0.8039216, a: 1.0 }), background: Some(Color4f { r: 0.17254902, g: 0.18039216, b: 0.2, a: 1.0 }), special: None }, reverse: false, italic: false, bold: false, strikethrough: false, blend: 0, underline: None } }
TRACE [neovide::channel_utils] neovim_handler HighlightAttributesDefine { id: 43, style: Style { colors: Colors { foreground: Some(Color4f { r: 0.8784314, g: 0.8862745, b: 0.91764706, a: 1.0 }), background: None, special: None }, reverse: false, italic: false, bold: true, strikethrough: false, blend: 0, underline: None } }
TRACE [neovide::channel_utils] neovim_handler HighlightAttributesDefine { id: 44, style: Style { colors: Colors { foreground: None, background: Some(Color4f { r: 0.30980393, g: 0.32156864, b: 0.34509805, a: 1.0 }), special: None }, reverse: false, italic: false, bold: false, strikethrough: false, blend: 0, underline: None } }
TRACE [neovide::channel_utils] neovim_handler HighlightAttributesDefine { id: 45, style: Style { colors: Colors { foreground: Some(Color4f { r: 0.9882353, g: 0.8784314, b: 0.5803922, a: 1.0 }), background: None, special: None }, reverse: false, italic: false, bold: false, strikethrough: false, blend: 0, underline: None } }
TRACE [neovide::channel_utils] neovim_handler HighlightAttributesDefine { id: 46, style: Style { colors: Colors { foreground: Some(Color4f { r: 0.60784316, g: 0.61960787, b: 0.6431373, a: 1.0 }), background: Some(Color4f { r: 0.02745098, g: 0.03137255, b: 0.050980393, a: 1.0 }), special: None }, reverse: false, italic: false, bold: true, strikethrough: false, blend: 0, underline: None } }
TRACE [neovide::channel_utils] neovim_handler HighlightAttributesDefine { id: 47, style: Style { colors: Colors { foreground: Some(Color4f { r: 0.60784316, g: 0.61960787, b: 0.6431373, a: 1.0 }), background: Some(Color4f { r: 0.02745098, g: 0.03137255, b: 0.050980393, a: 1.0 }), special: None }, reverse: false, italic: false, bold: false, strikethrough: false, blend: 0, underline: None } }
TRACE [neovide::channel_utils] neovim_handler HighlightAttributesDefine { id: 48, style: Style { colors: Colors { foreground: Some(Color4f { r: 0.8784314, g: 0.8862745, b: 0.91764706, a: 1.0 }), background: None, special: None }, reverse: false, italic: false, bold: false, strikethrough: false, blend: 0, underline: None } }
TRACE [neovide::channel_utils] neovim_handler HighlightAttributesDefine { id: 49, style: Style { colors: Colors { foreground: Some(Color4f { r: 0.60784316, g: 0.61960787, b: 0.6431373, a: 1.0 }), background: None, special: None }, reverse: false, italic: false, bold: false, strikethrough: false, blend: 0, underline: None } }
TRACE [neovide::channel_utils] neovim_handler HighlightAttributesDefine { id: 50, style: Style { colors: Colors { foreground: Some(Color4f { r: 0.6509804, g: 0.85882354, b: 1.0, a: 1.0 }), background: None, special: None }, reverse: false, italic: false, bold: false, strikethrough: false, blend: 0, underline: None } }
TRACE [neovide::channel_utils] neovim_handler HighlightAttributesDefine { id: 51, style: Style { colors: Colors { foreground: Some(Color4f { r: 0.93333334, g: 0.94509804, b: 0.972549, a: 1.0 }), background: Some(Color4f { r: 0.34901962, g: 0.0, b: 0.03137255, a: 1.0 }), special: None }, reverse: false, italic: false, bold: false, strikethrough: false, blend: 0, underline: None } }
TRACE [neovide::channel_utils] neovim_handler HighlightAttributesDefine { id: 52, style: Style { colors: Colors { foreground: None, background: None, special: Some(Color4f { r: 1.0, g: 0.7529412, b: 0.7254902, a: 1.0 }) }, reverse: false, italic: false, bold: false, strikethrough: false, blend: 0, underline: Some(Underline) } }
TRACE [neovide::channel_utils] neovim_handler HighlightAttributesDefine { id: 53, style: Style { colors: Colors { foreground: None, background: None, special: Some(Color4f { r: 0.9882353, g: 0.8784314, b: 0.5803922, a: 1.0 }) }, reverse: false, italic: false, bold: false, strikethrough: false, blend: 0, underline: Some(Underline) } }
TRACE [neovide::channel_utils] neovim_handler HighlightAttributesDefine { id: 54, style: Style { colors: Colors { foreground: None, background: None, special: Some(Color4f { r: 0.54901963, g: 0.972549, b: 0.96862745, a: 1.0 }) }, reverse: false, italic: false, bold: false, strikethrough: false, blend: 0, underline: Some(Underline) } }
TRACE [neovide::channel_utils] neovim_handler HighlightAttributesDefine { id: 55, style: Style { colors: Colors { foreground: None, background: None, special: Some(Color4f { r: 0.6509804, g: 0.85882354, b: 1.0, a: 1.0 }) }, reverse: false, italic: false, bold: false, strikethrough: false, blend: 0, underline: Some(Underline) } }
TRACE [neovide::channel_utils] neovim_handler HighlightAttributesDefine { id: 56, style: Style { colors: Colors { foreground: None, background: None, special: Some(Color4f { r: 0.7019608, g: 0.9647059, b: 0.7529412, a: 1.0 }) }, reverse: false, italic: false, bold: false, strikethrough: false, blend: 0, underline: Some(Underline) } }
TRACE [neovide::channel_utils] neovim_handler HighlightAttributesDefine { id: 57, style: Style { colors: Colors { foreground: None, background: None, special: Some(Color4f { r: 1.0, g: 0.7529412, b: 0.7254902, a: 1.0 }) }, reverse: false, italic: false, bold: false, strikethrough: true, blend: 0, underline: None } }
TRACE [neovide::channel_utils] neovim_handler HighlightAttributesDefine { id: 58, style: Style { colors: Colors { foreground: Some(Color4f { r: 1.0, g: 0.0, b: 0.0, a: 1.0 }), background: Some(Color4f { r: 1.0, g: 0.0, b: 0.0, a: 1.0 }), special: None }, reverse: false, italic: false, bold: false, strikethrough: false, blend: 0, underline: None } }
TRACE [neovide::channel_utils] neovim_handler OptionSet { gui_option: Unknown("ext_cmdline", Boolean(false)) }
TRACE [neovide::channel_utils] neovim_handler OptionSet { gui_option: Unknown("ext_popupmenu", Boolean(false)) }
TRACE [neovide::channel_utils] neovim_handler OptionSet { gui_option: Unknown("ext_tabline", Boolean(false)) }
TRACE [neovide::editor] Option set Unknown("ext_cmdline", Boolean(false))
TRACE [neovide::channel_utils] neovim_handler OptionSet { gui_option: Unknown("ext_wildmenu", Boolean(false)) }
TRACE [neovide::editor] Option set Unknown("ext_popupmenu", Boolean(false))
TRACE [neovide::editor] Option set Unknown("ext_tabline", Boolean(false))
TRACE [neovide::editor] Option set Unknown("ext_wildmenu", Boolean(false))
INFO [neovide::bridge] Neovim process attached
TRACE [neovide::renderer::fonts::font_loader] Loading font FontKey { font_desc: None, hinting: Full, edging: AntiAlias }
TRACE [neovide::bridge::handler] Neovim notification: "redraw"
TRACE [neovide::channel_utils] neovim_handler OptionSet { gui_option: Unknown("ext_messages", Boolean(false)) }
TRACE [neovide::channel_utils] neovim_handler Resize { grid: 1, width: 65, height: 48 }
TRACE [neovide::channel_utils] neovim_handler WindowViewportMargins { grid: 2, top: 0, bottom: 0, left: 0, right: 0 }
TRACE [neovide::channel_utils] neovim_handler WindowViewportMargins { grid: 2, top: 0, bottom: 0, left: 0, right: 0 }
TRACE [neovide::channel_utils] neovim_handler Clear { grid: 1 }
TRACE [neovide::editor] Option set Unknown("ext_messages", Boolean(false))
TRACE [neovide::channel_utils] neovim_handler MessageSetPosition { grid: 0, row: 47, scrolled: false, separator_character: " ", z_index: Some(0), comp_index: Some(0) }
TRACE [neovide::channel_utils] neovim_handler OptionSet { gui_option: TermGuiColors(true) }
DEBUG [neovide::bridge::events] Ignored style attribute: "nocombine"
DEBUG [neovide::bridge::events] Ignored style attribute: "nocombine"
DEBUG [neovide::bridge::events] Ignored style attribute: "nocombine"
TRACE [neovide::channel_utils] neovim_handler HighlightAttributesDefine { id: 59, style: Style { colors: Colors { foreground: Some(Color4f { r: 0.15686275, g: 0.15686275, b: 0.15686275, a: 1.0 }), background: Some(Color4f { r: 0.9843137, g: 0.28627452, b: 0.20392157, a: 1.0 }), special: None }, reverse: false, italic: false, bold: true, strikethrough: false, blend: 0, underline: None } }
TRACE [neovide::channel_utils] neovim_handler HighlightAttributesDefine { id: 60, style: Style { colors: Colors { foreground: Some(Color4f { r: 0.7411765, g: 0.68235296, b: 0.5764706, a: 1.0 }), background: None, special: None }, reverse: false, italic: false, bold: true, strikethrough: false, blend: 0, underline: None } }
TRACE [neovide::channel_utils] neovim_handler HighlightAttributesDefine { id: 61, style: Style { colors: Colors { foreground: Some(Color4f { r: 0.9843137, g: 0.94509804, b: 0.78039217, a: 1.0 }), background: Some(Color4f { r: 0.15686275, g: 0.15686275, b: 0.15686275, a: 1.0 }), special: None }, reverse: false, italic: true, bold: false, strikethrough: false, blend: 0, underline: None } }
TRACE [neovide::channel_utils] neovim_handler HighlightAttributesDefine { id: 62, style: Style { colors: Colors { foreground: Some(Color4f { r: 0.9843137, g: 0.94509804, b: 0.78039217, a: 1.0 }), background: Some(Color4f { r: 0.15686275, g: 0.15686275, b: 0.15686275, a: 1.0 }), special: None }, reverse: false, italic: true, bold: false, strikethrough: false, blend: 0, underline: Some(Underline) } }
TRACE [neovide::channel_utils] neovim_handler HighlightAttributesDefine { id: 63, style: Style { colors: Colors { foreground: Some(Color4f { r: 0.9843137, g: 0.94509804, b: 0.78039217, a: 1.0 }), background: Some(Color4f { r: 0.15686275, g: 0.15686275, b: 0.15686275, a: 1.0 }), special: None }, reverse: false, italic: false, bold: false, strikethrough: false, blend: 0, underline: Some(Underline) } }
TRACE [neovide::channel_utils] neovim_handler HighlightAttributesDefine { id: 64, style: Style { colors: Colors { foreground: Some(Color4f { r: 0.9843137, g: 0.94509804, b: 0.78039217, a: 1.0 }), background: Some(Color4f { r: 0.15686275, g: 0.15686275, b: 0.15686275, a: 1.0 }), special: None }, reverse: false, italic: true, bold: true, strikethrough: false, blend: 0, underline: Some(Underline) } }
TRACE [neovide::channel_utils] neovim_handler HighlightAttributesDefine { id: 65, style: Style { colors: Colors { foreground: Some(Color4f { r: 0.9843137, g: 0.94509804, b: 0.78039217, a: 1.0 }), background: Some(Color4f { r: 0.15686275, g: 0.15686275, b: 0.15686275, a: 1.0 }), special: None }, reverse: false, italic: true, bold: true, strikethrough: false, blend: 0, underline: None } }
TRACE [neovide::channel_utils] neovim_handler HighlightAttributesDefine { id: 66, style: Style { colors: Colors { foreground: Some(Color4f { r: 0.9843137, g: 0.94509804, b: 0.78039217, a: 1.0 }), background: Some(Color4f { r: 0.15686275, g: 0.15686275, b: 0.15686275, a: 1.0 }), special: None }, reverse: false, italic: false, bold: true, strikethrough: false, blend: 0, underline: Some(Underline) } }
TRACE [neovide::channel_utils] neovim_handler HighlightAttributesDefine { id: 67, style: Style { colors: Colors { foreground: Some(Color4f { r: 0.9843137, g: 0.94509804, b: 0.78039217, a: 1.0 }), background: Some(Color4f { r: 0.15686275, g: 0.15686275, b: 0.15686275, a: 1.0 }), special: None }, reverse: false, italic: false, bold: true, strikethrough: false, blend: 0, underline: None } }
TRACE [neovide::channel_utils] neovim_handler HighlightAttributesDefine { id: 68, style: Style { colors: Colors { foreground: Some(Color4f { r: 0.65882355, g: 0.6, b: 0.5176471, a: 1.0 }), background: None, special: None }, reverse: false, italic: false, bold: false, strikethrough: false, blend: 0, underline: Some(Underline) } }
TRACE [neovide::channel_utils] neovim_handler HighlightAttributesDefine { id: 69, style: Style { colors: Colors { foreground: Some(Color4f { r: 0.4862745, g: 0.43529412, b: 0.39215687, a: 1.0 }), background: None, special: None }, reverse: false, italic: false, bold: false, strikethrough: false, blend: 0, underline: None } }
TRACE [neovide::channel_utils] neovim_handler HighlightAttributesDefine { id: 70, style: Style { colors: Colors { foreground: None, background: None, special: Some(Color4f { r: 0.827451, g: 0.5254902, b: 0.60784316, a: 1.0 }) }, reverse: false, italic: false, bold: false, strikethrough: false, blend: 0, underline: Some(Underline) } }
TRACE [neovide::channel_utils] neovim_handler HighlightAttributesDefine { id: 71, style: Style { colors: Colors { foreground: None, background: None, special: Some(Color4f { r: 0.5568628, g: 0.7529412, b: 0.4862745, a: 1.0 }) }, reverse: false, italic: false, bold: false, strikethrough: false, blend: 0, underline: Some(Underline) } }
TRACE [neovide::channel_utils] neovim_handler HighlightAttributesDefine { id: 72, style: Style { colors: Colors { foreground: None, background: None, special: Some(Color4f { r: 0.5137255, g: 0.64705884, b: 0.59607846, a: 1.0 }) }, reverse: false, italic: false, bold: false, strikethrough: false, blend: 0, underline: Some(Underline) } }
TRACE [neovide::channel_utils] neovim_handler HighlightAttributesDefine { id: 73, style: Style { colors: Colors { foreground: None, background: None, special: Some(Color4f { r: 0.72156864, g: 0.73333335, b: 0.14901961, a: 1.0 }) }, reverse: false, italic: false, bold: false, strikethrough: false, blend: 0, underline: Some(Underline) } }
TRACE [neovide::channel_utils] neovim_handler HighlightAttributesDefine { id: 74, style: Style { colors: Colors { foreground: None, background: None, special: Some(Color4f { r: 0.98039216, g: 0.7411765, b: 0.18431373, a: 1.0 }) }, reverse: false, italic: false, bold: false, strikethrough: false, blend: 0, underline: Some(Underline) } }
TRACE [neovide::channel_utils] neovim_handler HighlightAttributesDefine { id: 75, style: Style { colors: Colors { foreground: None, background: None, special: Some(Color4f { r: 0.99607843, g: 0.5019608, b: 0.09803922, a: 1.0 }) }, reverse: false, italic: false, bold: false, strikethrough: false, blend: 0, underline: Some(Underline) } }
TRACE [neovide::channel_utils] neovim_handler HighlightAttributesDefine { id: 76, style: Style { colors: Colors { foreground: None, background: None, special: Some(Color4f { r: 0.9843137, g: 0.28627452, b: 0.20392157, a: 1.0 }) }, reverse: false, italic: false, bold: false, strikethrough: false, blend: 0, underline: Some(Underline) } }
TRACE [neovide::channel_utils] neovim_handler HighlightAttributesDefine { id: 77, style: Style { colors: Colors { foreground: Some(Color4f { r: 0.99607843, g: 0.5019608, b: 0.09803922, a: 1.0 }), background: None, special: None }, reverse: false, italic: false, bold: false, strikethrough: false, blend: 0, underline: None } }
TRACE [neovide::channel_utils] neovim_handler HighlightAttributesDefine { id: 78, style: Style { colors: Colors { foreground: Some(Color4f { r: 0.98039216, g: 0.7411765, b: 0.18431373, a: 1.0 }), background: None, special: None }, reverse: false, italic: false, bold: false, strikethrough: false, blend: 0, underline: None } }
TRACE [neovide::channel_utils] neovim_handler HighlightAttributesDefine { id: 79, style: Style { colors: Colors { foreground: Some(Color4f { r: 0.5137255, g: 0.64705884, b: 0.59607846, a: 1.0 }), background: None, special: None }, reverse: false, italic: false, bold: false, strikethrough: false, blend: 0, underline: None } }
TRACE [neovide::channel_utils] neovim_handler HighlightAttributesDefine { id: 80, style: Style { colors: Colors { foreground: Some(Color4f { r: 0.4, g: 0.36078432, b: 0.32941177, a: 1.0 }), background: None, special: None }, reverse: false, italic: false, bold: false, strikethrough: false, blend: 0, underline: None } }
TRACE [neovide::channel_utils] neovim_handler HighlightAttributesDefine { id: 81, style: Style { colors: Colors { foreground: Some(Color4f { r: 0.15686275, g: 0.15686275, b: 0.15686275, a: 1.0 }), background: Some(Color4f { r: 0.65882355, g: 0.6, b: 0.5176471, a: 1.0 }), special: None }, reverse: false, italic: false, bold: false, strikethrough: false, blend: 0, underline: None } }
TRACE [neovide::channel_utils] neovim_handler HighlightAttributesDefine { id: 82, style: Style { colors: Colors { foreground: Some(Color4f { r: 0.65882355, g: 0.6, b: 0.5176471, a: 1.0 }), background: None, special: None }, reverse: false, italic: false, bold: false, strikethrough: false, blend: 0, underline: None } }
TRACE [neovide::channel_utils] neovim_handler HighlightAttributesDefine { id: 83, style: Style { colors: Colors { foreground: Some(Color4f { r: 0.15686275, g: 0.15686275, b: 0.15686275, a: 1.0 }), background: Some(Color4f { r: 0.5137255, g: 0.64705884, b: 0.59607846, a: 1.0 }), special: None }, reverse: false, italic: false, bold: true, strikethrough: false, blend: 0, underline: None } }
TRACE [neovide::channel_utils] neovim_handler HighlightAttributesDefine { id: 84, style: Style { colors: Colors { foreground: Some(Color4f { r: 0.15686275, g: 0.15686275, b: 0.15686275, a: 1.0 }), background: Some(Color4f { r: 0.98039216, g: 0.7411765, b: 0.18431373, a: 1.0 }), special: None }, reverse: false, italic: false, bold: true, strikethrough: false, blend: 0, underline: None } }
TRACE [neovide::channel_utils] neovim_handler HighlightAttributesDefine { id: 85, style: Style { colors: Colors { foreground: Some(Color4f { r: 0.15686275, g: 0.15686275, b: 0.15686275, a: 1.0 }), background: Some(Color4f { r: 0.98039216, g: 0.7411765, b: 0.18431373, a: 1.0 }), special: None }, reverse: false, italic: false, bold: false, strikethrough: false, blend: 0, underline: None } }
TRACE [neovide::channel_utils] neovim_handler HighlightAttributesDefine { id: 86, style: Style { colors: Colors { foreground: Some(Color4f { r: 0.15686275, g: 0.15686275, b: 0.15686275, a: 1.0 }), background: Some(Color4f { r: 0.5137255, g: 0.64705884, b: 0.59607846, a: 1.0 }), special: None }, reverse: false, italic: false, bold: false, strikethrough: false, blend: 0, underline: None } }
TRACE [neovide::channel_utils] neovim_handler HighlightAttributesDefine { id: 87, style: Style { colors: Colors { foreground: Some(Color4f { r: 0.827451, g: 0.5254902, b: 0.60784316, a: 1.0 }), background: None, special: None }, reverse: false, italic: true, bold: false, strikethrough: false, blend: 0, underline: None } }
TRACE [neovide::channel_utils] neovim_handler HighlightAttributesDefine { id: 88, style: Style { colors: Colors { foreground: Some(Color4f { r: 0.15686275, g: 0.15686275, b: 0.15686275, a: 1.0 }), background: None, special: None }, reverse: false, italic: false, bold: false, strikethrough: false, blend: 0, underline: None } }
TRACE [neovide::channel_utils] neovim_handler HighlightAttributesDefine { id: 89, style: Style { colors: Colors { foreground: Some(Color4f { r: 0.5137255, g: 0.64705884, b: 0.59607846, a: 1.0 }), background: None, special: None }, reverse: false, italic: false, bold: true, strikethrough: false, blend: 0, underline: None } }
TRACE [neovide::channel_utils] neovim_handler HighlightAttributesDefine { id: 90, style: Style { colors: Colors { foreground: Some(Color4f { r: 0.72156864, g: 0.73333335, b: 0.14901961, a: 1.0 }), background: None, special: None }, reverse: false, italic: false, bold: true, strikethrough: false, blend: 0, underline: None } }
TRACE [neovide::channel_utils] neovim_handler HighlightAttributesDefine { id: 91, style: Style { colors: Colors { foreground: Some(Color4f { r: 0.8352941, g: 0.76862746, b: 0.6313726, a: 1.0 }), background: None, special: None }, reverse: false, italic: false, bold: false, strikethrough: false, blend: 0, underline: None } }
TRACE [neovide::channel_utils] neovim_handler HighlightAttributesDefine { id: 92, style: Style { colors: Colors { foreground: Some(Color4f { r: 0.5568628, g: 0.7529412, b: 0.4862745, a: 1.0 }), background: None, special: None }, reverse: false, italic: false, bold: true, strikethrough: false, blend: 0, underline: None } }
TRACE [neovide::channel_utils] neovim_handler HighlightAttributesDefine { id: 93, style: Style { colors: Colors { foreground: Some(Color4f { r: 0.7411765, g: 0.68235296, b: 0.5764706, a: 1.0 }), background: None, special: None }, reverse: false, italic: false, bold: false, strikethrough: false, blend: 0, underline: None } }
TRACE [neovide::channel_utils] neovim_handler HighlightAttributesDefine { id: 94, style: Style { colors: Colors { foreground: Some(Color4f { r: 0.827451, g: 0.5254902, b: 0.60784316, a: 1.0 }), background: None, special: None }, reverse: false, italic: false, bold: true, strikethrough: false, blend: 0, underline: None } }
TRACE [neovide::channel_utils] neovim_handler HighlightAttributesDefine { id: 95, style: Style { colors: Colors { foreground: Some(Color4f { r: 0.5568628, g: 0.7529412, b: 0.4862745, a: 1.0 }), background: Some(Color4f { r: 0.23529412, g: 0.21960784, b: 0.21176471, a: 1.0 }), special: None }, reverse: false, italic: false, bold: false, strikethrough: false, blend: 0, underline: None } }
TRACE [neovide::channel_utils] neovim_handler HighlightAttributesDefine { id: 96, style: Style { colors: Colors { foreground: Some(Color4f { r: 0.5137255, g: 0.64705884, b: 0.59607846, a: 1.0 }), background: Some(Color4f { r: 0.23529412, g: 0.21960784, b: 0.21176471, a: 1.0 }), special: None }, reverse: false, italic: false, bold: false, strikethrough: false, blend: 0, underline: None } }
TRACE [neovide::channel_utils] neovim_handler HighlightAttributesDefine { id: 97, style: Style { colors: Colors { foreground: Some(Color4f { r: 0.99607843, g: 0.5019608, b: 0.09803922, a: 1.0 }), background: Some(Color4f { r: 0.23529412, g: 0.21960784, b: 0.21176471, a: 1.0 }), special: None }, reverse: false, italic: false, bold: false, strikethrough: false, blend: 0, underline: None } }
TRACE [neovide::editor] Option set TermGuiColors(true)
TRACE [neovide::channel_utils] neovim_handler HighlightAttributesDefine { id: 98, style: Style { colors: Colors { foreground: Some(Color4f { r: 0.9843137, g: 0.28627452, b: 0.20392157, a: 1.0 }), background: Some(Color4f { r: 0.23529412, g: 0.21960784, b: 0.21176471, a: 1.0 }), special: None }, reverse: false, italic: false, bold: false, strikethrough: false, blend: 0, underline: None } }
TRACE [neovide::channel_utils] neovim_handler HighlightAttributesDefine { id: 99, style: Style { colors: Colors { foreground: Some(Color4f { r: 0.72156864, g: 0.73333335, b: 0.14901961, a: 1.0 }), background: Some(Color4f { r: 0.23529412, g: 0.21960784, b: 0.21176471, a: 1.0 }), special: None }, reverse: false, italic: false, bold: false, strikethrough: false, blend: 0, underline: None } }
TRACE [neovide::channel_utils] neovim_handler HighlightAttributesDefine { id: 100, style: Style { colors: Colors { foreground: Some(Color4f { r: 0.827451, g: 0.5254902, b: 0.60784316, a: 1.0 }), background: Some(Color4f { r: 0.23529412, g: 0.21960784, b: 0.21176471, a: 1.0 }), special: None }, reverse: false, italic: false, bold: false, strikethrough: false, blend: 0, underline: None } }
TRACE [neovide::channel_utils] neovim_handler HighlightAttributesDefine { id: 101, style: Style { colors: Colors { foreground: Some(Color4f { r: 0.23529412, g: 0.21960784, b: 0.21176471, a: 1.0 }), background: None, special: None }, reverse: false, italic: false, bold: false, strikethrough: false, blend: 0, underline: None } }
TRACE [neovide::channel_utils] neovim_handler HighlightAttributesDefine { id: 102, style: Style { colors: Colors { foreground: Some(Color4f { r: 0.3137255, g: 0.28627452, b: 0.27058825, a: 1.0 }), background: None, special: None }, reverse: false, italic: false, bold: false, strikethrough: false, blend: 0, underline: None } }
TRACE [neovide::channel_utils] neovim_handler HighlightAttributesDefine { id: 103, style: Style { colors: Colors { foreground: None, background: Some(Color4f { r: 0.5568628, g: 0.7529412, b: 0.4862745, a: 1.0 }), special: None }, reverse: false, italic: false, bold: false, strikethrough: false, blend: 0, underline: None } }
TRACE [neovide::channel_utils] neovim_handler HighlightAttributesDefine { id: 104, style: Style { colors: Colors { foreground: Some(Color4f { r: 0.8, g: 0.14117648, b: 0.11372549, a: 1.0 }), background: None, special: None }, reverse: false, italic: false, bold: false, strikethrough: false, blend: 0, underline: None } }
TRACE [neovide::channel_utils] neovim_handler HighlightAttributesDefine { id: 105, style: Style { colors: Colors { foreground: Some(Color4f { r: 0.84313726, g: 0.6, b: 0.12941177, a: 1.0 }), background: None, special: None }, reverse: false, italic: false, bold: false, strikethrough: false, blend: 0, underline: None } }
TRACE [neovide::channel_utils] neovim_handler HighlightAttributesDefine { id: 106, style: Style { colors: Colors { foreground: Some(Color4f { r: 0.69411767, g: 0.38431373, b: 0.5254902, a: 1.0 }), background: None, special: None }, reverse: false, italic: false, bold: false, strikethrough: false, blend: 0, underline: None } }
TRACE [neovide::channel_utils] neovim_handler HighlightAttributesDefine { id: 107, style: Style { colors: Colors { foreground: Some(Color4f { r: 0.84313726, g: 0.6, b: 0.12941177, a: 1.0 }), background: None, special: None }, reverse: false, italic: false, bold: true, strikethrough: false, blend: 0, underline: Some(Underline) } }
TRACE [neovide::channel_utils] neovim_handler HighlightAttributesDefine { id: 108, style: Style { colors: Colors { foreground: Some(Color4f { r: 0.59607846, g: 0.5921569, b: 0.101960786, a: 1.0 }), background: None, special: None }, reverse: false, italic: false, bold: true, strikethrough: false, blend: 0, underline: None } }
TRACE [neovide::channel_utils] neovim_handler HighlightAttributesDefine { id: 109, style: Style { colors: Colors { foreground: Some(Color4f { r: 0.27058825, g: 0.52156866, b: 0.53333336, a: 1.0 }), background: None, special: None }, reverse: false, italic: false, bold: true, strikethrough: false, blend: 0, underline: None } }
TRACE [neovide::channel_utils] neovim_handler HighlightAttributesDefine { id: 110, style: Style { colors: Colors { foreground: Some(Color4f { r: 0.69411767, g: 0.38431373, b: 0.5254902, a: 1.0 }), background: None, special: None }, reverse: false, italic: false, bold: true, strikethrough: false, blend: 0, underline: None } }
TRACE [neovide::channel_utils] neovim_handler HighlightAttributesDefine { id: 111, style: Style { colors: Colors { foreground: Some(Color4f { r: 0.40784314, g: 0.6156863, b: 0.41568628, a: 1.0 }), background: None, special: None }, reverse: false, italic: false, bold: false, strikethrough: false, blend: 0, underline: None } }
TRACE [neovide::channel_utils] neovim_handler HighlightAttributesDefine { id: 112, style: Style { colors: Colors { foreground: None, background: None, special: Some(Color4f { r: 0.72156864, g: 0.73333335, b: 0.14901961, a: 1.0 }) }, reverse: false, italic: false, bold: false, strikethrough: false, blend: 0, underline: Some(UnderCurl) } }
TRACE [neovide::channel_utils] neovim_handler HighlightAttributesDefine { id: 113, style: Style { colors: Colors { foreground: None, background: None, special: Some(Color4f { r: 0.98039216, g: 0.7411765, b: 0.18431373, a: 1.0 }) }, reverse: false, italic: false, bold: false, strikethrough: false, blend: 0, underline: Some(UnderCurl) } }
TRACE [neovide::channel_utils] neovim_handler HighlightAttributesDefine { id: 114, style: Style { colors: Colors { foreground: Some(Color4f { r: 0.98039216, g: 0.7411765, b: 0.18431373, a: 1.0 }), background: Some(Color4f { r: 0.23529412, g: 0.21960784, b: 0.21176471, a: 1.0 }), special: None }, reverse: false, italic: false, bold: false, strikethrough: false, blend: 0, underline: None } }
TRACE [neovide::channel_utils] neovim_handler HighlightAttributesDefine { id: 115, style: Style { colors: Colors { foreground: None, background: None, special: Some(Color4f { r: 0.827451, g: 0.5254902, b: 0.60784316, a: 1.0 }) }, reverse: false, italic: false, bold: false, strikethrough: false, blend: 0, underline: Some(UnderCurl) } }
TRACE [neovide::channel_utils] neovim_handler HighlightAttributesDefine { id: 116, style: Style { colors: Colors { foreground: None, background: Some(Color4f { r: 0.4862745, g: 0.43529412, b: 0.39215687, a: 1.0 }), special: None }, reverse: false, italic: false, bold: false, strikethrough: false, blend: 0, underline: None } }
TRACE [neovide::channel_utils] neovim_handler HighlightAttributesDefine { id: 117, style: Style { colors: Colors { foreground: None, background: Some(Color4f { r: 0.3137255, g: 0.28627452, b: 0.27058825, a: 1.0 }), special: None }, reverse: false, italic: false, bold: false, strikethrough: false, blend: 0, underline: None } }
TRACE [neovide::channel_utils] neovim_handler HighlightAttributesDefine { id: 118, style: Style { colors: Colors { foreground: Some(Color4f { r: 0.92156863, g: 0.85882354, b: 0.69803923, a: 1.0 }), background: Some(Color4f { r: 0.3137255, g: 0.28627452, b: 0.27058825, a: 1.0 }), special: None }, reverse: false, italic: false, bold: false, strikethrough: false, blend: 0, underline: None } }
TRACE [neovide::channel_utils] neovim_handler HighlightAttributesDefine { id: 119, style: Style { colors: Colors { foreground: Some(Color4f { r: 0.9843137, g: 0.28627452, b: 0.20392157, a: 1.0 }), background: None, special: None }, reverse: true, italic: false, bold: true, strikethrough: false, blend: 0, underline: None } }
TRACE [neovide::channel_utils] neovim_handler HighlightAttributesDefine { id: 120, style: Style { colors: Colors { foreground: Some(Color4f { r: 0.99607843, g: 0.5019608, b: 0.09803922, a: 1.0 }), background: None, special: None }, reverse: false, italic: true, bold: true, strikethrough: false, blend: 0, underline: None } }
TRACE [neovide::channel_utils] neovim_handler HighlightAttributesDefine { id: 121, style: Style { colors: Colors { foreground: Some(Color4f { r: 0.57254905, g: 0.5137255, b: 0.45490196, a: 1.0 }), background: Some(Color4f { r: 0.23529412, g: 0.21960784, b: 0.21176471, a: 1.0 }), special: None }, reverse: false, italic: false, bold: false, strikethrough: false, blend: 0, underline: None } }
TRACE [neovide::channel_utils] neovim_handler HighlightAttributesDefine { id: 122, style: Style { colors: Colors { foreground: Some(Color4f { r: 0.57254905, g: 0.5137255, b: 0.45490196, a: 1.0 }), background: Some(Color4f { r: 0.23529412, g: 0.21960784, b: 0.21176471, a: 1.0 }), special: None }, reverse: false, italic: true, bold: false, strikethrough: false, blend: 0, underline: None } }
TRACE [neovide::channel_utils] neovim_handler HighlightAttributesDefine { id: 123, style: Style { colors: Colors { foreground: None, background: Some(Color4f { r: 0.23529412, g: 0.21960784, b: 0.21176471, a: 1.0 }), special: None }, reverse: false, italic: false, bold: false, strikethrough: false, blend: 0, underline: None } }
TRACE [neovide::channel_utils] neovim_handler HighlightAttributesDefine { id: 124, style: Style { colors: Colors { foreground: Some(Color4f { r: 0.5137255, g: 0.64705884, b: 0.59607846, a: 1.0 }), background: Some(Color4f { r: 0.3137255, g: 0.28627452, b: 0.27058825, a: 1.0 }), special: None }, reverse: false, italic: false, bold: true, strikethrough: false, blend: 0, underline: None } }
TRACE [neovide::channel_utils] neovim_handler HighlightAttributesDefine { id: 125, style: Style { colors: Colors { foreground: Some(Color4f { r: 0.4, g: 0.36078432, b: 0.32941177, a: 1.0 }), background: Some(Color4f { r: 0.15686275, g: 0.15686275, b: 0.15686275, a: 1.0 }), special: None }, reverse: false, italic: false, bold: false, strikethrough: false, blend: 0, underline: None } }
TRACE [neovide::channel_utils] neovim_handler HighlightAttributesDefine { id: 126, style: Style { colors: Colors { foreground: None, background: Some(Color4f { r: 0.4, g: 0.36078432, b: 0.32941177, a: 1.0 }), special: None }, reverse: false, italic: false, bold: true, strikethrough: false, blend: 0, underline: None } }
TRACE [neovide::channel_utils] neovim_handler HighlightAttributesDefine { id: 127, style: Style { colors: Colors { foreground: Some(Color4f { r: 0.9843137, g: 0.28627452, b: 0.20392157, a: 1.0 }), background: None, special: None }, reverse: false, italic: false, bold: false, strikethrough: false, blend: 0, underline: None } }
TRACE [neovide::channel_utils] neovim_handler HighlightAttributesDefine { id: 128, style: Style { colors: Colors { foreground: Some(Color4f { r: 0.9843137, g: 0.28627452, b: 0.20392157, a: 1.0 }), background: None, special: None }, reverse: false, italic: false, bold: true, strikethrough: false, blend: 0, underline: None } }
TRACE [neovide::channel_utils] neovim_handler HighlightAttributesDefine { id: 129, style: Style { colors: Colors { foreground: Some(Color4f { r: 0.98039216, g: 0.7411765, b: 0.18431373, a: 1.0 }), background: Some(Color4f { r: 0.15686275, g: 0.15686275, b: 0.15686275, a: 1.0 }), special: None }, reverse: true, italic: false, bold: false, strikethrough: false, blend: 0, underline: None } }
TRACE [neovide::channel_utils] neovim_handler HighlightAttributesDefine { id: 130, style: Style { colors: Colors { foreground: Some(Color4f { r: 0.4862745, g: 0.43529412, b: 0.39215687, a: 1.0 }), background: Some(Color4f { r: 0.23529412, g: 0.21960784, b: 0.21176471, a: 1.0 }), special: None }, reverse: false, italic: false, bold: false, strikethrough: false, blend: 0, underline: None } }
TRACE [neovide::channel_utils] neovim_handler HighlightAttributesDefine { id: 131, style: Style { colors: Colors { foreground: Some(Color4f { r: 0.99607843, g: 0.5019608, b: 0.09803922, a: 1.0 }), background: Some(Color4f { r: 0.15686275, g: 0.15686275, b: 0.15686275, a: 1.0 }), special: None }, reverse: true, italic: false, bold: false, strikethrough: false, blend: 0, underline: None } }
TRACE [neovide::channel_utils] neovim_handler HighlightAttributesDefine { id: 132, style: Style { colors: Colors { foreground: Some(Color4f { r: 0.65882355, g: 0.6, b: 0.5176471, a: 1.0 }), background: Some(Color4f { r: 0.23529412, g: 0.21960784, b: 0.21176471, a: 1.0 }), special: None }, reverse: false, italic: false, bold: false, strikethrough: false, blend: 0, underline: None } }
TRACE [neovide::channel_utils] neovim_handler HighlightAttributesDefine { id: 133, style: Style { colors: Colors { foreground: Some(Color4f { r: 0.92156863, g: 0.85882354, b: 0.69803923, a: 1.0 }), background: Some(Color4f { r: 0.15686275, g: 0.15686275, b: 0.15686275, a: 1.0 }), special: None }, reverse: false, italic: false, bold: false, strikethrough: false, blend: 0, underline: None } }
TRACE [neovide::channel_utils] neovim_handler HighlightAttributesDefine { id: 134, style: Style { colors: Colors { foreground: Some(Color4f { r: 0.15686275, g: 0.15686275, b: 0.15686275, a: 1.0 }), background: Some(Color4f { r: 0.15686275, g: 0.15686275, b: 0.15686275, a: 1.0 }), special: Some(Color4f { r: 0.92156863, g: 0.85882354, b: 0.69803923, a: 1.0 }) }, reverse: false, italic: false, bold: false, strikethrough: false, blend: 0, underline: Some(UnderDouble) } }
TRACE [neovide::channel_utils] neovim_handler HighlightAttributesDefine { id: 135, style: Style { colors: Colors { foreground: Some(Color4f { r: 0.15686275, g: 0.15686275, b: 0.15686275, a: 1.0 }), background: Some(Color4f { r: 0.15686275, g: 0.15686275, b: 0.15686275, a: 1.0 }), special: Some(Color4f { r: 0.92156863, g: 0.85882354, b: 0.69803923, a: 1.0 }) }, reverse: false, italic: false, bold: false, strikethrough: false, blend: 0, underline: Some(Underline) } }
INFO [neovide::renderer::fonts::caching_shaper] Reset Font Loader: font_size: 18.67px, font_width: 11.49px
DEBUG [neovide::renderer::fonts::caching_shaper] Updating font options: FontOptions { normal: [FontDescription { family: "JetBrains Mono NL", style: Some("W400") }], italic: Some([SecondaryFontDescription { family: Some("JetBrains Mono NL"), style: Some("Italic") }]), bold: Some([SecondaryFontDescription { family: Some("JetBrains Mono NL"), style: Some("W600") }]), bold_italic: Some([SecondaryFontDescription { family: Some("JetBrains Mono NL"), style: Some("Bold Italic") }]), features: {}, size: 24.0, width: 0.0, hinting: Full, edging: AntiAlias }
TRACE [neovide::renderer::fonts::font_loader] Loading font FontKey { font_desc: Some(FontDescription { family: "JetBrains Mono NL", style: Some("Bold Italic") }), hinting: Full, edging: AntiAlias }
TRACE [neovide::channel_utils] neovim_handler HighlightAttributesDefine { id: 136, style: Style { colors: Colors { foreground: Some(Color4f { r: 0.57254905, g: 0.5137255, b: 0.45490196, a: 1.0 }), background: None, special: None }, reverse: false, italic: false, bold: false, strikethrough: false, blend: 0, underline: None } }
TRACE [neovide::channel_utils] neovim_handler HighlightAttributesDefine { id: 137, style: Style { colors: Colors { foreground: Some(Color4f { r: 0.15686275, g: 0.15686275, b: 0.15686275, a: 1.0 }), background: Some(Color4f { r: 0.98039216, g: 0.7411765, b: 0.18431373, a: 1.0 }), special: None }, reverse: false, italic: true, bold: true, strikethrough: false, blend: 0, underline: None } }
TRACE [neovide::channel_utils] neovim_handler HighlightAttributesDefine { id: 138, style: Style { colors: Colors { foreground: Some(Color4f { r: 0.72156864, g: 0.73333335, b: 0.14901961, a: 1.0 }), background: None, special: None }, reverse: false, italic: true, bold: false, strikethrough: false, blend: 0, underline: None } }
TRACE [neovide::channel_utils] neovim_handler HighlightAttributesDefine { id: 139, style: Style { colors: Colors { foreground: Some(Color4f { r: 0.92156863, g: 0.85882354, b: 0.69803923, a: 1.0 }), background: None, special: None }, reverse: false, italic: false, bold: false, strikethrough: false, blend: 0, underline: None } }
TRACE [neovide::channel_utils] neovim_handler HighlightAttributesDefine { id: 140, style: Style { colors: Colors { foreground: None, background: None, special: Some(Color4f { r: 0.99607843, g: 0.5019608, b: 0.09803922, a: 1.0 }) }, reverse: false, italic: false, bold: false, strikethrough: false, blend: 0, underline: Some(UnderCurl) } }
TRACE [neovide::channel_utils] neovim_handler HighlightAttributesDefine { id: 141, style: Style { colors: Colors { foreground: Some(Color4f { r: 0.827451, g: 0.5254902, b: 0.60784316, a: 1.0 }), background: None, special: None }, reverse: false, italic: false, bold: false, strikethrough: false, blend: 0, underline: None } }
TRACE [neovide::channel_utils] neovim_handler HighlightAttributesDefine { id: 142, style: Style { colors: Colors { foreground: Some(Color4f { r: 0.9843137, g: 0.94509804, b: 0.78039217, a: 1.0 }), background: None, special: None }, reverse: false, italic: false, bold: false, strikethrough: false, blend: 0, underline: None } }
TRACE [neovide::channel_utils] neovim_handler HighlightAttributesDefine { id: 143, style: Style { colors: Colors { foreground: Some(Color4f { r: 0.5568628, g: 0.7529412, b: 0.4862745, a: 1.0 }), background: None, special: None }, reverse: false, italic: false, bold: false, strikethrough: false, blend: 0, underline: None } }
TRACE [neovide::channel_utils] neovim_handler HighlightAttributesDefine { id: 144, style: Style { colors: Colors { foreground: Some(Color4f { r: 0.15686275, g: 0.15686275, b: 0.15686275, a: 1.0 }), background: Some(Color4f { r: 0.5568628, g: 0.7529412, b: 0.4862745, a: 1.0 }), special: None }, reverse: false, italic: false, bold: true, strikethrough: false, blend: 0, underline: None } }
TRACE [neovide::channel_utils] neovim_handler HighlightAttributesDefine { id: 145, style: Style { colors: Colors { foreground: Some(Color4f { r: 0.99607843, g: 0.5019608, b: 0.09803922, a: 1.0 }), background: None, special: None }, reverse: false, italic: false, bold: true, strikethrough: false, blend: 0, underline: None } }
TRACE [neovide::channel_utils] neovim_handler HighlightAttributesDefine { id: 146, style: Style { colors: Colors { foreground: None, background: Some(Color4f { r: 0.44705883, g: 0.14509805, b: 0.16078432, a: 1.0 }), special: None }, reverse: false, italic: false, bold: false, strikethrough: false, blend: 0, underline: None } }
TRACE [neovide::channel_utils] neovim_handler HighlightAttributesDefine { id: 147, style: Style { colors: Colors { foreground: None, background: Some(Color4f { r: 0.28627452, g: 0.3137255, b: 0.23137255, a: 1.0 }), special: None }, reverse: false, italic: false, bold: false, strikethrough: false, blend: 0, underline: None } }
TRACE [neovide::channel_utils] neovim_handler HighlightAttributesDefine { id: 148, style: Style { colors: Colors { foreground: None, background: Some(Color4f { r: 0.38431373, g: 0.4117647, b: 0.24313726, a: 1.0 }), special: None }, reverse: false, italic: false, bold: false, strikethrough: false, blend: 0, underline: None } }
TRACE [neovide::channel_utils] neovim_handler HighlightAttributesDefine { id: 149, style: Style { colors: Colors { foreground: Some(Color4f { r: 0.98039216, g: 0.7411765, b: 0.18431373, a: 1.0 }), background: None, special: None }, reverse: false, italic: false, bold: true, strikethrough: false, blend: 0, underline: None } }
TRACE [neovide::channel_utils] neovim_handler HighlightAttributesDefine { id: 150, style: Style { colors: Colors { foreground: Some(Color4f { r: 0.57254905, g: 0.5137255, b: 0.45490196, a: 1.0 }), background: None, special: None }, reverse: false, italic: false, bold: false, strikethrough: false, blend: 0, underline: Some(Underline) } }
TRACE [neovide::channel_utils] neovim_handler HighlightAttributesDefine { id: 151, style: Style { colors: Colors { foreground: Some(Color4f { r: 0.7411765, g: 0.68235296, b: 0.5764706, a: 1.0 }), background: None, special: None }, reverse: false, italic: true, bold: true, strikethrough: false, blend: 0, underline: None } }
TRACE [neovide::channel_utils] neovim_handler HighlightAttributesDefine { id: 152, style: Style { colors: Colors { foreground: Some(Color4f { r: 0.7411765, g: 0.68235296, b: 0.5764706, a: 1.0 }), background: None, special: None }, reverse: false, italic: true, bold: false, strikethrough: false, blend: 0, underline: None } }
TRACE [neovide::channel_utils] neovim_handler HighlightAttributesDefine { id: 153, style: Style { colors: Colors { foreground: Some(Color4f { r: 0.99607843, g: 0.5019608, b: 0.09803922, a: 1.0 }), background: None, special: None }, reverse: false, italic: false, bold: true, strikethrough: false, blend: 0, underline: None } }
TRACE [neovide::renderer::fonts::font_loader] Loading font FontKey { font_desc: Some(FontDescription { family: "JetBrains Mono NL", style: Some("W600") }), hinting: Full, edging: AntiAlias }
TRACE [neovide::renderer::fonts::font_loader] Loading font FontKey { font_desc: Some(FontDescription { family: "JetBrains Mono NL", style: Some("Bold") }), hinting: Full, edging: AntiAlias }
TRACE [neovide::renderer::fonts::font_loader] Loading font FontKey { font_desc: Some(FontDescription { family: "JetBrains Mono NL", style: Some("Italic") }), hinting: Full, edging: AntiAlias }
TRACE [neovide::renderer::fonts::font_loader] Loading font FontKey { font_desc: Some(FontDescription { family: "JetBrains Mono NL", style: Some("W400") }), hinting: Full, edging: AntiAlias }
DEBUG [neovide::renderer::fonts::caching_shaper] Font updated to: FontOptions { normal: [FontDescription { family: "JetBrains Mono NL", style: Some("W400") }], italic: Some([SecondaryFontDescription { family: Some("JetBrains Mono NL"), style: Some("Italic") }]), bold: Some([SecondaryFontDescription { family: Some("JetBrains Mono NL"), style: Some("W600") }]), bold_italic: Some([SecondaryFontDescription { family: Some("JetBrains Mono NL"), style: Some("Bold Italic") }]), features: {}, size: 24.0, width: 0.0, hinting: Full, edging: AntiAlias }
TRACE [neovide::renderer::fonts::font_loader] Loading font FontKey { font_desc: Some(FontDescription { family: "JetBrains Mono NL", style: Some("W400") }), hinting: Full, edging: AntiAlias }
INFO [neovide::renderer::fonts::caching_shaper] Reset Font Loader: font_size: 24.00px, font_width: 14.40px
TRACE [neovide::renderer::grid_renderer] Updated font dimensions: GridScale { transform: Transform2 { matrix: [(14.400001, 0.0, 0.0), (0.0, 32.0, 0.0), (0.0, 0.0, 1.0)] } }
TRACE [neovide::renderer::fonts::font_loader] Loading font FontKey { font_desc: None, hinting: Full, edging: AntiAlias }
DEBUG [neovide::renderer::fonts::caching_shaper] scale_factor changed: 1.00
TRACE [neovide::renderer::fonts::font_loader] Loading font FontKey { font_desc: Some(FontDescription { family: "JetBrains Mono NL", style: Some("W400") }), hinting: Full, edging: AntiAlias }
INFO [neovide::renderer::fonts::caching_shaper] Reset Font Loader: font_size: 24.00px, font_width: 14.40px
TRACE [neovide::renderer::grid_renderer] Updated font dimensions: GridScale { transform: Transform2 { matrix: [(14.400001, 0.0, 0.0), (0.0, 32.0, 0.0), (0.0, 0.0, 1.0)] } }
TRACE [neovide::bridge::handler] Neovim notification: "redraw"
DEBUG [neovide::bridge::events] Ignored style attribute: "nocombine"
DEBUG [neovide::bridge::events] Ignored style attribute: "nocombine"
DEBUG [neovide::bridge::events] Ignored style attribute: "nocombine"
DEBUG [neovide::bridge::events] Ignored style attribute: "nocombine"
DEBUG [neovide::bridge::events] Ignored style attribute: "nocombine"
DEBUG [neovide::bridge::events] Ignored style attribute: "nocombine"
DEBUG [neovide::bridge::events] Ignored style attribute: "nocombine"
DEBUG [neovide::bridge::events] Ignored style attribute: "nocombine"
DEBUG [neovide::bridge::events] Ignored style attribute: "nocombine"
DEBUG [neovide::bridge::events] Ignored style attribute: "nocombine"
DEBUG [neovide::bridge::events] Ignored style attribute: "nocombine"
DEBUG [neovide::bridge::events] Ignored style attribute: "nocombine"
DEBUG [neovide::bridge::events] Ignored style attribute: "nocombine"
DEBUG [neovide::bridge::events] Ignored style attribute: "nocombine"
DEBUG [neovide::bridge::events] Ignored style attribute: "nocombine"
DEBUG [neovide::bridge::events] Ignored style attribute: "nocombine"
DEBUG [neovide::bridge::events] Ignored style attribute: "nocombine"
DEBUG [neovide::bridge::events] Ignored style attribute: "nocombine"
DEBUG [neovide::bridge::events] Ignored style attribute: "nocombine"
TRACE [neovide::channel_utils] neovim_handler HighlightAttributesDefine { id: 154, style: Style { colors: Colors { foreground: Some(Color4f { r: 0.5568628, g: 0.7529412, b: 0.4862745, a: 1.0 }), background: Some(Color4f { r: 0.15686275, g: 0.15686275, b: 0.15686275, a: 1.0 }), special: None }, reverse: false, italic: false, bold: false, strikethrough: false, blend: 0, underline: None } }
TRACE [neovide::channel_utils] neovim_handler HighlightAttributesDefine { id: 155, style: Style { colors: Colors { foreground: Some(Color4f { r: 0.98039216, g: 0.7411765, b: 0.18431373, a: 1.0 }), background: None, special: None }, reverse: false, italic: false, bold: true, strikethrough: false, blend: 0, underline: None } }
TRACE [neovide::channel_utils] neovim_handler HighlightAttributesDefine { id: 156, style: Style { colors: Colors { foreground: None, background: None, special: None }, reverse: false, italic: false, bold: false, strikethrough: false, blend: 0, underline: None } }
TRACE [neovide::channel_utils] neovim_handler HighlightAttributesDefine { id: 157, style: Style { colors: Colors { foreground: Some(Color4f { r: 0.15686275, g: 0.15686275, b: 0.15686275, a: 1.0 }), background: Some(Color4f { r: 0.98039216, g: 0.7411765, b: 0.18431373, a: 1.0 }), special: None }, reverse: false, italic: false, bold: true, strikethrough: false, blend: 0, underline: None } }
TRACE [neovide::channel_utils] neovim_handler HighlightAttributesDefine { id: 158, style: Style { colors: Colors { foreground: Some(Color4f { r: 0.15686275, g: 0.15686275, b: 0.15686275, a: 1.0 }), background: Some(Color4f { r: 0.5137255, g: 0.64705884, b: 0.59607846, a: 1.0 }), special: None }, reverse: false, italic: false, bold: true, strikethrough: false, blend: 0, underline: None } }
TRACE [neovide::channel_utils] neovim_handler HighlightAttributesDefine { id: 159, style: Style { colors: Colors { foreground: Some(Color4f { r: 0.15686275, g: 0.15686275, b: 0.15686275, a: 1.0 }), background: Some(Color4f { r: 0.92156863, g: 0.85882354, b: 0.69803923, a: 1.0 }), special: None }, reverse: false, italic: false, bold: true, strikethrough: false, blend: 0, underline: None } }
TRACE [neovide::channel_utils] neovim_handler HighlightAttributesDefine { id: 160, style: Style { colors: Colors { foreground: Some(Color4f { r: 0.15686275, g: 0.15686275, b: 0.15686275, a: 1.0 }), background: Some(Color4f { r: 0.5568628, g: 0.7529412, b: 0.4862745, a: 1.0 }), special: None }, reverse: false, italic: false, bold: true, strikethrough: false, blend: 0, underline: None } }
TRACE [neovide::channel_utils] neovim_handler HighlightAttributesDefine { id: 161, style: Style { colors: Colors { foreground: Some(Color4f { r: 0.15686275, g: 0.15686275, b: 0.15686275, a: 1.0 }), background: Some(Color4f { r: 0.9843137, g: 0.28627452, b: 0.20392157, a: 1.0 }), special: None }, reverse: false, italic: false, bold: true, strikethrough: false, blend: 0, underline: None } }
TRACE [neovide::channel_utils] neovim_handler HighlightAttributesDefine { id: 162, style: Style { colors: Colors { foreground: Some(Color4f { r: 0.15686275, g: 0.15686275, b: 0.15686275, a: 1.0 }), background: Some(Color4f { r: 0.72156864, g: 0.73333335, b: 0.14901961, a: 1.0 }), special: None }, reverse: false, italic: false, bold: true, strikethrough: false, blend: 0, underline: None } }
TRACE [neovide::channel_utils] neovim_handler HighlightAttributesDefine { id: 163, style: Style { colors: Colors { foreground: Some(Color4f { r: 0.72156864, g: 0.73333335, b: 0.14901961, a: 1.0 }), background: Some(Color4f { r: 0.23529412, g: 0.21960784, b: 0.21176471, a: 1.0 }), special: None }, reverse: false, italic: false, bold: true, strikethrough: false, blend: 0, underline: None } }
TRACE [neovide::channel_utils] neovim_handler HighlightAttributesDefine { id: 164, style: Style { colors: Colors { foreground: Some(Color4f { r: 0.23529412, g: 0.21960784, b: 0.21176471, a: 1.0 }), background: Some(Color4f { r: 0.72156864, g: 0.73333335, b: 0.14901961, a: 1.0 }), special: None }, reverse: false, italic: false, bold: true, strikethrough: false, blend: 0, underline: None } }
TRACE [neovide::channel_utils] neovim_handler HighlightAttributesDefine { id: 165, style: Style { colors: Colors { foreground: Some(Color4f { r: 0.23529412, g: 0.21960784, b: 0.21176471, a: 1.0 }), background: Some(Color4f { r: 0.4862745, g: 0.43529412, b: 0.39215687, a: 1.0 }), special: None }, reverse: false, italic: false, bold: false, strikethrough: false, blend: 0, underline: None } }
TRACE [neovide::channel_utils] neovim_handler HighlightAttributesDefine { id: 166, style: Style { colors: Colors { foreground: Some(Color4f { r: 0.23529412, g: 0.21960784, b: 0.21176471, a: 1.0 }), background: Some(Color4f { r: 0.92156863, g: 0.85882354, b: 0.69803923, a: 1.0 }), special: None }, reverse: false, italic: false, bold: false, strikethrough: false, blend: 0, underline: None } }
TRACE [neovide::channel_utils] neovim_handler HighlightAttributesDefine { id: 167, style: Style { colors: Colors { foreground: Some(Color4f { r: 0.92156863, g: 0.85882354, b: 0.69803923, a: 1.0 }), background: Some(Color4f { r: 0.23529412, g: 0.21960784, b: 0.21176471, a: 1.0 }), special: None }, reverse: false, italic: false, bold: false, strikethrough: false, blend: 0, underline: None } }
TRACE [neovide::channel_utils] neovim_handler HighlightAttributesDefine { id: 168, style: Style { colors: Colors { foreground: None, background: Some(Color4f { r: 0.9843137, g: 0.28627452, b: 0.20392157, a: 1.0 }), special: None }, reverse: false, italic: false, bold: false, strikethrough: false, blend: 0, underline: None } }
TRACE [neovide::channel_utils] neovim_handler HighlightAttributesDefine { id: 169, style: Style { colors: Colors { foreground: Some(Color4f { r: 0.9843137, g: 0.94509804, b: 0.78039217, a: 1.0 }), background: Some(Color4f { r: 0.9843137, g: 0.28627452, b: 0.20392157, a: 1.0 }), special: None }, reverse: false, italic: false, bold: true, strikethrough: false, blend: 0, underline: None } }
TRACE [neovide::channel_utils] neovim_handler HighlightAttributesDefine { id: 170, style: Style { colors: Colors { foreground: None, background: None, special: None }, reverse: true, italic: false, bold: false, strikethrough: false, blend: 0, underline: None } }
TRACE [neovide::channel_utils] neovim_handler HighlightAttributesDefine { id: 171, style: Style { colors: Colors { foreground: Some(Color4f { r: 0.72156864, g: 0.73333335, b: 0.14901961, a: 1.0 }), background: None, special: None }, reverse: false, italic: false, bold: false, strikethrough: false, blend: 0, underline: None } }
TRACE [neovide::channel_utils] neovim_handler HighlightAttributesDefine { id: 172, style: Style { colors: Colors { foreground: None, background: None, special: Some(Color4f { r: 0.9843137, g: 0.28627452, b: 0.20392157, a: 1.0 }) }, reverse: false, italic: false, bold: false, strikethrough: false, blend: 0, underline: Some(UnderCurl) } }
TRACE [neovide::channel_utils] neovim_handler HighlightAttributesDefine { id: 173, style: Style { colors: Colors { foreground: None, background: None, special: Some(Color4f { r: 0.5137255, g: 0.64705884, b: 0.59607846, a: 1.0 }) }, reverse: false, italic: false, bold: false, strikethrough: false, blend: 0, underline: Some(UnderCurl) } }
TRACE [neovide::channel_utils] neovim_handler HighlightAttributesDefine { id: 174, style: Style { colors: Colors { foreground: None, background: None, special: Some(Color4f { r: 0.5568628, g: 0.7529412, b: 0.4862745, a: 1.0 }) }, reverse: false, italic: false, bold: false, strikethrough: false, blend: 0, underline: Some(UnderCurl) } }
TRACE [neovide::channel_utils] neovim_handler HighlightAttributesDefine { id: 175, style: Style { colors: Colors { foreground: None, background: Some(Color4f { r: 0.4, g: 0.36078432, b: 0.32941177, a: 1.0 }), special: None }, reverse: false, italic: false, bold: false, strikethrough: false, blend: 0, underline: None } }
TRACE [neovide::channel_utils] neovim_handler HighlightAttributesDefine { id: 176, style: Style { colors: Colors { foreground: Some(Color4f { r: 0.5137255, g: 0.64705884, b: 0.59607846, a: 1.0 }), background: None, special: None }, reverse: false, italic: false, bold: false, strikethrough: false, blend: 0, underline: Some(Underline) } }
TRACE [neovide::channel_utils] neovim_handler HighlightAttributesDefine { id: 177, style: Style { colors: Colors { foreground: Some(Color4f { r: 0.65882355, g: 0.6, b: 0.5176471, a: 1.0 }), background: Some(Color4f { r: 0.15686275, g: 0.15686275, b: 0.15686275, a: 1.0 }), special: None }, reverse: false, italic: false, bold: false, strikethrough: false, blend: 0, underline: None } }
TRACE [neovide::channel_utils] neovim_handler HighlightAttributesDefine { id: 178, style: Style { colors: Colors { foreground: Some(Color4f { r: 0.7411765, g: 0.68235296, b: 0.5764706, a: 1.0 }), background: Some(Color4f { r: 0.23529412, g: 0.21960784, b: 0.21176471, a: 1.0 }), special: None }, reverse: false, italic: false, bold: false, strikethrough: false, blend: 0, underline: None } }
TRACE [neovide::channel_utils] neovim_handler HighlightAttributesDefine { id: 179, style: Style { colors: Colors { foreground: Some(Color4f { r: 0.57254905, g: 0.5137255, b: 0.45490196, a: 1.0 }), background: None, special: None }, reverse: false, italic: true, bold: false, strikethrough: false, blend: 0, underline: None } }
TRACE [neovide::channel_utils] neovim_handler HighlightAttributesDefine { id: 180, style: Style { colors: Colors { foreground: Some(Color4f { r: 0.3137255, g: 0.28627452, b: 0.27058825, a: 1.0 }), background: Some(Color4f { r: 0.5137255, g: 0.64705884, b: 0.59607846, a: 1.0 }), special: None }, reverse: false, italic: false, bold: true, strikethrough: false, blend: 0, underline: None } }
TRACE [neovide::channel_utils] neovim_handler HighlightAttributesDefine { id: 181, style: Style { colors: Colors { foreground: Some(Color4f { r: 0.15686275, g: 0.15686275, b: 0.15686275, a: 1.0 }), background: Some(Color4f { r: 0.65882355, g: 0.6, b: 0.5176471, a: 1.0 }), special: None }, reverse: false, italic: false, bold: true, strikethrough: false, blend: 0, underline: None } }
TRACE [neovide::channel_utils] neovim_handler HighlightAttributesDefine { id: 182, style: Style { colors: Colors { foreground: None, background: None, special: None }, reverse: false, italic: false, bold: false, strikethrough: false, blend: 0, underline: None } }
TRACE [neovide::channel_utils] neovim_handler HighlightAttributesDefine { id: 183, style: Style { colors: Colors { foreground: None, background: Some(Color4f { r: 0.0, g: 0.0, b: 0.0, a: 1.0 }), special: None }, reverse: false, italic: false, bold: false, strikethrough: false, blend: 0, underline: None } }
TRACE [neovide::channel_utils] neovim_handler HighlightAttributesDefine { id: 184, style: Style { colors: Colors { foreground: Some(Color4f { r: 1.0, g: 0.92156863, b: 0.8039216, a: 1.0 }), background: None, special: None }, reverse: false, italic: false, bold: false, strikethrough: false, blend: 0, underline: None } }
TRACE [neovide::channel_utils] neovim_handler HighlightAttributesDefine { id: 185, style: Style { colors: Colors { foreground: Some(Color4f { r: 1.0, g: 0.2509804, b: 0.2509804, a: 1.0 }), background: None, special: None }, reverse: false, italic: false, bold: false, strikethrough: false, blend: 0, underline: None } }
TRACE [neovide::channel_utils] neovim_handler HighlightAttributesDefine { id: 186, style: Style { colors: Colors { foreground: Some(Color4f { r: 0.59607846, g: 0.9607843, b: 1.0, a: 1.0 }), background: None, special: None }, reverse: false, italic: false, bold: false, strikethrough: false, blend: 0, underline: None } }
TRACE [neovide::channel_utils] neovim_handler HighlightAttributesDefine { id: 187, style: Style { colors: Colors { foreground: Some(Color4f { r: 0.5647059, g: 0.93333334, b: 0.5647059, a: 1.0 }), background: None, special: None }, reverse: false, italic: false, bold: false, strikethrough: false, blend: 0, underline: None } }
TRACE [neovide::channel_utils] neovim_handler HighlightAttributesDefine { id: 188, style: Style { colors: Colors { foreground: Some(Color4f { r: 1.0, g: 0.50980395, b: 0.67058825, a: 1.0 }), background: None, special: None }, reverse: false, italic: false, bold: false, strikethrough: false, blend: 0, underline: None } }
TRACE [neovide::channel_utils] neovim_handler HighlightAttributesDefine { id: 189, style: Style { colors: Colors { foreground: Some(Color4f { r: 0.6901961, g: 0.8862745, b: 1.0, a: 1.0 }), background: None, special: None }, reverse: false, italic: false, bold: true, strikethrough: false, blend: 0, underline: None } }
TRACE [neovide::channel_utils] neovim_handler HighlightAttributesDefine { id: 190, style: Style { colors: Colors { foreground: Some(Color4f { r: 1.0, g: 0.92156863, b: 0.8039216, a: 1.0 }), background: None, special: None }, reverse: false, italic: false, bold: true, strikethrough: false, blend: 0, underline: None } }
TRACE [neovide::channel_utils] neovim_handler HighlightAttributesDefine { id: 191, style: Style { colors: Colors { foreground: Some(Color4f { r: 0.88235295, g: 0.14901961, b: 0.44705883, a: 1.0 }), background: Some(Color4f { r: 0.3372549, g: 0.3372549, b: 0.3372549, a: 1.0 }), special: None }, reverse: false, italic: false, bold: false, strikethrough: false, blend: 0, underline: None } }
TRACE [neovide::channel_utils] neovim_handler HighlightAttributesDefine { id: 192, style: Style { colors: Colors { foreground: Some(Color4f { r: 0.7372549, g: 0.8666667, b: 0.7411765, a: 1.0 }), background: Some(Color4f { r: 0.3372549, g: 0.3372549, b: 0.3372549, a: 1.0 }), special: None }, reverse: false, italic: false, bold: false, strikethrough: false, blend: 0, underline: None } }
TRACE [neovide::channel_utils] neovim_handler HighlightAttributesDefine { id: 193, style: Style { colors: Colors { foreground: Some(Color4f { r: 0.8509804, g: 0.8509804, b: 0.8509804, a: 1.0 }), background: Some(Color4f { r: 0.3372549, g: 0.3372549, b: 0.3372549, a: 1.0 }), special: None }, reverse: false, italic: false, bold: false, strikethrough: false, blend: 0, underline: None } }
TRACE [neovide::channel_utils] neovim_handler HighlightAttributesDefine { id: 194, style: Style { colors: Colors { foreground: Some(Color4f { r: 1.0, g: 1.0, b: 1.0, a: 1.0 }), background: None, special: None }, reverse: false, italic: false, bold: false, strikethrough: false, blend: 0, underline: None } }
TRACE [neovide::channel_utils] neovim_handler HighlightAttributesDefine { id: 195, style: Style { colors: Colors { foreground: Some(Color4f { r: 0.92156863, g: 0.85882354, b: 0.69803923, a: 1.0 }), background: Some(Color4f { r: 0.15686275, g: 0.15686275, b: 0.15686275, a: 1.0 }), special: None }, reverse: false, italic: false, bold: false, strikethrough: false, blend: 0, underline: None } }
TRACE [neovide::channel_utils] neovim_handler HighlightAttributesDefine { id: 196, style: Style { colors: Colors { foreground: Some(Color4f { r: 0.44705883, g: 0.44313726, b: 0.4117647, a: 1.0 }), background: Some(Color4f { r: 0.08627451, g: 0.08627451, b: 0.11372549, a: 1.0 }), special: None }, reverse: false, italic: false, bold: false, strikethrough: false, blend: 0, underline: None } }
TRACE [neovide::channel_utils] neovim_handler HighlightAttributesDefine { id: 197, style: Style { colors: Colors { foreground: Some(Color4f { r: 0.44705883, g: 0.44313726, b: 0.4117647, a: 1.0 }), background: Some(Color4f { r: 0.08627451, g: 0.08627451, b: 0.11372549, a: 1.0 }), special: None }, reverse: false, italic: false, bold: true, strikethrough: false, blend: 0, underline: None } }
TRACE [neovide::channel_utils] neovim_handler HighlightAttributesDefine { id: 198, style: Style { colors: Colors { foreground: Some(Color4f { r: 0.44705883, g: 0.44313726, b: 0.4117647, a: 1.0 }), background: None, special: None }, reverse: false, italic: false, bold: false, strikethrough: false, blend: 0, underline: None } }
TRACE [neovide::channel_utils] neovim_handler HighlightAttributesDefine { id: 199, style: Style { colors: Colors { foreground: Some(Color4f { r: 0.08627451, g: 0.08627451, b: 0.11372549, a: 1.0 }), background: Some(Color4f { r: 0.59607846, g: 0.73333335, b: 0.42352942, a: 1.0 }), special: None }, reverse: false, italic: false, bold: true, strikethrough: false, blend: 0, underline: None } }
TRACE [neovide::channel_utils] neovim_handler HighlightAttributesDefine { id: 200, style: Style { colors: Colors { foreground: Some(Color4f { r: 0.08627451, g: 0.08627451, b: 0.11372549, a: 1.0 }), background: Some(Color4f { r: 0.9019608, g: 0.7647059, b: 0.5176471, a: 1.0 }), special: None }, reverse: false, italic: false, bold: true, strikethrough: false, blend: 0, underline: None } }
TRACE [neovide::channel_utils] neovim_handler HighlightAttributesDefine { id: 201, style: Style { colors: Colors { foreground: Some(Color4f { r: 0.08627451, g: 0.08627451, b: 0.11372549, a: 1.0 }), background: Some(Color4f { r: 1.0, g: 0.627451, b: 0.4, a: 1.0 }), special: None }, reverse: false, italic: false, bold: true, strikethrough: false, blend: 0, underline: None } }
TRACE [neovide::channel_utils] neovim_handler HighlightAttributesDefine { id: 202, style: Style { colors: Colors { foreground: Some(Color4f { r: 0.08627451, g: 0.08627451, b: 0.11372549, a: 1.0 }), background: Some(Color4f { r: 0.89411765, g: 0.40784314, b: 0.4627451, a: 1.0 }), special: None }, reverse: false, italic: false, bold: true, strikethrough: false, blend: 0, underline: None } }
TRACE [neovide::channel_utils] neovim_handler HighlightAttributesDefine { id: 203, style: Style { colors: Colors { foreground: Some(Color4f { r: 0.08627451, g: 0.08627451, b: 0.11372549, a: 1.0 }), background: Some(Color4f { r: 0.49411765, g: 0.6117647, b: 0.84705883, a: 1.0 }), special: None }, reverse: false, italic: false, bold: true, strikethrough: false, blend: 0, underline: None } }
TRACE [neovide::channel_utils] neovim_handler WindowViewportMargins { grid: 2, top: 0, bottom: 0, left: 0, right: 0 }
TRACE [neovide::channel_utils] neovim_handler WindowViewportMargins { grid: 2, top: 0, bottom: 0, left: 0, right: 0 }
TRACE [neovide::channel_utils] neovim_handler OptionSet { gui_option: TermGuiColors(true) }
TRACE [neovide::channel_utils] neovim_handler WindowViewportMargins { grid: 2, top: 0, bottom: 0, left: 0, right: 0 }
TRACE [neovide::editor] Option set TermGuiColors(true)
TRACE [neovide::channel_utils] neovim_handler MessageSetPosition { grid: 3, row: 48, scrolled: false, separator_character: " ", z_index: Some(200), comp_index: Some(0) }
TRACE [neovide::channel_utils] neovim_handler Resize { grid: 3, width: 65, height: 48 }
TRACE [neovide::channel_utils] neovim_handler HighlightAttributesDefine { id: 204, style: Style { colors: Colors { foreground: Some(Color4f { r: 0.92156863, g: 0.85882354, b: 0.69803923, a: 1.0 }), background: Some(Color4f { r: 0.3137255, g: 0.28627452, b: 0.27058825, a: 1.0 }), special: None }, reverse: false, italic: false, bold: false, strikethrough: false, blend: 20, underline: None } }
TRACE [neovide::channel_utils] neovim_handler HighlightAttributesDefine { id: 205, style: Style { colors: Colors { foreground: Some(Color4f { r: 0.3137255, g: 0.28627452, b: 0.27058825, a: 1.0 }), background: Some(Color4f { r: 0.5137255, g: 0.64705884, b: 0.59607846, a: 1.0 }), special: None }, reverse: false, italic: false, bold: true, strikethrough: false, blend: 20, underline: None } }
TRACE [neovide::channel_utils] neovim_handler HighlightAttributesDefine { id: 206, style: Style { colors: Colors { foreground: None, background: None, special: None }, reverse: false, italic: false, bold: true, strikethrough: false, blend: 20, underline: None } }
TRACE [neovide::channel_utils] neovim_handler HighlightAttributesDefine { id: 207, style: Style { colors: Colors { foreground: None, background: Some(Color4f { r: 0.3137255, g: 0.28627452, b: 0.27058825, a: 1.0 }), special: None }, reverse: false, italic: false, bold: false, strikethrough: false, blend: 20, underline: None } }
TRACE [neovide::channel_utils] neovim_handler HighlightAttributesDefine { id: 208, style: Style { colors: Colors { foreground: None, background: Some(Color4f { r: 0.4862745, g: 0.43529412, b: 0.39215687, a: 1.0 }), special: None }, reverse: false, italic: false, bold: false, strikethrough: false, blend: 20, underline: None } }
TRACE [neovide::channel_utils] neovim_handler OptionSet { gui_option: Pumblend(20) }
DEBUG [neovide::bridge::events] Ignored style attribute: "nocombine"
DEBUG [neovide::bridge::events] Ignored style attribute: "nocombine"
TRACE [neovide::channel_utils] neovim_handler HighlightAttributesDefine { id: 209, style: Style { colors: Colors { foreground: Some(Color4f { r: 0.8784314, g: 0.8862745, b: 0.91764706, a: 1.0 }), background: Some(Color4f { r: 0.8784314, g: 0.8862745, b: 0.91764706, a: 1.0 }), special: Some(Color4f { r: 0.078431375, g: 0.08627451, b: 0.105882354, a: 1.0 }) }, reverse: false, italic: false, bold: false, strikethrough: false, blend: 0, underline: Some(UnderDouble) } }
TRACE [neovide::channel_utils] neovim_handler HighlightAttributesDefine { id: 210, style: Style { colors: Colors { foreground: Some(Color4f { r: 0.8784314, g: 0.8862745, b: 0.91764706, a: 1.0 }), background: Some(Color4f { r: 0.8784314, g: 0.8862745, b: 0.91764706, a: 1.0 }), special: Some(Color4f { r: 0.078431375, g: 0.08627451, b: 0.105882354, a: 1.0 }) }, reverse: false, italic: false, bold: false, strikethrough: false, blend: 0, underline: Some(Underline) } }
TRACE [neovide::editor] Option set Pumblend(20)
TRACE [neovide::bridge::handler] Neovim notification: "redraw"
TRACE [neovide::channel_utils] neovim_handler HighlightAttributesDefine { id: 211, style: Style { colors: Colors { foreground: Some(Color4f { r: 0.0, g: 0.33333334, b: 0.13725491, a: 1.0 }), background: None, special: None }, reverse: false, italic: false, bold: false, strikethrough: false, blend: 0, underline: None } }
TRACE [neovide::channel_utils] neovim_handler HighlightAttributesDefine { id: 212, style: Style { colors: Colors { foreground: Some(Color4f { r: 0.0, g: 0.4509804, b: 0.4509804, a: 1.0 }), background: None, special: None }, reverse: false, italic: false, bold: false, strikethrough: false, blend: 0, underline: None } }
TRACE [neovide::channel_utils] neovim_handler HighlightAttributesDefine { id: 213, style: Style { colors: Colors { foreground: None, background: Some(Color4f { r: 0.60784316, g: 0.61960787, b: 0.6431373, a: 1.0 }), special: None }, reverse: false, italic: false, bold: false, strikethrough: false, blend: 0, underline: None } }
TRACE [neovide::channel_utils] neovim_handler HighlightAttributesDefine { id: 214, style: Style { colors: Colors { foreground: Some(Color4f { r: 0.93333334, g: 0.94509804, b: 0.972549, a: 1.0 }), background: Some(Color4f { r: 0.41960785, g: 0.3254902, b: 0.0, a: 1.0 }), special: None }, reverse: false, italic: false, bold: false, strikethrough: false, blend: 0, underline: None } }
TRACE [neovide::channel_utils] neovim_handler HighlightAttributesDefine { id: 215, style: Style { colors: Colors { foreground: None, background: Some(Color4f { r: 0.76862746, g: 0.7764706, b: 0.8039216, a: 1.0 }), special: None }, reverse: false, italic: false, bold: false, strikethrough: false, blend: 0, underline: None } }
TRACE [neovide::channel_utils] neovim_handler HighlightAttributesDefine { id: 216, style: Style { colors: Colors { foreground: Some(Color4f { r: 0.02745098, g: 0.03137255, b: 0.050980393, a: 1.0 }), background: Some(Color4f { r: 0.7019608, g: 0.9647059, b: 0.7529412, a: 1.0 }), special: None }, reverse: false, italic: false, bold: false, strikethrough: false, blend: 0, underline: None } }
TRACE [neovide::channel_utils] neovim_handler HighlightAttributesDefine { id: 217, style: Style { colors: Colors { foreground: Some(Color4f { r: 0.02745098, g: 0.03137255, b: 0.050980393, a: 1.0 }), background: Some(Color4f { r: 0.60784316, g: 0.61960787, b: 0.6431373, a: 1.0 }), special: None }, reverse: false, italic: false, bold: false, strikethrough: false, blend: 0, underline: None } }
TRACE [neovide::channel_utils] neovim_handler HighlightAttributesDefine { id: 218, style: Style { colors: Colors { foreground: Some(Color4f { r: 0.34901962, g: 0.0, b: 0.03137255, a: 1.0 }), background: None, special: None }, reverse: false, italic: false, bold: true, strikethrough: false, blend: 0, underline: None } }
TRACE [neovide::channel_utils] neovim_handler HighlightAttributesDefine { id: 219, style: Style { colors: Colors { foreground: Some(Color4f { r: 0.02745098, g: 0.03137255, b: 0.050980393, a: 1.0 }), background: Some(Color4f { r: 0.54901963, g: 0.972549, b: 0.96862745, a: 1.0 }), special: None }, reverse: false, italic: false, bold: false, strikethrough: false, blend: 0, underline: None } }
TRACE [neovide::channel_utils] neovim_handler HighlightAttributesDefine { id: 220, style: Style { colors: Colors { foreground: Some(Color4f { r: 0.34901962, g: 0.0, b: 0.03137255, a: 1.0 }), background: None, special: None }, reverse: false, italic: false, bold: false, strikethrough: false, blend: 0, underline: None } }
TRACE [neovide::channel_utils] neovim_handler HighlightAttributesDefine { id: 221, style: Style { colors: Colors { foreground: None, background: Some(Color4f { r: 0.60784316, g: 0.61960787, b: 0.6431373, a: 1.0 }), special: None }, reverse: false, italic: false, bold: false, strikethrough: false, blend: 80, underline: None } }
TRACE [neovide::channel_utils] neovim_handler HighlightAttributesDefine { id: 222, style: Style { colors: Colors { foreground: None, background: Some(Color4f { r: 0.60784316, g: 0.61960787, b: 0.6431373, a: 1.0 }), special: None }, reverse: false, italic: false, bold: false, strikethrough: false, blend: 100, underline: None } }
TRACE [neovide::channel_utils] neovim_handler HighlightAttributesDefine { id: 223, style: Style { colors: Colors { foreground: Some(Color4f { r: 0.30980393, g: 0.32156864, b: 0.34509805, a: 1.0 }), background: Some(Color4f { r: 0.93333334, g: 0.94509804, b: 0.972549, a: 1.0 }), special: None }, reverse: false, italic: false, bold: false, strikethrough: false, blend: 0, underline: None } }
TRACE [neovide::channel_utils] neovim_handler HighlightAttributesDefine { id: 224, style: Style { colors: Colors { foreground: None, background: Some(Color4f { r: 0.60784316, g: 0.61960787, b: 0.6431373, a: 1.0 }), special: None }, reverse: false, italic: false, bold: true, strikethrough: false, blend: 0, underline: None } }
TRACE [neovide::channel_utils] neovim_handler HighlightAttributesDefine { id: 225, style: Style { colors: Colors { foreground: None, background: Some(Color4f { r: 0.93333334, g: 0.94509804, b: 0.972549, a: 1.0 }), special: None }, reverse: false, italic: false, bold: false, strikethrough: false, blend: 0, underline: None } }
TRACE [neovide::channel_utils] neovim_handler HighlightAttributesDefine { id: 226, style: Style { colors: Colors { foreground: None, background: Some(Color4f { r: 0.76862746, g: 0.7764706, b: 0.8039216, a: 1.0 }), special: None }, reverse: false, italic: false, bold: false, strikethrough: false, blend: 0, underline: None } }
TRACE [neovide::channel_utils] neovim_handler HighlightAttributesDefine { id: 227, style: Style { colors: Colors { foreground: None, background: Some(Color4f { r: 0.60784316, g: 0.61960787, b: 0.6431373, a: 1.0 }), special: None }, reverse: false, italic: false, bold: false, strikethrough: false, blend: 0, underline: None } }
TRACE [neovide::channel_utils] neovim_handler HighlightAttributesDefine { id: 228, style: Style { colors: Colors { foreground: None, background: Some(Color4f { r: 0.9882353, g: 0.8784314, b: 0.5803922, a: 1.0 }), special: None }, reverse: false, italic: false, bold: false, strikethrough: false, blend: 0, underline: None } }
TRACE [neovide::channel_utils] neovim_handler HighlightAttributesDefine { id: 229, style: Style { colors: Colors { foreground: None, background: Some(Color4f { r: 0.7019608, g: 0.9647059, b: 0.7529412, a: 1.0 }), special: None }, reverse: false, italic: false, bold: false, strikethrough: false, blend: 0, underline: None } }
TRACE [neovide::channel_utils] neovim_handler HighlightAttributesDefine { id: 230, style: Style { colors: Colors { foreground: None, background: Some(Color4f { r: 1.0, g: 0.7529412, b: 0.7254902, a: 1.0 }), special: None }, reverse: false, italic: false, bold: false, strikethrough: false, blend: 0, underline: None } }
TRACE [neovide::channel_utils] neovim_handler HighlightAttributesDefine { id: 231, style: Style { colors: Colors { foreground: Some(Color4f { r: 0.02745098, g: 0.03137255, b: 0.050980393, a: 1.0 }), background: Some(Color4f { r: 0.9882353, g: 0.8784314, b: 0.5803922, a: 1.0 }), special: None }, reverse: false, italic: false, bold: false, strikethrough: false, blend: 0, underline: None } }
TRACE [neovide::channel_utils] neovim_handler HighlightAttributesDefine { id: 232, style: Style { colors: Colors { foreground: None, background: None, special: Some(Color4f { r: 0.34901962, g: 0.0, b: 0.03137255, a: 1.0 }) }, reverse: false, italic: false, bold: false, strikethrough: false, blend: 0, underline: Some(UnderCurl) } }
TRACE [neovide::channel_utils] neovim_handler HighlightAttributesDefine { id: 233, style: Style { colors: Colors { foreground: None, background: None, special: Some(Color4f { r: 0.41960785, g: 0.3254902, b: 0.0, a: 1.0 }) }, reverse: false, italic: false, bold: false, strikethrough: false, blend: 0, underline: Some(UnderCurl) } }
TRACE [neovide::channel_utils] neovim_handler HighlightAttributesDefine { id: 234, style: Style { colors: Colors { foreground: None, background: None, special: Some(Color4f { r: 0.0, g: 0.33333334, b: 0.13725491, a: 1.0 }) }, reverse: false, italic: false, bold: false, strikethrough: false, blend: 0, underline: Some(UnderCurl) } }
TRACE [neovide::channel_utils] neovim_handler HighlightAttributesDefine { id: 235, style: Style { colors: Colors { foreground: None, background: None, special: Some(Color4f { r: 0.0, g: 0.4509804, b: 0.4509804, a: 1.0 }) }, reverse: false, italic: false, bold: false, strikethrough: false, blend: 0, underline: Some(UnderCurl) } }
TRACE [neovide::channel_utils] neovim_handler HighlightAttributesDefine { id: 236, style: Style { colors: Colors { foreground: Some(Color4f { r: 0.078431375, g: 0.08627451, b: 0.105882354, a: 1.0 }), background: Some(Color4f { r: 0.60784316, g: 0.61960787, b: 0.6431373, a: 1.0 }), special: None }, reverse: false, italic: false, bold: false, strikethrough: false, blend: 0, underline: None } }
TRACE [neovide::channel_utils] neovim_handler HighlightAttributesDefine { id: 237, style: Style { colors: Colors { foreground: Some(Color4f { r: 0.17254902, g: 0.18039216, b: 0.2, a: 1.0 }), background: Some(Color4f { r: 0.76862746, g: 0.7764706, b: 0.8039216, a: 1.0 }), special: None }, reverse: false, italic: false, bold: false, strikethrough: false, blend: 0, underline: None } }
TRACE [neovide::channel_utils] neovim_handler HighlightAttributesDefine { id: 238, style: Style { colors: Colors { foreground: Some(Color4f { r: 0.078431375, g: 0.08627451, b: 0.105882354, a: 1.0 }), background: None, special: None }, reverse: false, italic: false, bold: true, strikethrough: false, blend: 0, underline: None } }
TRACE [neovide::channel_utils] neovim_handler HighlightAttributesDefine { id: 239, style: Style { colors: Colors { foreground: None, background: Some(Color4f { r: 0.60784316, g: 0.61960787, b: 0.6431373, a: 1.0 }), special: None }, reverse: false, italic: false, bold: false, strikethrough: false, blend: 0, underline: None } }
TRACE [neovide::channel_utils] neovim_handler HighlightAttributesDefine { id: 240, style: Style { colors: Colors { foreground: Some(Color4f { r: 0.41960785, g: 0.3254902, b: 0.0, a: 1.0 }), background: None, special: None }, reverse: false, italic: false, bold: false, strikethrough: false, blend: 0, underline: None } }
TRACE [neovide::channel_utils] neovim_handler HighlightAttributesDefine { id: 241, style: Style { colors: Colors { foreground: Some(Color4f { r: 0.30980393, g: 0.32156864, b: 0.34509805, a: 1.0 }), background: Some(Color4f { r: 0.93333334, g: 0.94509804, b: 0.972549, a: 1.0 }), special: None }, reverse: false, italic: false, bold: true, strikethrough: false, blend: 0, underline: None } }
TRACE [neovide::channel_utils] neovim_handler HighlightAttributesDefine { id: 242, style: Style { colors: Colors { foreground: Some(Color4f { r: 0.30980393, g: 0.32156864, b: 0.34509805, a: 1.0 }), background: Some(Color4f { r: 0.93333334, g: 0.94509804, b: 0.972549, a: 1.0 }), special: None }, reverse: false, italic: false, bold: false, strikethrough: false, blend: 0, underline: None } }
TRACE [neovide::channel_utils] neovim_handler HighlightAttributesDefine { id: 243, style: Style { colors: Colors { foreground: Some(Color4f { r: 0.078431375, g: 0.08627451, b: 0.105882354, a: 1.0 }), background: None, special: None }, reverse: false, italic: false, bold: false, strikethrough: false, blend: 0, underline: None } }
TRACE [neovide::channel_utils] neovim_handler HighlightAttributesDefine { id: 244, style: Style { colors: Colors { foreground: Some(Color4f { r: 0.0, g: 0.29803923, b: 0.4509804, a: 1.0 }), background: None, special: None }, reverse: false, italic: false, bold: false, strikethrough: false, blend: 0, underline: None } }
TRACE [neovide::channel_utils] neovim_handler HighlightAttributesDefine { id: 245, style: Style { colors: Colors { foreground: Some(Color4f { r: 0.02745098, g: 0.03137255, b: 0.050980393, a: 1.0 }), background: Some(Color4f { r: 1.0, g: 0.7529412, b: 0.7254902, a: 1.0 }), special: None }, reverse: false, italic: false, bold: false, strikethrough: false, blend: 0, underline: None } }
TRACE [neovide::channel_utils] neovim_handler HighlightAttributesDefine { id: 246, style: Style { colors: Colors { foreground: None, background: None, special: Some(Color4f { r: 0.34901962, g: 0.0, b: 0.03137255, a: 1.0 }) }, reverse: false, italic: false, bold: false, strikethrough: false, blend: 0, underline: Some(Underline) } }
TRACE [neovide::channel_utils] neovim_handler HighlightAttributesDefine { id: 247, style: Style { colors: Colors { foreground: None, background: None, special: Some(Color4f { r: 0.41960785, g: 0.3254902, b: 0.0, a: 1.0 }) }, reverse: false, italic: false, bold: false, strikethrough: false, blend: 0, underline: Some(Underline) } }
TRACE [neovide::channel_utils] neovim_handler HighlightAttributesDefine { id: 248, style: Style { colors: Colors { foreground: None, background: None, special: Some(Color4f { r: 0.0, g: 0.4509804, b: 0.4509804, a: 1.0 }) }, reverse: false, italic: false, bold: false, strikethrough: false, blend: 0, underline: Some(Underline) } }
TRACE [neovide::channel_utils] neovim_handler HighlightAttributesDefine { id: 249, style: Style { colors: Colors { foreground: None, background: None, special: Some(Color4f { r: 0.0, g: 0.29803923, b: 0.4509804, a: 1.0 }) }, reverse: false, italic: false, bold: false, strikethrough: false, blend: 0, underline: Some(Underline) } }
TRACE [neovide::channel_utils] neovim_handler HighlightAttributesDefine { id: 250, style: Style { colors: Colors { foreground: None, background: None, special: Some(Color4f { r: 0.0, g: 0.33333334, b: 0.13725491, a: 1.0 }) }, reverse: false, italic: false, bold: false, strikethrough: false, blend: 0, underline: Some(Underline) } }
TRACE [neovide::channel_utils] neovim_handler HighlightAttributesDefine { id: 251, style: Style { colors: Colors { foreground: None, background: None, special: Some(Color4f { r: 0.34901962, g: 0.0, b: 0.03137255, a: 1.0 }) }, reverse: false, italic: false, bold: false, strikethrough: true, blend: 0, underline: None } }
TRACE [neovide::channel_utils] neovim_handler HighlightAttributesDefine { id: 252, style: Style { colors: Colors { foreground: None, background: Some(Color4f { r: 0.76862746, g: 0.7764706, b: 0.8039216, a: 1.0 }), special: None }, reverse: false, italic: false, bold: false, strikethrough: false, blend: 20, underline: None } }
TRACE [neovide::channel_utils] neovim_handler HighlightAttributesDefine { id: 253, style: Style { colors: Colors { foreground: None, background: Some(Color4f { r: 0.60784316, g: 0.61960787, b: 0.6431373, a: 1.0 }), special: None }, reverse: false, italic: false, bold: false, strikethrough: false, blend: 20, underline: None } }
TRACE [neovide::channel_utils] neovim_handler OptionSet { gui_option: TermGuiColors(true) }
TRACE [neovide::channel_utils] neovim_handler HighlightAttributesDefine { id: 254, style: Style { colors: Colors { foreground: Some(Color4f { r: 0.9764706, g: 0.9607843, b: 0.84313726, a: 1.0 }), background: Some(Color4f { r: 0.6156863, g: 0.0, b: 0.023529412, a: 1.0 }), special: None }, reverse: false, italic: false, bold: true, strikethrough: false, blend: 0, underline: None } }
TRACE [neovide::channel_utils] neovim_handler HighlightAttributesDefine { id: 255, style: Style { colors: Colors { foreground: Some(Color4f { r: 0.4, g: 0.36078432, b: 0.32941177, a: 1.0 }), background: None, special: None }, reverse: false, italic: false, bold: true, strikethrough: false, blend: 0, underline: None } }
TRACE [neovide::channel_utils] neovim_handler HighlightAttributesDefine { id: 256, style: Style { colors: Colors { foreground: Some(Color4f { r: 0.15686275, g: 0.15686275, b: 0.15686275, a: 1.0 }), background: Some(Color4f { r: 0.9764706, g: 0.9607843, b: 0.84313726, a: 1.0 }), special: None }, reverse: false, italic: true, bold: false, strikethrough: false, blend: 0, underline: None } }
TRACE [neovide::channel_utils] neovim_handler HighlightAttributesDefine { id: 257, style: Style { colors: Colors { foreground: Some(Color4f { r: 0.15686275, g: 0.15686275, b: 0.15686275, a: 1.0 }), background: Some(Color4f { r: 0.9764706, g: 0.9607843, b: 0.84313726, a: 1.0 }), special: None }, reverse: false, italic: true, bold: false, strikethrough: false, blend: 0, underline: Some(Underline) } }
TRACE [neovide::channel_utils] neovim_handler HighlightAttributesDefine { id: 258, style: Style { colors: Colors { foreground: Some(Color4f { r: 0.15686275, g: 0.15686275, b: 0.15686275, a: 1.0 }), background: Some(Color4f { r: 0.9764706, g: 0.9607843, b: 0.84313726, a: 1.0 }), special: None }, reverse: false, italic: false, bold: false, strikethrough: false, blend: 0, underline: Some(Underline) } }
TRACE [neovide::channel_utils] neovim_handler HighlightAttributesDefine { id: 259, style: Style { colors: Colors { foreground: Some(Color4f { r: 0.15686275, g: 0.15686275, b: 0.15686275, a: 1.0 }), background: Some(Color4f { r: 0.9764706, g: 0.9607843, b: 0.84313726, a: 1.0 }), special: None }, reverse: false, italic: true, bold: true, strikethrough: false, blend: 0, underline: Some(Underline) } }
TRACE [neovide::editor] Option set TermGuiColors(true)
TRACE [neovide::channel_utils] neovim_handler HighlightAttributesDefine { id: 260, style: Style { colors: Colors { foreground: Some(Color4f { r: 0.15686275, g: 0.15686275, b: 0.15686275, a: 1.0 }), background: Some(Color4f { r: 0.9764706, g: 0.9607843, b: 0.84313726, a: 1.0 }), special: None }, reverse: false, italic: true, bold: true, strikethrough: false, blend: 0, underline: None } }
TRACE [neovide::channel_utils] neovim_handler HighlightAttributesDefine { id: 261, style: Style { colors: Colors { foreground: Some(Color4f { r: 0.15686275, g: 0.15686275, b: 0.15686275, a: 1.0 }), background: Some(Color4f { r: 0.9764706, g: 0.9607843, b: 0.84313726, a: 1.0 }), special: None }, reverse: false, italic: false, bold: true, strikethrough: false, blend: 0, underline: Some(Underline) } }
TRACE [neovide::channel_utils] neovim_handler HighlightAttributesDefine { id: 262, style: Style { colors: Colors { foreground: Some(Color4f { r: 0.15686275, g: 0.15686275, b: 0.15686275, a: 1.0 }), background: Some(Color4f { r: 0.9764706, g: 0.9607843, b: 0.84313726, a: 1.0 }), special: None }, reverse: false, italic: false, bold: true, strikethrough: false, blend: 0, underline: None } }
TRACE [neovide::channel_utils] neovim_handler HighlightAttributesDefine { id: 263, style: Style { colors: Colors { foreground: Some(Color4f { r: 0.4862745, g: 0.43529412, b: 0.39215687, a: 1.0 }), background: None, special: None }, reverse: false, italic: false, bold: false, strikethrough: false, blend: 0, underline: Some(Underline) } }
TRACE [neovide::channel_utils] neovim_handler HighlightAttributesDefine { id: 264, style: Style { colors: Colors { foreground: None, background: None, special: Some(Color4f { r: 0.56078434, g: 0.24705882, b: 0.44313726, a: 1.0 }) }, reverse: false, italic: false, bold: false, strikethrough: false, blend: 0, underline: Some(Underline) } }
TRACE [neovide::channel_utils] neovim_handler HighlightAttributesDefine { id: 265, style: Style { colors: Colors { foreground: None, background: None, special: Some(Color4f { r: 0.25882354, g: 0.48235294, b: 0.34509805, a: 1.0 }) }, reverse: false, italic: false, bold: false, strikethrough: false, blend: 0, underline: Some(Underline) } }
TRACE [neovide::channel_utils] neovim_handler HighlightAttributesDefine { id: 266, style: Style { colors: Colors { foreground: None, background: None, special: Some(Color4f { r: 0.02745098, g: 0.4, b: 0.47058824, a: 1.0 }) }, reverse: false, italic: false, bold: false, strikethrough: false, blend: 0, underline: Some(Underline) } }
TRACE [neovide::channel_utils] neovim_handler HighlightAttributesDefine { id: 267, style: Style { colors: Colors { foreground: None, background: None, special: Some(Color4f { r: 0.4745098, g: 0.45490196, b: 0.05490196, a: 1.0 }) }, reverse: false, italic: false, bold: false, strikethrough: false, blend: 0, underline: Some(Underline) } }
TRACE [neovide::channel_utils] neovim_handler HighlightAttributesDefine { id: 268, style: Style { colors: Colors { foreground: None, background: None, special: Some(Color4f { r: 0.70980394, g: 0.4627451, b: 0.078431375, a: 1.0 }) }, reverse: false, italic: false, bold: false, strikethrough: false, blend: 0, underline: Some(Underline) } }
TRACE [neovide::channel_utils] neovim_handler HighlightAttributesDefine { id: 269, style: Style { colors: Colors { foreground: None, background: None, special: Some(Color4f { r: 0.6862745, g: 0.22745098, b: 0.011764706, a: 1.0 }) }, reverse: false, italic: false, bold: false, strikethrough: false, blend: 0, underline: Some(Underline) } }
TRACE [neovide::channel_utils] neovim_handler HighlightAttributesDefine { id: 270, style: Style { colors: Colors { foreground: None, background: None, special: Some(Color4f { r: 0.6156863, g: 0.0, b: 0.023529412, a: 1.0 }) }, reverse: false, italic: false, bold: false, strikethrough: false, blend: 0, underline: Some(Underline) } }
TRACE [neovide::channel_utils] neovim_handler HighlightAttributesDefine { id: 271, style: Style { colors: Colors { foreground: Some(Color4f { r: 0.6862745, g: 0.22745098, b: 0.011764706, a: 1.0 }), background: None, special: None }, reverse: false, italic: false, bold: false, strikethrough: false, blend: 0, underline: None } }
TRACE [neovide::channel_utils] neovim_handler HighlightAttributesDefine { id: 272, style: Style { colors: Colors { foreground: Some(Color4f { r: 0.70980394, g: 0.4627451, b: 0.078431375, a: 1.0 }), background: None, special: None }, reverse: false, italic: false, bold: false, strikethrough: false, blend: 0, underline: None } }
TRACE [neovide::channel_utils] neovim_handler HighlightAttributesDefine { id: 273, style: Style { colors: Colors { foreground: Some(Color4f { r: 0.02745098, g: 0.4, b: 0.47058824, a: 1.0 }), background: None, special: None }, reverse: false, italic: false, bold: false, strikethrough: false, blend: 0, underline: None } }
TRACE [neovide::channel_utils] neovim_handler HighlightAttributesDefine { id: 274, style: Style { colors: Colors { foreground: Some(Color4f { r: 0.9764706, g: 0.9607843, b: 0.84313726, a: 1.0 }), background: Some(Color4f { r: 0.4862745, g: 0.43529412, b: 0.39215687, a: 1.0 }), special: None }, reverse: false, italic: false, bold: false, strikethrough: false, blend: 0, underline: None } }
TRACE [neovide::bridge::handler] Neovim notification: "setting_changed"
TRACE [neovide::bridge::handler] Neovim notification: "setting_changed"
TRACE [neovide::bridge::handler] Neovim notification: "setting_changed"
TRACE [neovide::bridge::handler] Neovim notification: "setting_changed"
TRACE [neovide::bridge::handler] Neovim notification: "setting_changed"
TRACE [neovide::bridge::handler] Neovim notification: "option_changed"
TRACE [neovide::bridge::handler] Neovim notification: "redraw"
DEBUG [neovide::bridge::events] Ignored style attribute: "nocombine"
DEBUG [neovide::bridge::events] Ignored style attribute: "nocombine"
DEBUG [neovide::bridge::events] Ignored style attribute: "nocombine"
DEBUG [neovide::bridge::events] Ignored style attribute: "nocombine"
DEBUG [neovide::bridge::events] Ignored style attribute: "nocombine"
DEBUG [neovide::bridge::events] Ignored style attribute: "nocombine"
DEBUG [neovide::bridge::events] Ignored style attribute: "nocombine"
DEBUG [neovide::bridge::events] Ignored style attribute: "nocombine"
DEBUG [neovide::bridge::events] Ignored style attribute: "nocombine"
DEBUG [neovide::bridge::events] Ignored style attribute: "nocombine"
DEBUG [neovide::bridge::events] Ignored style attribute: "nocombine"
DEBUG [neovide::bridge::events] Ignored style attribute: "nocombine"
TRACE [neovide::channel_utils] neovim_handler HighlightAttributesDefine { id: 275, style: Style { colors: Colors { foreground: Some(Color4f { r: 0.9764706, g: 0.9607843, b: 0.84313726, a: 1.0 }), background: Some(Color4f { r: 0.02745098, g: 0.4, b: 0.47058824, a: 1.0 }), special: None }, reverse: false, italic: false, bold: true, strikethrough: false, blend: 0, underline: None } }
TRACE [neovide::channel_utils] neovim_handler HighlightAttributesDefine { id: 276, style: Style { colors: Colors { foreground: Some(Color4f { r: 0.9764706, g: 0.9607843, b: 0.84313726, a: 1.0 }), background: Some(Color4f { r: 0.70980394, g: 0.4627451, b: 0.078431375, a: 1.0 }), special: None }, reverse: false, italic: false, bold: true, strikethrough: false, blend: 0, underline: None } }
TRACE [neovide::channel_utils] neovim_handler HighlightAttributesDefine { id: 277, style: Style { colors: Colors { foreground: Some(Color4f { r: 0.9764706, g: 0.9607843, b: 0.84313726, a: 1.0 }), background: Some(Color4f { r: 0.70980394, g: 0.4627451, b: 0.078431375, a: 1.0 }), special: None }, reverse: false, italic: false, bold: false, strikethrough: false, blend: 0, underline: None } }
TRACE [neovide::channel_utils] neovim_handler HighlightAttributesDefine { id: 278, style: Style { colors: Colors { foreground: Some(Color4f { r: 0.9764706, g: 0.9607843, b: 0.84313726, a: 1.0 }), background: Some(Color4f { r: 0.02745098, g: 0.4, b: 0.47058824, a: 1.0 }), special: None }, reverse: false, italic: false, bold: false, strikethrough: false, blend: 0, underline: None } }
TRACE [neovide::channel_utils] neovim_handler HighlightAttributesDefine { id: 279, style: Style { colors: Colors { foreground: Some(Color4f { r: 0.56078434, g: 0.24705882, b: 0.44313726, a: 1.0 }), background: None, special: None }, reverse: false, italic: true, bold: false, strikethrough: false, blend: 0, underline: None } }
TRACE [neovide::channel_utils] neovim_handler HighlightAttributesDefine { id: 280, style: Style { colors: Colors { foreground: Some(Color4f { r: 0.9764706, g: 0.9607843, b: 0.84313726, a: 1.0 }), background: None, special: None }, reverse: false, italic: false, bold: false, strikethrough: false, blend: 0, underline: None } }
TRACE [neovide::channel_utils] neovim_handler HighlightAttributesDefine { id: 281, style: Style { colors: Colors { foreground: Some(Color4f { r: 0.02745098, g: 0.4, b: 0.47058824, a: 1.0 }), background: None, special: None }, reverse: false, italic: false, bold: true, strikethrough: false, blend: 0, underline: None } }
TRACE [neovide::channel_utils] neovim_handler HighlightAttributesDefine { id: 282, style: Style { colors: Colors { foreground: Some(Color4f { r: 0.4745098, g: 0.45490196, b: 0.05490196, a: 1.0 }), background: None, special: None }, reverse: false, italic: false, bold: true, strikethrough: false, blend: 0, underline: None } }
TRACE [neovide::channel_utils] neovim_handler HighlightAttributesDefine { id: 283, style: Style { colors: Colors { foreground: Some(Color4f { r: 0.25882354, g: 0.48235294, b: 0.34509805, a: 1.0 }), background: None, special: None }, reverse: false, italic: false, bold: true, strikethrough: false, blend: 0, underline: None } }
TRACE [neovide::channel_utils] neovim_handler HighlightAttributesDefine { id: 284, style: Style { colors: Colors { foreground: Some(Color4f { r: 0.56078434, g: 0.24705882, b: 0.44313726, a: 1.0 }), background: None, special: None }, reverse: false, italic: false, bold: true, strikethrough: false, blend: 0, underline: None } }
TRACE [neovide::channel_utils] neovim_handler HighlightAttributesDefine { id: 285, style: Style { colors: Colors { foreground: Some(Color4f { r: 0.0, g: 0.0, b: 0.54509807, a: 1.0 }), background: None, special: None }, reverse: false, italic: false, bold: false, strikethrough: false, blend: 0, underline: None } }
TRACE [neovide::channel_utils] neovim_handler HighlightAttributesDefine { id: 286, style: Style { colors: Colors { foreground: Some(Color4f { r: 0.39607844, g: 0.0, b: 0.0, a: 1.0 }), background: None, special: None }, reverse: false, italic: false, bold: false, strikethrough: false, blend: 0, underline: None } }
TRACE [neovide::channel_utils] neovim_handler HighlightAttributesDefine { id: 287, style: Style { colors: Colors { foreground: Some(Color4f { r: 1.0, g: 0.64705884, b: 0.0, a: 1.0 }), background: None, special: None }, reverse: false, italic: false, bold: false, strikethrough: false, blend: 0, underline: None } }
TRACE [neovide::channel_utils] neovim_handler HighlightAttributesDefine { id: 288, style: Style { colors: Colors { foreground: Some(Color4f { r: 0.0, g: 0.39215687, b: 0.0, a: 1.0 }), background: None, special: None }, reverse: false, italic: false, bold: false, strikethrough: false, blend: 0, underline: None } }
TRACE [neovide::channel_utils] neovim_handler HighlightAttributesDefine { id: 289, style: Style { colors: Colors { foreground: Some(Color4f { r: 0.25882354, g: 0.48235294, b: 0.34509805, a: 1.0 }), background: None, special: None }, reverse: false, italic: false, bold: false, strikethrough: false, blend: 0, underline: None } }
TRACE [neovide::channel_utils] neovim_handler HighlightAttributesDefine { id: 290, style: Style { colors: Colors { foreground: Some(Color4f { r: 0.6862745, g: 0.3764706, b: 0.0, a: 1.0 }), background: None, special: None }, reverse: false, italic: false, bold: false, strikethrough: false, blend: 0, underline: None } }
TRACE [neovide::channel_utils] neovim_handler HighlightAttributesDefine { id: 291, style: Style { colors: Colors { foreground: Some(Color4f { r: 0.34509805, g: 0.0, b: 0.34509805, a: 1.0 }), background: None, special: None }, reverse: false, italic: false, bold: false, strikethrough: false, blend: 0, underline: None } }
TRACE [neovide::channel_utils] neovim_handler HighlightAttributesDefine { id: 292, style: Style { colors: Colors { foreground: Some(Color4f { r: 0.5019608, g: 0.5019608, b: 0.5019608, a: 1.0 }), background: None, special: None }, reverse: false, italic: false, bold: false, strikethrough: false, blend: 0, underline: None } }
TRACE [neovide::channel_utils] neovim_handler HighlightAttributesDefine { id: 293, style: Style { colors: Colors { foreground: Some(Color4f { r: 0.25882354, g: 0.48235294, b: 0.34509805, a: 1.0 }), background: Some(Color4f { r: 0.92156863, g: 0.85882354, b: 0.69803923, a: 1.0 }), special: None }, reverse: false, italic: false, bold: false, strikethrough: false, blend: 0, underline: None } }
TRACE [neovide::channel_utils] neovim_handler HighlightAttributesDefine { id: 294, style: Style { colors: Colors { foreground: Some(Color4f { r: 0.02745098, g: 0.4, b: 0.47058824, a: 1.0 }), background: Some(Color4f { r: 0.92156863, g: 0.85882354, b: 0.69803923, a: 1.0 }), special: None }, reverse: false, italic: false, bold: false, strikethrough: false, blend: 0, underline: None } }
TRACE [neovide::channel_utils] neovim_handler HighlightAttributesDefine { id: 295, style: Style { colors: Colors { foreground: Some(Color4f { r: 0.6862745, g: 0.22745098, b: 0.011764706, a: 1.0 }), background: Some(Color4f { r: 0.92156863, g: 0.85882354, b: 0.69803923, a: 1.0 }), special: None }, reverse: false, italic: false, bold: false, strikethrough: false, blend: 0, underline: None } }
TRACE [neovide::channel_utils] neovim_handler HighlightAttributesDefine { id: 296, style: Style { colors: Colors { foreground: Some(Color4f { r: 0.6156863, g: 0.0, b: 0.023529412, a: 1.0 }), background: Some(Color4f { r: 0.92156863, g: 0.85882354, b: 0.69803923, a: 1.0 }), special: None }, reverse: false, italic: false, bold: false, strikethrough: false, blend: 0, underline: None } }
TRACE [neovide::channel_utils] neovim_handler HighlightAttributesDefine { id: 297, style: Style { colors: Colors { foreground: Some(Color4f { r: 0.4745098, g: 0.45490196, b: 0.05490196, a: 1.0 }), background: Some(Color4f { r: 0.92156863, g: 0.85882354, b: 0.69803923, a: 1.0 }), special: None }, reverse: false, italic: false, bold: false, strikethrough: false, blend: 0, underline: None } }
TRACE [neovide::channel_utils] neovim_handler HighlightAttributesDefine { id: 298, style: Style { colors: Colors { foreground: Some(Color4f { r: 0.56078434, g: 0.24705882, b: 0.44313726, a: 1.0 }), background: Some(Color4f { r: 0.92156863, g: 0.85882354, b: 0.69803923, a: 1.0 }), special: None }, reverse: false, italic: false, bold: false, strikethrough: false, blend: 0, underline: None } }
TRACE [neovide::channel_utils] neovim_handler HighlightAttributesDefine { id: 299, style: Style { colors: Colors { foreground: None, background: Some(Color4f { r: 0.25882354, g: 0.48235294, b: 0.34509805, a: 1.0 }), special: None }, reverse: false, italic: false, bold: false, strikethrough: false, blend: 0, underline: None } }
TRACE [neovide::channel_utils] neovim_handler HighlightAttributesDefine { id: 300, style: Style { colors: Colors { foreground: None, background: None, special: Some(Color4f { r: 0.4745098, g: 0.45490196, b: 0.05490196, a: 1.0 }) }, reverse: false, italic: false, bold: false, strikethrough: false, blend: 0, underline: Some(UnderCurl) } }
TRACE [neovide::channel_utils] neovim_handler HighlightAttributesDefine { id: 301, style: Style { colors: Colors { foreground: None, background: None, special: Some(Color4f { r: 0.70980394, g: 0.4627451, b: 0.078431375, a: 1.0 }) }, reverse: false, italic: false, bold: false, strikethrough: false, blend: 0, underline: Some(UnderCurl) } }
TRACE [neovide::channel_utils] neovim_handler HighlightAttributesDefine { id: 302, style: Style { colors: Colors { foreground: None, background: Some(Color4f { r: 1.0, g: 0.64705884, b: 0.27450982, a: 1.0 }), special: None }, reverse: false, italic: false, bold: false, strikethrough: false, blend: 0, underline: None } }
TRACE [neovide::channel_utils] neovim_handler HighlightAttributesDefine { id: 303, style: Style { colors: Colors { foreground: Some(Color4f { r: 0.70980394, g: 0.4627451, b: 0.078431375, a: 1.0 }), background: Some(Color4f { r: 0.92156863, g: 0.85882354, b: 0.69803923, a: 1.0 }), special: None }, reverse: false, italic: false, bold: false, strikethrough: false, blend: 0, underline: None } }
TRACE [neovide::channel_utils] neovim_handler HighlightAttributesDefine { id: 304, style: Style { colors: Colors { foreground: None, background: None, special: Some(Color4f { r: 0.56078434, g: 0.24705882, b: 0.44313726, a: 1.0 }) }, reverse: false, italic: false, bold: false, strikethrough: false, blend: 0, underline: Some(UnderCurl) } }
TRACE [neovide::channel_utils] neovim_handler HighlightAttributesDefine { id: 305, style: Style { colors: Colors { foreground: None, background: Some(Color4f { r: 0.65882355, g: 0.6, b: 0.5176471, a: 1.0 }), special: None }, reverse: false, italic: false, bold: false, strikethrough: false, blend: 0, underline: None } }
TRACE [neovide::channel_utils] neovim_handler HighlightAttributesDefine { id: 306, style: Style { colors: Colors { foreground: None, background: Some(Color4f { r: 0.8352941, g: 0.76862746, b: 0.6313726, a: 1.0 }), special: None }, reverse: false, italic: false, bold: false, strikethrough: false, blend: 0, underline: None } }
TRACE [neovide::channel_utils] neovim_handler HighlightAttributesDefine { id: 307, style: Style { colors: Colors { foreground: Some(Color4f { r: 0.23529412, g: 0.21960784, b: 0.21176471, a: 1.0 }), background: Some(Color4f { r: 0.8352941, g: 0.76862746, b: 0.6313726, a: 1.0 }), special: None }, reverse: false, italic: false, bold: false, strikethrough: false, blend: 0, underline: None } }
TRACE [neovide::channel_utils] neovim_handler HighlightAttributesDefine { id: 308, style: Style { colors: Colors { foreground: Some(Color4f { r: 0.6156863, g: 0.0, b: 0.023529412, a: 1.0 }), background: None, special: None }, reverse: false, italic: false, bold: true, strikethrough: false, blend: 0, underline: None } }
TRACE [neovide::channel_utils] neovim_handler HighlightAttributesDefine { id: 309, style: Style { colors: Colors { foreground: Some(Color4f { r: 0.6862745, g: 0.22745098, b: 0.011764706, a: 1.0 }), background: None, special: None }, reverse: false, italic: true, bold: true, strikethrough: false, blend: 0, underline: None } }
TRACE [neovide::channel_utils] neovim_handler HighlightAttributesDefine { id: 310, style: Style { colors: Colors { foreground: Some(Color4f { r: 0.0, g: 0.0, b: 0.0, a: 1.0 }), background: Some(Color4f { r: 1.0, g: 1.0, b: 1.0, a: 1.0 }), special: None }, reverse: false, italic: false, bold: false, strikethrough: false, blend: 0, underline: None } }
TRACE [neovide::channel_utils] neovim_handler HighlightAttributesDefine { id: 311, style: Style { colors: Colors { foreground: Some(Color4f { r: 0.57254905, g: 0.5137255, b: 0.45490196, a: 1.0 }), background: Some(Color4f { r: 0.92156863, g: 0.85882354, b: 0.69803923, a: 1.0 }), special: None }, reverse: false, italic: false, bold: false, strikethrough: false, blend: 0, underline: None } }
TRACE [neovide::channel_utils] neovim_handler HighlightAttributesDefine { id: 312, style: Style { colors: Colors { foreground: Some(Color4f { r: 0.57254905, g: 0.5137255, b: 0.45490196, a: 1.0 }), background: Some(Color4f { r: 0.92156863, g: 0.85882354, b: 0.69803923, a: 1.0 }), special: None }, reverse: false, italic: true, bold: false, strikethrough: false, blend: 0, underline: None } }
TRACE [neovide::channel_utils] neovim_handler HighlightAttributesDefine { id: 313, style: Style { colors: Colors { foreground: Some(Color4f { r: 0.02745098, g: 0.4, b: 0.47058824, a: 1.0 }), background: Some(Color4f { r: 0.8352941, g: 0.76862746, b: 0.6313726, a: 1.0 }), special: None }, reverse: false, italic: false, bold: true, strikethrough: false, blend: 0, underline: None } }
TRACE [neovide::channel_utils] neovim_handler HighlightAttributesDefine { id: 314, style: Style { colors: Colors { foreground: Some(Color4f { r: 0.7411765, g: 0.68235296, b: 0.5764706, a: 1.0 }), background: Some(Color4f { r: 0.9764706, g: 0.9607843, b: 0.84313726, a: 1.0 }), special: None }, reverse: false, italic: false, bold: false, strikethrough: false, blend: 0, underline: None } }
TRACE [neovide::channel_utils] neovim_handler HighlightAttributesDefine { id: 315, style: Style { colors: Colors { foreground: None, background: Some(Color4f { r: 0.92156863, g: 0.85882354, b: 0.69803923, a: 1.0 }), special: None }, reverse: false, italic: false, bold: false, strikethrough: false, blend: 0, underline: None } }
TRACE [neovide::channel_utils] neovim_handler HighlightAttributesDefine { id: 316, style: Style { colors: Colors { foreground: None, background: Some(Color4f { r: 0.7411765, g: 0.68235296, b: 0.5764706, a: 1.0 }), special: None }, reverse: false, italic: false, bold: true, strikethrough: false, blend: 0, underline: None } }
TRACE [neovide::channel_utils] neovim_handler HighlightAttributesDefine { id: 317, style: Style { colors: Colors { foreground: Some(Color4f { r: 0.6156863, g: 0.0, b: 0.023529412, a: 1.0 }), background: None, special: None }, reverse: false, italic: false, bold: false, strikethrough: false, blend: 0, underline: None } }
TRACE [neovide::channel_utils] neovim_handler HighlightAttributesDefine { id: 318, style: Style { colors: Colors { foreground: Some(Color4f { r: 0.0, g: 0.5019608, b: 0.0, a: 1.0 }), background: None, special: None }, reverse: false, italic: false, bold: false, strikethrough: false, blend: 0, underline: None } }
TRACE [neovide::channel_utils] neovim_handler HighlightAttributesDefine { id: 319, style: Style { colors: Colors { foreground: Some(Color4f { r: 0.54509807, g: 0.0, b: 0.0, a: 1.0 }), background: None, special: None }, reverse: false, italic: false, bold: false, strikethrough: false, blend: 0, underline: None } }
TRACE [neovide::channel_utils] neovim_handler HighlightAttributesDefine { id: 320, style: Style { colors: Colors { foreground: Some(Color4f { r: 0.0, g: 0.0, b: 0.0, a: 1.0 }), background: Some(Color4f { r: 0.9764706, g: 0.9607843, b: 0.84313726, a: 1.0 }), special: None }, reverse: false, italic: false, bold: false, strikethrough: false, blend: 0, underline: None } }
TRACE [neovide::channel_utils] neovim_handler HighlightAttributesDefine { id: 321, style: Style { colors: Colors { foreground: Some(Color4f { r: 0.65882355, g: 0.6, b: 0.5176471, a: 1.0 }), background: Some(Color4f { r: 0.92156863, g: 0.85882354, b: 0.69803923, a: 1.0 }), special: None }, reverse: false, italic: false, bold: false, strikethrough: false, blend: 0, underline: None } }
TRACE [neovide::channel_utils] neovim_handler HighlightAttributesDefine { id: 322, style: Style { colors: Colors { foreground: Some(Color4f { r: 0.6862745, g: 0.22745098, b: 0.011764706, a: 1.0 }), background: Some(Color4f { r: 0.9764706, g: 0.9607843, b: 0.84313726, a: 1.0 }), special: None }, reverse: false, italic: false, bold: false, strikethrough: false, blend: 0, underline: None } }
TRACE [neovide::channel_utils] neovim_handler HighlightAttributesDefine { id: 323, style: Style { colors: Colors { foreground: Some(Color4f { r: 0.4862745, g: 0.43529412, b: 0.39215687, a: 1.0 }), background: Some(Color4f { r: 0.92156863, g: 0.85882354, b: 0.69803923, a: 1.0 }), special: None }, reverse: false, italic: false, bold: false, strikethrough: false, blend: 0, underline: None } }
TRACE [neovide::channel_utils] neovim_handler HighlightAttributesDefine { id: 324, style: Style { colors: Colors { foreground: Some(Color4f { r: 0.23529412, g: 0.21960784, b: 0.21176471, a: 1.0 }), background: Some(Color4f { r: 1.0, g: 0.64705884, b: 0.27450982, a: 1.0 }), special: None }, reverse: false, italic: false, bold: false, strikethrough: false, blend: 0, underline: None } }
TRACE [neovide::channel_utils] neovim_handler HighlightAttributesDefine { id: 325, style: Style { colors: Colors { foreground: Some(Color4f { r: 1.0, g: 0.64705884, b: 0.27450982, a: 1.0 }), background: Some(Color4f { r: 1.0, g: 0.64705884, b: 0.27450982, a: 1.0 }), special: Some(Color4f { r: 0.23529412, g: 0.21960784, b: 0.21176471, a: 1.0 }) }, reverse: false, italic: false, bold: false, strikethrough: false, blend: 0, underline: Some(UnderDouble) } }
TRACE [neovide::channel_utils] neovim_handler HighlightAttributesDefine { id: 326, style: Style { colors: Colors { foreground: Some(Color4f { r: 1.0, g: 0.64705884, b: 0.27450982, a: 1.0 }), background: Some(Color4f { r: 1.0, g: 0.64705884, b: 0.27450982, a: 1.0 }), special: Some(Color4f { r: 0.23529412, g: 0.21960784, b: 0.21176471, a: 1.0 }) }, reverse: false, italic: false, bold: false, strikethrough: false, blend: 0, underline: Some(Underline) } }
TRACE [neovide::channel_utils] neovim_handler HighlightAttributesDefine { id: 327, style: Style { colors: Colors { foreground: Some(Color4f { r: 0.9764706, g: 0.9607843, b: 0.84313726, a: 1.0 }), background: Some(Color4f { r: 0.70980394, g: 0.4627451, b: 0.078431375, a: 1.0 }), special: None }, reverse: false, italic: true, bold: true, strikethrough: false, blend: 0, underline: None } }
TRACE [neovide::channel_utils] neovim_handler HighlightAttributesDefine { id: 328, style: Style { colors: Colors { foreground: Some(Color4f { r: 0.0, g: 0.53333336, b: 0.0, a: 1.0 }), background: None, special: None }, reverse: false, italic: false, bold: false, strikethrough: false, blend: 0, underline: None } }
TRACE [neovide::channel_utils] neovim_handler HighlightAttributesDefine { id: 329, style: Style { colors: Colors { foreground: Some(Color4f { r: 0.34509805, g: 0.0, b: 0.34509805, a: 1.0 }), background: None, special: None }, reverse: false, italic: true, bold: false, strikethrough: false, blend: 0, underline: None } }
TRACE [neovide::channel_utils] neovim_handler HighlightAttributesDefine { id: 330, style: Style { colors: Colors { foreground: None, background: None, special: Some(Color4f { r: 0.6862745, g: 0.22745098, b: 0.011764706, a: 1.0 }) }, reverse: false, italic: false, bold: false, strikethrough: false, blend: 0, underline: Some(UnderCurl) } }
TRACE [neovide::channel_utils] neovim_handler HighlightAttributesDefine { id: 331, style: Style { colors: Colors { foreground: Some(Color4f { r: 0.56078434, g: 0.24705882, b: 0.44313726, a: 1.0 }), background: None, special: None }, reverse: false, italic: false, bold: false, strikethrough: false, blend: 0, underline: None } }
TRACE [neovide::channel_utils] neovim_handler HighlightAttributesDefine { id: 332, style: Style { colors: Colors { foreground: Some(Color4f { r: 0.9764706, g: 0.9607843, b: 0.84313726, a: 1.0 }), background: Some(Color4f { r: 0.25882354, g: 0.48235294, b: 0.34509805, a: 1.0 }), special: None }, reverse: false, italic: false, bold: true, strikethrough: false, blend: 0, underline: None } }
TRACE [neovide::channel_utils] neovim_handler HighlightAttributesDefine { id: 333, style: Style { colors: Colors { foreground: Some(Color4f { r: 0.6862745, g: 0.22745098, b: 0.011764706, a: 1.0 }), background: None, special: None }, reverse: false, italic: false, bold: true, strikethrough: false, blend: 0, underline: None } }
TRACE [neovide::channel_utils] neovim_handler HighlightAttributesDefine { id: 334, style: Style { colors: Colors { foreground: None, background: Some(Color4f { r: 0.9882353, g: 0.5882353, b: 0.5647059, a: 1.0 }), special: None }, reverse: false, italic: false, bold: false, strikethrough: false, blend: 0, underline: None } }
TRACE [neovide::channel_utils] neovim_handler HighlightAttributesDefine { id: 335, style: Style { colors: Colors { foreground: None, background: Some(Color4f { r: 0.9019608, g: 0.9137255, b: 0.75686276, a: 1.0 }), special: None }, reverse: false, italic: false, bold: false, strikethrough: false, blend: 0, underline: None } }
TRACE [neovide::channel_utils] neovim_handler HighlightAttributesDefine { id: 336, style: Style { colors: Colors { foreground: None, background: Some(Color4f { r: 0.827451, g: 0.8392157, b: 0.64705884, a: 1.0 }), special: None }, reverse: false, italic: false, bold: false, strikethrough: false, blend: 0, underline: None } }
TRACE [neovide::channel_utils] neovim_handler HighlightAttributesDefine { id: 337, style: Style { colors: Colors { foreground: Some(Color4f { r: 0.70980394, g: 0.4627451, b: 0.078431375, a: 1.0 }), background: None, special: None }, reverse: false, italic: false, bold: true, strikethrough: false, blend: 0, underline: None } }
TRACE [neovide::channel_utils] neovim_handler HighlightAttributesDefine { id: 338, style: Style { colors: Colors { foreground: Some(Color4f { r: 0.4, g: 0.36078432, b: 0.32941177, a: 1.0 }), background: None, special: None }, reverse: false, italic: true, bold: true, strikethrough: false, blend: 0, underline: None } }
TRACE [neovide::channel_utils] neovim_handler HighlightAttributesDefine { id: 339, style: Style { colors: Colors { foreground: Some(Color4f { r: 0.4, g: 0.36078432, b: 0.32941177, a: 1.0 }), background: None, special: None }, reverse: false, italic: true, bold: false, strikethrough: false, blend: 0, underline: None } }
TRACE [neovide::channel_utils] neovim_handler HighlightAttributesDefine { id: 340, style: Style { colors: Colors { foreground: Some(Color4f { r: 0.6862745, g: 0.22745098, b: 0.011764706, a: 1.0 }), background: None, special: None }, reverse: false, italic: false, bold: true, strikethrough: false, blend: 0, underline: None } }
TRACE [neovide::channel_utils] neovim_handler HighlightAttributesDefine { id: 341, style: Style { colors: Colors { foreground: Some(Color4f { r: 0.25882354, g: 0.48235294, b: 0.34509805, a: 1.0 }), background: Some(Color4f { r: 0.9764706, g: 0.9607843, b: 0.84313726, a: 1.0 }), special: None }, reverse: false, italic: false, bold: false, strikethrough: false, blend: 0, underline: None } }
TRACE [neovide::channel_utils] neovim_handler HighlightAttributesDefine { id: 342, style: Style { colors: Colors { foreground: Some(Color4f { r: 0.70980394, g: 0.4627451, b: 0.078431375, a: 1.0 }), background: None, special: None }, reverse: false, italic: false, bold: true, strikethrough: false, blend: 0, underline: None } }
TRACE [neovide::channel_utils] neovim_handler HighlightAttributesDefine { id: 343, style: Style { colors: Colors { foreground: Some(Color4f { r: 0.9764706, g: 0.9607843, b: 0.84313726, a: 1.0 }), background: Some(Color4f { r: 0.70980394, g: 0.4627451, b: 0.078431375, a: 1.0 }), special: None }, reverse: false, italic: false, bold: true, strikethrough: false, blend: 0, underline: None } }
TRACE [neovide::channel_utils] neovim_handler HighlightAttributesDefine { id: 344, style: Style { colors: Colors { foreground: Some(Color4f { r: 0.9764706, g: 0.9607843, b: 0.84313726, a: 1.0 }), background: Some(Color4f { r: 0.02745098, g: 0.4, b: 0.47058824, a: 1.0 }), special: None }, reverse: false, italic: false, bold: true, strikethrough: false, blend: 0, underline: None } }
TRACE [neovide::channel_utils] neovim_handler HighlightAttributesDefine { id: 345, style: Style { colors: Colors { foreground: Some(Color4f { r: 0.9764706, g: 0.9607843, b: 0.84313726, a: 1.0 }), background: Some(Color4f { r: 0.23529412, g: 0.21960784, b: 0.21176471, a: 1.0 }), special: None }, reverse: false, italic: false, bold: true, strikethrough: false, blend: 0, underline: None } }
TRACE [neovide::channel_utils] neovim_handler HighlightAttributesDefine { id: 346, style: Style { colors: Colors { foreground: Some(Color4f { r: 0.9764706, g: 0.9607843, b: 0.84313726, a: 1.0 }), background: Some(Color4f { r: 0.25882354, g: 0.48235294, b: 0.34509805, a: 1.0 }), special: None }, reverse: false, italic: false, bold: true, strikethrough: false, blend: 0, underline: None } }
TRACE [neovide::channel_utils] neovim_handler HighlightAttributesDefine { id: 347, style: Style { colors: Colors { foreground: Some(Color4f { r: 0.9764706, g: 0.9607843, b: 0.84313726, a: 1.0 }), background: Some(Color4f { r: 0.6156863, g: 0.0, b: 0.023529412, a: 1.0 }), special: None }, reverse: false, italic: false, bold: true, strikethrough: false, blend: 0, underline: None } }
TRACE [neovide::channel_utils] neovim_handler HighlightAttributesDefine { id: 348, style: Style { colors: Colors { foreground: Some(Color4f { r: 0.9764706, g: 0.9607843, b: 0.84313726, a: 1.0 }), background: Some(Color4f { r: 0.4745098, g: 0.45490196, b: 0.05490196, a: 1.0 }), special: None }, reverse: false, italic: false, bold: true, strikethrough: false, blend: 0, underline: None } }
TRACE [neovide::channel_utils] neovim_handler HighlightAttributesDefine { id: 349, style: Style { colors: Colors { foreground: Some(Color4f { r: 0.4745098, g: 0.45490196, b: 0.05490196, a: 1.0 }), background: Some(Color4f { r: 0.92156863, g: 0.85882354, b: 0.69803923, a: 1.0 }), special: None }, reverse: false, italic: false, bold: true, strikethrough: false, blend: 0, underline: None } }
TRACE [neovide::channel_utils] neovim_handler HighlightAttributesDefine { id: 350, style: Style { colors: Colors { foreground: Some(Color4f { r: 0.92156863, g: 0.85882354, b: 0.69803923, a: 1.0 }), background: Some(Color4f { r: 0.4745098, g: 0.45490196, b: 0.05490196, a: 1.0 }), special: None }, reverse: false, italic: false, bold: true, strikethrough: false, blend: 0, underline: None } }
TRACE [neovide::channel_utils] neovim_handler HighlightAttributesDefine { id: 351, style: Style { colors: Colors { foreground: Some(Color4f { r: 0.92156863, g: 0.85882354, b: 0.69803923, a: 1.0 }), background: Some(Color4f { r: 0.65882355, g: 0.6, b: 0.5176471, a: 1.0 }), special: None }, reverse: false, italic: false, bold: false, strikethrough: false, blend: 0, underline: None } }
TRACE [neovide::channel_utils] neovim_handler HighlightAttributesDefine { id: 352, style: Style { colors: Colors { foreground: None, background: Some(Color4f { r: 0.6156863, g: 0.0, b: 0.023529412, a: 1.0 }), special: None }, reverse: false, italic: false, bold: false, strikethrough: false, blend: 0, underline: None } }
TRACE [neovide::channel_utils] neovim_handler HighlightAttributesDefine { id: 353, style: Style { colors: Colors { foreground: Some(Color4f { r: 0.15686275, g: 0.15686275, b: 0.15686275, a: 1.0 }), background: Some(Color4f { r: 0.6156863, g: 0.0, b: 0.023529412, a: 1.0 }), special: None }, reverse: false, italic: false, bold: true, strikethrough: false, blend: 0, underline: None } }
TRACE [neovide::channel_utils] neovim_handler HighlightAttributesDefine { id: 354, style: Style { colors: Colors { foreground: Some(Color4f { r: 0.4745098, g: 0.45490196, b: 0.05490196, a: 1.0 }), background: None, special: None }, reverse: false, italic: false, bold: false, strikethrough: false, blend: 0, underline: None } }
TRACE [neovide::channel_utils] neovim_handler HighlightAttributesDefine { id: 355, style: Style { colors: Colors { foreground: None, background: None, special: Some(Color4f { r: 0.6156863, g: 0.0, b: 0.023529412, a: 1.0 }) }, reverse: false, italic: false, bold: false, strikethrough: false, blend: 0, underline: Some(UnderCurl) } }
TRACE [neovide::channel_utils] neovim_handler HighlightAttributesDefine { id: 356, style: Style { colors: Colors { foreground: None, background: None, special: Some(Color4f { r: 0.02745098, g: 0.4, b: 0.47058824, a: 1.0 }) }, reverse: false, italic: false, bold: false, strikethrough: false, blend: 0, underline: Some(UnderCurl) } }
TRACE [neovide::channel_utils] neovim_handler HighlightAttributesDefine { id: 357, style: Style { colors: Colors { foreground: None, background: None, special: Some(Color4f { r: 0.25882354, g: 0.48235294, b: 0.34509805, a: 1.0 }) }, reverse: false, italic: false, bold: false, strikethrough: false, blend: 0, underline: Some(UnderCurl) } }
TRACE [neovide::channel_utils] neovim_handler HighlightAttributesDefine { id: 358, style: Style { colors: Colors { foreground: None, background: Some(Color4f { r: 0.7411765, g: 0.68235296, b: 0.5764706, a: 1.0 }), special: None }, reverse: false, italic: false, bold: false, strikethrough: false, blend: 0, underline: None } }
TRACE [neovide::channel_utils] neovim_handler HighlightAttributesDefine { id: 359, style: Style { colors: Colors { foreground: Some(Color4f { r: 0.02745098, g: 0.4, b: 0.47058824, a: 1.0 }), background: None, special: None }, reverse: false, italic: false, bold: false, strikethrough: false, blend: 0, underline: Some(Underline) } }
TRACE [neovide::channel_utils] neovim_handler HighlightAttributesDefine { id: 360, style: Style { colors: Colors { foreground: Some(Color4f { r: 0.4862745, g: 0.43529412, b: 0.39215687, a: 1.0 }), background: Some(Color4f { r: 0.9764706, g: 0.9607843, b: 0.84313726, a: 1.0 }), special: None }, reverse: false, italic: false, bold: false, strikethrough: false, blend: 0, underline: None } }
TRACE [neovide::channel_utils] neovim_handler HighlightAttributesDefine { id: 361, style: Style { colors: Colors { foreground: Some(Color4f { r: 0.4, g: 0.36078432, b: 0.32941177, a: 1.0 }), background: Some(Color4f { r: 0.92156863, g: 0.85882354, b: 0.69803923, a: 1.0 }), special: None }, reverse: false, italic: false, bold: false, strikethrough: false, blend: 0, underline: None } }
TRACE [neovide::channel_utils] neovim_handler HighlightAttributesDefine { id: 362, style: Style { colors: Colors { foreground: Some(Color4f { r: 0.6862745, g: 0.3764706, b: 0.0, a: 1.0 }), background: None, special: None }, reverse: false, italic: true, bold: false, strikethrough: false, blend: 0, underline: None } }
TRACE [neovide::channel_utils] neovim_handler HighlightAttributesDefine { id: 363, style: Style { colors: Colors { foreground: Some(Color4f { r: 0.8352941, g: 0.76862746, b: 0.6313726, a: 1.0 }), background: Some(Color4f { r: 0.02745098, g: 0.4, b: 0.47058824, a: 1.0 }), special: None }, reverse: false, italic: false, bold: true, strikethrough: false, blend: 0, underline: None } }
TRACE [neovide::channel_utils] neovim_handler HighlightAttributesDefine { id: 364, style: Style { colors: Colors { foreground: Some(Color4f { r: 0.9764706, g: 0.9607843, b: 0.84313726, a: 1.0 }), background: Some(Color4f { r: 0.4862745, g: 0.43529412, b: 0.39215687, a: 1.0 }), special: None }, reverse: false, italic: false, bold: true, strikethrough: false, blend: 0, underline: None } }
TRACE [neovide::channel_utils] neovim_handler HighlightAttributesDefine { id: 365, style: Style { colors: Colors { foreground: Some(Color4f { r: 0.23529412, g: 0.21960784, b: 0.21176471, a: 1.0 }), background: Some(Color4f { r: 1.0, g: 0.64705884, b: 0.27450982, a: 1.0 }), special: None }, reverse: false, italic: false, bold: false, strikethrough: false, blend: 0, underline: None } }
TRACE [neovide::channel_utils] neovim_handler OptionSet { gui_option: GuiFont("Fira\\ Code:h18") }
DEBUG [neovide::bridge::events] Ignored style attribute: "nocombine"
TRACE [neovide::channel_utils] neovim_handler HighlightAttributesDefine { id: 366, style: Style { colors: Colors { foreground: None, background: None, special: Some(Color4f { r: 0.34509805, g: 0.0, b: 0.34509805, a: 1.0 }) }, reverse: false, italic: false, bold: false, strikethrough: false, blend: 0, underline: Some(Underline) } }
TRACE [neovide::channel_utils] neovim_handler HighlightAttributesDefine { id: 367, style: Style { colors: Colors { foreground: Some(Color4f { r: 0.6862745, g: 0.3764706, b: 0.0, a: 1.0 }), background: None, special: None }, reverse: false, italic: false, bold: false, strikethrough: false, blend: 0, underline: None } }
TRACE [neovide::bridge::handler] Neovim notification: "redraw"
TRACE [neovide::editor] Option set GuiFont("Fira\\ Code:h18")
TRACE [neovide::channel_utils] neovim_handler BusyStart
TRACE [neovide::channel_utils] neovim_handler MessageSetPosition { grid: 3, row: 48, scrolled: false, separator_character: " ", z_index: Some(200), comp_index: Some(1) }
TRACE [neovide::channel_utils] neovim_handler CursorGoto { grid: 1, row: 0, column: 0 }
TRACE [neovide::channel_utils] neovim_handler ModeInfoSet { cursor_modes: [CursorMode { shape: Some(Block), style_id: Some(310), cell_percentage: Some(0.0), blinkwait: Some(700), blinkon: Some(250), blinkoff: Some(400) }, CursorMode { shape: Some(Block), style_id: Some(310), cell_percentage: Some(0.0), blinkwait: Some(700), blinkon: Some(250), blinkoff: Some(400) }, CursorMode { shape: Some(Vertical), style_id: Some(310), cell_percentage: Some(0.25), blinkwait: Some(700), blinkon: Some(250), blinkoff: Some(400) }, CursorMode { shape: Some(Horizontal), style_id: Some(310), cell_percentage: Some(0.2), blinkwait: Some(700), blinkon: Some(250), blinkoff: Some(400) }, CursorMode { shape: Some(Block), style_id: Some(310), cell_percentage: Some(0.0), blinkwait: Some(700), blinkon: Some(250), blinkoff: Some(400) }, CursorMode { shape: Some(Vertical), style_id: Some(310), cell_percentage: Some(0.25), blinkwait: Some(700), blinkon: Some(250), blinkoff: Some(400) }, CursorMode { shape: Some(Horizontal), style_id: Some(310), cell_percentage: Some(0.2), blinkwait: Some(700), blinkon: Some(250), blinkoff: Some(400) }, CursorMode { shape: Some(Horizontal), style_id: Some(310), cell_percentage: Some(0.5), blinkwait: Some(700), blinkon: Some(250), blinkoff: Some(400) }, CursorMode { shape: Some(Vertical), style_id: Some(310), cell_percentage: Some(0.25), blinkwait: Some(700), blinkon: Some(250), blinkoff: Some(400) }, CursorMode { shape: None, style_id: None, cell_percentage: None, blinkwait: None, blinkon: None, blinkoff: None }, CursorMode { shape: None, style_id: None, cell_percentage: None, blinkwait: None, blinkon: None, blinkoff: None }, CursorMode { shape: None, style_id: None, cell_percentage: None, blinkwait: None, blinkon: None, blinkoff: None }, CursorMode { shape: None, style_id: None, cell_percentage: None, blinkwait: None, blinkon: None, blinkoff: None }, CursorMode { shape: None, style_id: None, cell_percentage: None, blinkwait: None, blinkon: None, blinkoff: None }, CursorMode { shape: None, style_id: None, cell_percentage: None, blinkwait: None, blinkon: None, blinkoff: None }, CursorMode { shape: None, style_id: None, cell_percentage: None, blinkwait: None, blinkon: None, blinkoff: None }, CursorMode { shape: Some(Block), style_id: Some(310), cell_percentage: Some(0.0), blinkwait: Some(175), blinkon: Some(175), blinkoff: Some(150) }, CursorMode { shape: Some(Block), style_id: Some(310), cell_percentage: Some(0.0), blinkwait: Some(700), blinkon: Some(250), blinkoff: Some(400) }] }
TRACE [neovide::channel_utils] neovim_handler ModeChange { mode: Normal, mode_index: 0 }
TRACE [neovide::channel_utils] neovim_handler MouseOn
TRACE [neovide::channel_utils] neovim_handler Flush
TRACE [neovide::editor] Cursor off
TRACE [neovide::editor] Image flushed
TRACE [neovide::editor] send_batch
DEBUG [neovide::renderer::fonts::caching_shaper] Updating font: Cascadia Code,Cascadia Mono,Consolas,Courier New,monospace
DEBUG [neovide::renderer::fonts::caching_shaper] Updating font options: FontOptions { normal: [FontDescription { family: "Cascadia Code", style: None }, FontDescription { family: "Cascadia Mono", style: None }, FontDescription { family: "Consolas", style: None }, FontDescription { family: "Courier New", style: None }, FontDescription { family: "monospace", style: None }], italic: None, bold: None, bold_italic: None, features: {}, size: 18.666668, width: 0.0, hinting: Full, edging: AntiAlias }
TRACE [neovide::renderer::fonts::font_loader] Loading font FontKey { font_desc: Some(FontDescription { family: "Cascadia Code", style: Some("Bold Italic") }), hinting: Full, edging: AntiAlias }
TRACE [neovide::renderer::fonts::font_loader] Loading font FontKey { font_desc: Some(FontDescription { family: "Cascadia Mono", style: Some("Bold Italic") }), hinting: Full, edging: AntiAlias }
TRACE [neovide::renderer::fonts::font_loader] Loading font FontKey { font_desc: Some(FontDescription { family: "Consolas", style: Some("Bold Italic") }), hinting: Full, edging: AntiAlias }
TRACE [neovide::renderer::fonts::font_loader] Loading font FontKey { font_desc: Some(FontDescription { family: "Courier New", style: Some("Bold Italic") }), hinting: Full, edging: AntiAlias }
TRACE [neovide::renderer::fonts::font_loader] Loading font FontKey { font_desc: Some(FontDescription { family: "monospace", style: Some("Bold Italic") }), hinting: Full, edging: AntiAlias }
TRACE [neovide::renderer::fonts::font_loader] Loading font FontKey { font_desc: Some(FontDescription { family: "Cascadia Code", style: Some("Bold") }), hinting: Full, edging: AntiAlias }
TRACE [neovide::renderer::fonts::font_loader] Loading font FontKey { font_desc: Some(FontDescription { family: "Cascadia Mono", style: Some("Bold") }), hinting: Full, edging: AntiAlias }
TRACE [neovide::renderer::fonts::font_loader] Loading font FontKey { font_desc: Some(FontDescription { family: "Consolas", style: Some("Bold") }), hinting: Full, edging: AntiAlias }
TRACE [neovide::renderer::fonts::font_loader] Loading font FontKey { font_desc: Some(FontDescription { family: "Courier New", style: Some("Bold") }), hinting: Full, edging: AntiAlias }
TRACE [neovide::renderer::fonts::font_loader] Loading font FontKey { font_desc: Some(FontDescription { family: "monospace", style: Some("Bold") }), hinting: Full, edging: AntiAlias }
TRACE [neovide::renderer::fonts::font_loader] Loading font FontKey { font_desc: Some(FontDescription { family: "Cascadia Code", style: Some("Italic") }), hinting: Full, edging: AntiAlias }
TRACE [neovide::renderer::fonts::font_loader] Loading font FontKey { font_desc: Some(FontDescription { family: "Cascadia Mono", style: Some("Italic") }), hinting: Full, edging: AntiAlias }
TRACE [neovide::renderer::fonts::font_loader] Loading font FontKey { font_desc: Some(FontDescription { family: "Consolas", style: Some("Italic") }), hinting: Full, edging: AntiAlias }
TRACE [neovide::renderer::fonts::font_loader] Loading font FontKey { font_desc: Some(FontDescription { family: "Courier New", style: Some("Italic") }), hinting: Full, edging: AntiAlias }
TRACE [neovide::renderer::fonts::font_loader] Loading font FontKey { font_desc: Some(FontDescription { family: "monospace", style: Some("Italic") }), hinting: Full, edging: AntiAlias }
TRACE [neovide::renderer::fonts::font_loader] Loading font FontKey { font_desc: Some(FontDescription { family: "Cascadia Code", style: None }), hinting: Full, edging: AntiAlias }
TRACE [neovide::renderer::fonts::font_loader] Loading font FontKey { font_desc: Some(FontDescription { family: "Cascadia Mono", style: None }), hinting: Full, edging: AntiAlias }
TRACE [neovide::renderer::fonts::font_loader] Loading font FontKey { font_desc: Some(FontDescription { family: "Consolas", style: None }), hinting: Full, edging: AntiAlias }
TRACE [neovide::renderer::fonts::font_loader] Loading font FontKey { font_desc: Some(FontDescription { family: "Courier New", style: None }), hinting: Full, edging: AntiAlias }
TRACE [neovide::renderer::fonts::font_loader] Loading font FontKey { font_desc: Some(FontDescription { family: "monospace", style: None }), hinting: Full, edging: AntiAlias }
ERROR [neovide::renderer::fonts::caching_shaper] Font can't be updated to: FontOptions {
    normal: [
        FontDescription {
            family: "Cascadia Code",
            style: None,
        },
        FontDescription {
            family: "Cascadia Mono",
            style: None,
        },
        FontDescription {
            family: "Consolas",
            style: None,
        },
        FontDescription {
            family: "Courier New",
            style: None,
        },
        FontDescription {
            family: "monospace",
            style: None,
        },
    ],
    italic: None,
    bold: None,
    bold_italic: None,
    features: {},
    size: 18.666668,
    width: 0.0,
    hinting: Full,
    edging: AntiAlias,
}
Following fonts couldn't be loaded: FontKey { font_desc: Some(FontDescription { family: "monospace", style: Some("Bold Italic") }), hinting: Full, edging: AntiAlias },
FontKey { font_desc: Some(FontDescription { family: "monospace", style: Some("Bold") }), hinting: Full, edging: AntiAlias },
FontKey { font_desc: Some(FontDescription { family: "monospace", style: Some("Italic") }), hinting: Full, edging: AntiAlias },
FontKey { font_desc: Some(FontDescription { family: "monospace", style: None }), hinting: Full, edging: AntiAlias }
TRACE [neovide::channel_utils] UIComand Parallel(ShowError { lines: ["Font can't be updated to: FontOptions {", "    normal: [", "        FontDescription {", "            family: \"Cascadia Code\",", "            style: None,", "        },", "        FontDescription {", "            family: \"Cascadia Mono\",", "            style: None,", "        },", "        FontDescription {", "            family: \"Consolas\",", "            style: None,", "        },", "        FontDescription {", "            family: \"Courier New\",", "            style: None,", "        },", "        FontDescription {", "            family: \"monospace\",", "            style: None,", "        },", "    ],", "    italic: None,", "    bold: None,", "    bold_italic: None,", "    features: {},", "    size: 18.666668,", "    width: 0.0,", "    hinting: Full,", "    edging: AntiAlias,", "}", "Following fonts couldn't be loaded: FontKey { font_desc: Some(FontDescription { family: \"monospace\", style: Some(\"Bold Italic\") }), hinting: Full, edging: AntiAlias },", "FontKey { font_desc: Some(FontDescription { family: \"monospace\", style: Some(\"Bold\") }), hinting: Full, edging: AntiAlias },", "FontKey { font_desc: Some(FontDescription { family: \"monospace\", style: Some(\"Italic\") }), hinting: Full, edging: AntiAlias },", "FontKey { font_desc: Some(FontDescription { family: \"monospace\", style: None }), hinting: Full, edging: AntiAlias }"] })
DEBUG [neovide::renderer::fonts::caching_shaper] Font updated to: FontOptions { normal: [FontDescription { family: "Cascadia Code", style: None }, FontDescription { family: "Cascadia Mono", style: None }, FontDescription { family: "Consolas", style: None }, FontDescription { family: "Courier New", style: None }, FontDescription { family: "monospace", style: None }], italic: None, bold: None, bold_italic: None, features: {}, size: 18.666668, width: 0.0, hinting: Full, edging: AntiAlias }
TRACE [neovide::renderer::fonts::font_loader] Loading font FontKey { font_desc: Some(FontDescription { family: "Cascadia Code", style: None }), hinting: Full, edging: AntiAlias }
INFO [neovide::renderer::fonts::caching_shaper] Reset Font Loader: font_size: 18.67px, font_width: 10.94px
TRACE [neovide::renderer::grid_renderer] Updated font dimensions: GridScale { transform: Transform2 { matrix: [(10.937501, 0.0, 0.0), (0.0, 22.0, 0.0), (0.0, 0.0, 1.0)] } }
DEBUG [neovide::renderer::fonts::caching_shaper] Updating linespace: 0
DEBUG [neovide::renderer::fonts::caching_shaper] Linespace updated to: 0
TRACE [neovide::renderer::fonts::font_loader] Loading font FontKey { font_desc: Some(FontDescription { family: "Cascadia Code", style: None }), hinting: Full, edging: AntiAlias }
INFO [neovide::renderer::fonts::caching_shaper] Reset Font Loader: font_size: 18.67px, font_width: 10.94px
TRACE [neovide::renderer::grid_renderer] Updated font dimensions: GridScale { transform: Transform2 { matrix: [(10.937501, 0.0, 0.0), (0.0, 22.0, 0.0), (0.0, 0.0, 1.0)] } }
DEBUG [neovide::renderer::fonts::caching_shaper] Updating font: Fira\ Code:h18
DEBUG [neovide::renderer::fonts::caching_shaper] Updating font options: FontOptions { normal: [FontDescription { family: "Fira Code", style: None }], italic: None, bold: None, bold_italic: None, features: {}, size: 24.0, width: 0.0, hinting: Full, edging: AntiAlias }
TRACE [neovide::renderer::fonts::font_loader] Loading font FontKey { font_desc: Some(FontDescription { family: "Fira Code", style: Some("Bold Italic") }), hinting: Full, edging: AntiAlias }
TRACE [neovide::renderer::fonts::font_loader] Loading font FontKey { font_desc: Some(FontDescription { family: "Fira Code", style: Some("Bold") }), hinting: Full, edging: AntiAlias }
TRACE [neovide::renderer::fonts::font_loader] Loading font FontKey { font_desc: Some(FontDescription { family: "Fira Code", style: Some("Italic") }), hinting: Full, edging: AntiAlias }
TRACE [neovide::renderer::fonts::font_loader] Loading font FontKey { font_desc: Some(FontDescription { family: "Fira Code", style: None }), hinting: Full, edging: AntiAlias }
DEBUG [neovide::renderer::fonts::caching_shaper] Font updated to: FontOptions { normal: [FontDescription { family: "Fira Code", style: None }], italic: None, bold: None, bold_italic: None, features: {}, size: 24.0, width: 0.0, hinting: Full, edging: AntiAlias }
TRACE [neovide::renderer::fonts::font_loader] Loading font FontKey { font_desc: Some(FontDescription { family: "Fira Code", style: None }), hinting: Full, edging: AntiAlias }
INFO [neovide::renderer::fonts::caching_shaper] Reset Font Loader: font_size: 24.00px, font_width: 14.77px
TRACE [neovide::renderer::grid_renderer] Updated font dimensions: GridScale { transform: Transform2 { matrix: [(14.769231, 0.0, 0.0), (0.0, 30.0, 0.0), (0.0, 0.0, 1.0)] } }
TRACE [neovide::bridge::handler] Neovim notification: "redraw"
TRACE [neovide::channel_utils] neovim_handler BusyStop
TRACE [neovide::channel_utils] neovim_handler BusyStart
TRACE [neovide::editor] Cursor on
TRACE [neovide::editor] Cursor off
TRACE [neovide::channel_utils] neovim_handler Flush
TRACE [neovide::editor] Image flushed
TRACE [neovide::editor] send_batch
TRACE [neovide::bridge::handler] Neovim notification: "redraw"
TRACE [neovide::channel_utils] neovim_handler BusyStop
TRACE [neovide::editor] Cursor on
TRACE [neovide::channel_utils] neovim_handler HighlightAttributesDefine { id: 368, style: Style { colors: Colors { foreground: Some(Color4f { r: 0.23529412, g: 0.21960784, b: 0.21176471, a: 1.0 }), background: Some(Color4f { r: 0.8352941, g: 0.76862746, b: 0.6313726, a: 1.0 }), special: None }, reverse: false, italic: false, bold: false, strikethrough: false, blend: 20, underline: None } }
TRACE [neovide::channel_utils] neovim_handler HighlightAttributesDefine { id: 369, style: Style { colors: Colors { foreground: Some(Color4f { r: 0.8352941, g: 0.76862746, b: 0.6313726, a: 1.0 }), background: Some(Color4f { r: 0.02745098, g: 0.4, b: 0.47058824, a: 1.0 }), special: None }, reverse: false, italic: false, bold: true, strikethrough: false, blend: 20, underline: None } }
TRACE [neovide::channel_utils] neovim_handler HighlightAttributesDefine { id: 370, style: Style { colors: Colors { foreground: None, background: Some(Color4f { r: 0.8352941, g: 0.76862746, b: 0.6313726, a: 1.0 }), special: None }, reverse: false, italic: false, bold: false, strikethrough: false, blend: 20, underline: None } }
TRACE [neovide::channel_utils] neovim_handler HighlightAttributesDefine { id: 371, style: Style { colors: Colors { foreground: None, background: Some(Color4f { r: 0.65882355, g: 0.6, b: 0.5176471, a: 1.0 }), special: None }, reverse: false, italic: false, bold: false, strikethrough: false, blend: 20, underline: None } }
TRACE [neovide::channel_utils] neovim_handler MessageSetPosition { grid: 3, row: 47, scrolled: false, separator_character: " ", z_index: Some(200), comp_index: Some(1) }
TRACE [neovide::channel_utils] neovim_handler DefaultColorsSet { colors: Colors { foreground: Some(Color4f { r: 0.23529412, g: 0.21960784, b: 0.21176471, a: 1.0 }), background: Some(Color4f { r: 1.0, g: 0.64705884, b: 0.27450982, a: 1.0 }), special: Some(Color4f { r: 1.0, g: 0.0, b: 0.0, a: 1.0 }) } }
TRACE [neovide::channel_utils] neovim_handler GridLine { grid: 3, row: 0, column_start: 0, cells: [GridLineCell { text: " ", highlight_id: Some(1), repeat: Some(65) }] }
TRACE [neovide::channel_utils] neovim_handler MessageSetPosition { grid: 3, row: 48, scrolled: false, separator_character: " ", z_index: Some(200), comp_index: Some(1) }
TRACE [neovide::channel_utils] neovim_handler Resize { grid: 2, width: 65, height: 47 }
TRACE [neovide::channel_utils] neovim_handler GridLine { grid: 2, row: 0, column_start: 0, cells: [GridLineCell { text: " ", highlight_id: Some(302), repeat: Some(2) }, GridLineCell { text: " ", highlight_id: Some(0), repeat: Some(63) }] }
TRACE [neovide::channel_utils] neovim_handler GridLine { grid: 2, row: 1, column_start: 0, cells: [GridLineCell { text: "~", highlight_id: Some(91), repeat: None }, GridLineCell { text: " ", highlight_id: Some(91), repeat: Some(64) }] }
TRACE [neovide::channel_utils] neovim_handler GridLine { grid: 2, row: 2, column_start: 0, cells: [GridLineCell { text: "~", highlight_id: Some(91), repeat: None }, GridLineCell { text: " ", highlight_id: Some(91), repeat: Some(64) }] }
TRACE [neovide::channel_utils] neovim_handler GridLine { grid: 2, row: 3, column_start: 0, cells: [GridLineCell { text: "~", highlight_id: Some(91), repeat: None }, GridLineCell { text: " ", highlight_id: Some(91), repeat: Some(64) }] }
TRACE [neovide::channel_utils] neovim_handler GridLine { grid: 2, row: 4, column_start: 0, cells: [GridLineCell { text: "~", highlight_id: Some(91), repeat: None }, GridLineCell { text: " ", highlight_id: Some(91), repeat: Some(64) }] }
TRACE [neovide::channel_utils] neovim_handler GridLine { grid: 2, row: 5, column_start: 0, cells: [GridLineCell { text: "~", highlight_id: Some(91), repeat: None }, GridLineCell { text: " ", highlight_id: Some(91), repeat: Some(64) }] }
TRACE [neovide::channel_utils] neovim_handler GridLine { grid: 2, row: 6, column_start: 0, cells: [GridLineCell { text: "~", highlight_id: Some(91), repeat: None }, GridLineCell { text: " ", highlight_id: Some(91), repeat: Some(64) }] }
TRACE [neovide::channel_utils] neovim_handler GridLine { grid: 2, row: 7, column_start: 0, cells: [GridLineCell { text: "~", highlight_id: Some(91), repeat: None }, GridLineCell { text: " ", highlight_id: Some(91), repeat: Some(64) }] }
TRACE [neovide::channel_utils] neovim_handler GridLine { grid: 2, row: 8, column_start: 0, cells: [GridLineCell { text: "~", highlight_id: Some(91), repeat: None }, GridLineCell { text: " ", highlight_id: Some(91), repeat: Some(64) }] }
TRACE [neovide::channel_utils] neovim_handler GridLine { grid: 2, row: 9, column_start: 0, cells: [GridLineCell { text: "~", highlight_id: Some(91), repeat: None }, GridLineCell { text: " ", highlight_id: Some(91), repeat: Some(64) }] }
TRACE [neovide::channel_utils] neovim_handler GridLine { grid: 2, row: 10, column_start: 0, cells: [GridLineCell { text: "~", highlight_id: Some(91), repeat: None }, GridLineCell { text: " ", highlight_id: Some(91), repeat: Some(64) }] }
TRACE [neovide::channel_utils] neovim_handler GridLine { grid: 2, row: 11, column_start: 0, cells: [GridLineCell { text: "~", highlight_id: Some(91), repeat: None }, GridLineCell { text: " ", highlight_id: Some(91), repeat: Some(64) }] }
TRACE [neovide::channel_utils] neovim_handler GridLine { grid: 2, row: 12, column_start: 0, cells: [GridLineCell { text: "~", highlight_id: Some(91), repeat: None }, GridLineCell { text: " ", highlight_id: Some(91), repeat: Some(64) }] }
TRACE [neovide::channel_utils] neovim_handler GridLine { grid: 2, row: 13, column_start: 0, cells: [GridLineCell { text: "~", highlight_id: Some(91), repeat: None }, GridLineCell { text: " ", highlight_id: Some(91), repeat: Some(64) }] }
TRACE [neovide::channel_utils] neovim_handler GridLine { grid: 2, row: 14, column_start: 0, cells: [GridLineCell { text: "~", highlight_id: Some(91), repeat: None }, GridLineCell { text: " ", highlight_id: Some(91), repeat: Some(64) }] }
TRACE [neovide::channel_utils] neovim_handler GridLine { grid: 2, row: 15, column_start: 0, cells: [GridLineCell { text: "~", highlight_id: Some(91), repeat: None }, GridLineCell { text: " ", highlight_id: Some(91), repeat: Some(64) }] }
TRACE [neovide::channel_utils] neovim_handler GridLine { grid: 2, row: 16, column_start: 0, cells: [GridLineCell { text: "~", highlight_id: Some(91), repeat: None }, GridLineCell { text: " ", highlight_id: Some(91), repeat: Some(64) }] }
TRACE [neovide::channel_utils] neovim_handler GridLine { grid: 2, row: 17, column_start: 0, cells: [GridLineCell { text: "~", highlight_id: Some(91), repeat: None }, GridLineCell { text: " ", highlight_id: Some(91), repeat: Some(64) }] }
TRACE [neovide::channel_utils] neovim_handler GridLine { grid: 2, row: 18, column_start: 0, cells: [GridLineCell { text: "~", highlight_id: Some(91), repeat: None }, GridLineCell { text: " ", highlight_id: Some(91), repeat: Some(64) }] }
TRACE [neovide::channel_utils] neovim_handler GridLine { grid: 2, row: 19, column_start: 0, cells: [GridLineCell { text: "~", highlight_id: Some(91), repeat: None }, GridLineCell { text: " ", highlight_id: Some(91), repeat: Some(64) }] }
TRACE [neovide::channel_utils] neovim_handler GridLine { grid: 2, row: 20, column_start: 0, cells: [GridLineCell { text: "~", highlight_id: Some(91), repeat: None }, GridLineCell { text: " ", highlight_id: Some(91), repeat: Some(64) }] }
TRACE [neovide::channel_utils] neovim_handler GridLine { grid: 2, row: 21, column_start: 0, cells: [GridLineCell { text: "~", highlight_id: Some(91), repeat: None }, GridLineCell { text: " ", highlight_id: Some(91), repeat: Some(64) }] }
TRACE [neovide::channel_utils] neovim_handler GridLine { grid: 2, row: 22, column_start: 0, cells: [GridLineCell { text: "~", highlight_id: Some(91), repeat: None }, GridLineCell { text: " ", highlight_id: Some(91), repeat: Some(64) }] }
TRACE [neovide::channel_utils] neovim_handler GridLine { grid: 2, row: 23, column_start: 0, cells: [GridLineCell { text: "~", highlight_id: Some(91), repeat: None }, GridLineCell { text: " ", highlight_id: Some(91), repeat: Some(64) }] }
TRACE [neovide::channel_utils] neovim_handler GridLine { grid: 2, row: 24, column_start: 0, cells: [GridLineCell { text: "~", highlight_id: Some(91), repeat: None }, GridLineCell { text: " ", highlight_id: Some(91), repeat: Some(64) }] }
TRACE [neovide::channel_utils] neovim_handler GridLine { grid: 2, row: 25, column_start: 0, cells: [GridLineCell { text: "~", highlight_id: Some(91), repeat: None }, GridLineCell { text: " ", highlight_id: Some(91), repeat: Some(64) }] }
TRACE [neovide::channel_utils] neovim_handler GridLine { grid: 2, row: 26, column_start: 0, cells: [GridLineCell { text: "~", highlight_id: Some(91), repeat: None }, GridLineCell { text: " ", highlight_id: Some(91), repeat: Some(64) }] }
TRACE [neovide::channel_utils] neovim_handler GridLine { grid: 2, row: 27, column_start: 0, cells: [GridLineCell { text: "~", highlight_id: Some(91), repeat: None }, GridLineCell { text: " ", highlight_id: Some(91), repeat: Some(64) }] }
TRACE [neovide::channel_utils] neovim_handler GridLine { grid: 2, row: 28, column_start: 0, cells: [GridLineCell { text: "~", highlight_id: Some(91), repeat: None }, GridLineCell { text: " ", highlight_id: Some(91), repeat: Some(64) }] }
TRACE [neovide::channel_utils] neovim_handler GridLine { grid: 2, row: 29, column_start: 0, cells: [GridLineCell { text: "~", highlight_id: Some(91), repeat: None }, GridLineCell { text: " ", highlight_id: Some(91), repeat: Some(64) }] }
TRACE [neovide::channel_utils] neovim_handler GridLine { grid: 2, row: 30, column_start: 0, cells: [GridLineCell { text: "~", highlight_id: Some(91), repeat: None }, GridLineCell { text: " ", highlight_id: Some(91), repeat: Some(64) }] }
TRACE [neovide::channel_utils] neovim_handler GridLine { grid: 2, row: 31, column_start: 0, cells: [GridLineCell { text: "~", highlight_id: Some(91), repeat: None }, GridLineCell { text: " ", highlight_id: Some(91), repeat: Some(64) }] }
TRACE [neovide::channel_utils] neovim_handler GridLine { grid: 2, row: 32, column_start: 0, cells: [GridLineCell { text: "~", highlight_id: Some(91), repeat: None }, GridLineCell { text: " ", highlight_id: Some(91), repeat: Some(64) }] }
TRACE [neovide::channel_utils] neovim_handler GridLine { grid: 2, row: 33, column_start: 0, cells: [GridLineCell { text: "~", highlight_id: Some(91), repeat: None }, GridLineCell { text: " ", highlight_id: Some(91), repeat: Some(64) }] }
TRACE [neovide::channel_utils] neovim_handler GridLine { grid: 2, row: 34, column_start: 0, cells: [GridLineCell { text: "~", highlight_id: Some(91), repeat: None }, GridLineCell { text: " ", highlight_id: Some(91), repeat: Some(64) }] }
TRACE [neovide::channel_utils] neovim_handler GridLine { grid: 2, row: 35, column_start: 0, cells: [GridLineCell { text: "~", highlight_id: Some(91), repeat: None }, GridLineCell { text: " ", highlight_id: Some(91), repeat: Some(64) }] }
TRACE [neovide::channel_utils] neovim_handler GridLine { grid: 2, row: 36, column_start: 0, cells: [GridLineCell { text: "~", highlight_id: Some(91), repeat: None }, GridLineCell { text: " ", highlight_id: Some(91), repeat: Some(64) }] }
TRACE [neovide::channel_utils] neovim_handler GridLine { grid: 2, row: 37, column_start: 0, cells: [GridLineCell { text: "~", highlight_id: Some(91), repeat: None }, GridLineCell { text: " ", highlight_id: Some(91), repeat: Some(64) }] }
TRACE [neovide::channel_utils] neovim_handler GridLine { grid: 2, row: 38, column_start: 0, cells: [GridLineCell { text: "~", highlight_id: Some(91), repeat: None }, GridLineCell { text: " ", highlight_id: Some(91), repeat: Some(64) }] }
TRACE [neovide::channel_utils] neovim_handler GridLine { grid: 2, row: 39, column_start: 0, cells: [GridLineCell { text: "~", highlight_id: Some(91), repeat: None }, GridLineCell { text: " ", highlight_id: Some(91), repeat: Some(64) }] }
TRACE [neovide::channel_utils] neovim_handler GridLine { grid: 2, row: 40, column_start: 0, cells: [GridLineCell { text: "~", highlight_id: Some(91), repeat: None }, GridLineCell { text: " ", highlight_id: Some(91), repeat: Some(64) }] }
TRACE [neovide::channel_utils] neovim_handler GridLine { grid: 2, row: 41, column_start: 0, cells: [GridLineCell { text: "~", highlight_id: Some(91), repeat: None }, GridLineCell { text: " ", highlight_id: Some(91), repeat: Some(64) }] }
TRACE [neovide::channel_utils] neovim_handler GridLine { grid: 2, row: 42, column_start: 0, cells: [GridLineCell { text: "~", highlight_id: Some(91), repeat: None }, GridLineCell { text: " ", highlight_id: Some(91), repeat: Some(64) }] }
TRACE [neovide::channel_utils] neovim_handler GridLine { grid: 2, row: 43, column_start: 0, cells: [GridLineCell { text: "~", highlight_id: Some(91), repeat: None }, GridLineCell { text: " ", highlight_id: Some(91), repeat: Some(64) }] }
TRACE [neovide::channel_utils] neovim_handler GridLine { grid: 2, row: 44, column_start: 0, cells: [GridLineCell { text: "~", highlight_id: Some(91), repeat: None }, GridLineCell { text: " ", highlight_id: Some(91), repeat: Some(64) }] }
TRACE [neovide::channel_utils] neovim_handler GridLine { grid: 2, row: 45, column_start: 0, cells: [GridLineCell { text: "~", highlight_id: Some(91), repeat: None }, GridLineCell { text: " ", highlight_id: Some(91), repeat: Some(64) }] }
TRACE [neovide::channel_utils] neovim_handler GridLine { grid: 2, row: 46, column_start: 0, cells: [GridLineCell { text: "~", highlight_id: Some(91), repeat: None }, GridLineCell { text: " ", highlight_id: Some(91), repeat: Some(64) }] }
TRACE [neovide::channel_utils] neovim_handler GridLine { grid: 1, row: 47, column_start: 0, cells: [GridLineCell { text: " ", highlight_id: Some(365), repeat: Some(65) }, GridLineCell { text: " ", highlight_id: Some(0), repeat: Some(0) }] }
TRACE [neovide::channel_utils] neovim_handler SetTitle { title: "[No Name] - Nvim" }
TRACE [neovide::channel_utils] neovim_handler GridLine { grid: 3, row: 0, column_start: 0, cells: [GridLineCell { text: " ", highlight_id: Some(1), repeat: Some(65) }] }
TRACE [neovide::channel_utils] neovim_handler GridLine { grid: 2, row: 17, column_start: 16, cells: [GridLineCell { text: "N", highlight_id: Some(0), repeat: None }, GridLineCell { text: "V", highlight_id: None, repeat: None }, GridLineCell { text: "I", highlight_id: None, repeat: None }, GridLineCell { text: "M", highlight_id: None, repeat: None }, GridLineCell { text: " ", highlight_id: None, repeat: None }, GridLineCell { text: "v", highlight_id: None, repeat: None }, GridLineCell { text: "0", highlight_id: None, repeat: None }, GridLineCell { text: ".", highlight_id: None, repeat: None }, GridLineCell { text: "1", highlight_id: None, repeat: None }, GridLineCell { text: "2", highlight_id: None, repeat: None }, GridLineCell { text: ".", highlight_id: None, repeat: None }, GridLineCell { text: "0", highlight_id: None, repeat: None }, GridLineCell { text: "-", highlight_id: None, repeat: None }, GridLineCell { text: "d", highlight_id: None, repeat: None }, GridLineCell { text: "e", highlight_id: None, repeat: None }, GridLineCell { text: "v", highlight_id: None, repeat: None }, GridLineCell { text: "-", highlight_id: None, repeat: None }, GridLineCell { text: "2", highlight_id: None, repeat: None }, GridLineCell { text: "5", highlight_id: None, repeat: None }, GridLineCell { text: "2", highlight_id: Some(0), repeat: Some(2) }, GridLineCell { text: "+", highlight_id: None, repeat: None }, GridLineCell { text: "g", highlight_id: None, repeat: None }, GridLineCell { text: "c", highlight_id: None, repeat: None }, GridLineCell { text: "1", highlight_id: None, repeat: None }, GridLineCell { text: "d", highlight_id: None, repeat: None }, GridLineCell { text: "c", highlight_id: None, repeat: None }, GridLineCell { text: "b", highlight_id: None, repeat: None }, GridLineCell { text: "8", highlight_id: None, repeat: None }, GridLineCell { text: "d", highlight_id: None, repeat: None }, GridLineCell { text: "a", highlight_id: None, repeat: None }, GridLineCell { text: "c", highlight_id: None, repeat: None }, GridLineCell { text: "2", highlight_id: None, repeat: None }] }
TRACE [neovide::channel_utils] neovim_handler GridLine { grid: 2, row: 19, column_start: 10, cells: [GridLineCell { text: "N", highlight_id: Some(0), repeat: None }, GridLineCell { text: "v", highlight_id: None, repeat: None }, GridLineCell { text: "i", highlight_id: None, repeat: None }, GridLineCell { text: "m", highlight_id: None, repeat: None }, GridLineCell { text: " ", highlight_id: None, repeat: None }, GridLineCell { text: "i", highlight_id: None, repeat: None }, GridLineCell { text: "s", highlight_id: None, repeat: None }, GridLineCell { text: " ", highlight_id: None, repeat: None }, GridLineCell { text: "o", highlight_id: None, repeat: None }, GridLineCell { text: "p", highlight_id: None, repeat: None }, GridLineCell { text: "e", highlight_id: None, repeat: None }, GridLineCell { text: "n", highlight_id: None, repeat: None }, GridLineCell { text: " ", highlight_id: None, repeat: None }, GridLineCell { text: "s", highlight_id: None, repeat: None }, GridLineCell { text: "o", highlight_id: None, repeat: None }, GridLineCell { text: "u", highlight_id: None, repeat: None }, GridLineCell { text: "r", highlight_id: None, repeat: None }, GridLineCell { text: "c", highlight_id: None, repeat: None }, GridLineCell { text: "e", highlight_id: None, repeat: None }, GridLineCell { text: " ", highlight_id: None, repeat: None }, GridLineCell { text: "a", highlight_id: None, repeat: None }, GridLineCell { text: "n", highlight_id: None, repeat: None }, GridLineCell { text: "d", highlight_id: None, repeat: None }, GridLineCell { text: " ", highlight_id: None, repeat: None }, GridLineCell { text: "f", highlight_id: None, repeat: None }, GridLineCell { text: "r", highlight_id: None, repeat: None }, GridLineCell { text: "e", highlight_id: Some(0), repeat: Some(2) }, GridLineCell { text: "l", highlight_id: None, repeat: None }, GridLineCell { text: "y", highlight_id: None, repeat: None }, GridLineCell { text: " ", highlight_id: None, repeat: None }, GridLineCell { text: "d", highlight_id: None, repeat: None }, GridLineCell { text: "i", highlight_id: None, repeat: None }, GridLineCell { text: "s", highlight_id: None, repeat: None }, GridLineCell { text: "t", highlight_id: None, repeat: None }, GridLineCell { text: "r", highlight_id: None, repeat: None }, GridLineCell { text: "i", highlight_id: None, repeat: None }, GridLineCell { text: "b", highlight_id: None, repeat: None }, GridLineCell { text: "u", highlight_id: None, repeat: None }, GridLineCell { text: "t", highlight_id: None, repeat: None }, GridLineCell { text: "a", highlight_id: None, repeat: None }, GridLineCell { text: "b", highlight_id: None, repeat: None }, GridLineCell { text: "l", highlight_id: None, repeat: None }, GridLineCell { text: "e", highlight_id: None, repeat: None }] }
TRACE [neovide::channel_utils] neovim_handler GridLine { grid: 2, row: 20, column_start: 21, cells: [GridLineCell { text: "h", highlight_id: Some(0), repeat: None }, GridLineCell { text: "t", highlight_id: Some(0), repeat: Some(2) }, GridLineCell { text: "p", highlight_id: None, repeat: None }, GridLineCell { text: "s", highlight_id: None, repeat: None }, GridLineCell { text: ":", highlight_id: None, repeat: None }, GridLineCell { text: "/", highlight_id: Some(0), repeat: Some(2) }, GridLineCell { text: "n", highlight_id: None, repeat: None }, GridLineCell { text: "e", highlight_id: None, repeat: None }, GridLineCell { text: "o", highlight_id: None, repeat: None }, GridLineCell { text: "v", highlight_id: None, repeat: None }, GridLineCell { text: "i", highlight_id: None, repeat: None }, GridLineCell { text: "m", highlight_id: None, repeat: None }, GridLineCell { text: ".", highlight_id: None, repeat: None }, GridLineCell { text: "i", highlight_id: None, repeat: None }, GridLineCell { text: "o", highlight_id: None, repeat: None }, GridLineCell { text: "/", highlight_id: None, repeat: None }, GridLineCell { text: "#", highlight_id: None, repeat: None }, GridLineCell { text: "c", highlight_id: None, repeat: None }, GridLineCell { text: "h", highlight_id: None, repeat: None }, GridLineCell { text: "a", highlight_id: None, repeat: None }, GridLineCell { text: "t", highlight_id: None, repeat: None }] }
TRACE [neovide::channel_utils] neovim_handler GridLine { grid: 2, row: 22, column_start: 9, cells: [GridLineCell { text: "t", highlight_id: Some(0), repeat: None }, GridLineCell { text: "y", highlight_id: None, repeat: None }, GridLineCell { text: "p", highlight_id: None, repeat: None }, GridLineCell { text: "e", highlight_id: None, repeat: None }, GridLineCell { text: " ", highlight_id: Some(0), repeat: Some(2) }, GridLineCell { text: ":", highlight_id: None, repeat: None }, GridLineCell { text: "h", highlight_id: None, repeat: None }, GridLineCell { text: "e", highlight_id: None, repeat: None }, GridLineCell { text: "l", highlight_id: None, repeat: None }, GridLineCell { text: "p", highlight_id: None, repeat: None }, GridLineCell { text: " ", highlight_id: None, repeat: None }, GridLineCell { text: "n", highlight_id: None, repeat: None }, GridLineCell { text: "v", highlight_id: None, repeat: None }, GridLineCell { text: "i", highlight_id: None, repeat: None }, GridLineCell { text: "m", highlight_id: None, repeat: None }, GridLineCell { text: "<", highlight_id: Some(69), repeat: None }, GridLineCell { text: "E", highlight_id: None, repeat: None }, GridLineCell { text: "n", highlight_id: None, repeat: None }, GridLineCell { text: "t", highlight_id: None, repeat: None }, GridLineCell { text: "e", highlight_id: None, repeat: None }, GridLineCell { text: "r", highlight_id: None, repeat: None }, GridLineCell { text: ">", highlight_id: None, repeat: None }, GridLineCell { text: " ", highlight_id: Some(0), repeat: Some(7) }, GridLineCell { text: "i", highlight_id: None, repeat: None }, GridLineCell { text: "f", highlight_id: None, repeat: None }, GridLineCell { text: " ", highlight_id: None, repeat: None }, GridLineCell { text: "y", highlight_id: None, repeat: None }, GridLineCell { text: "o", highlight_id: None, repeat: None }, GridLineCell { text: "u", highlight_id: None, repeat: None }, GridLineCell { text: " ", highlight_id: None, repeat: None }, GridLineCell { text: "a", highlight_id: None, repeat: None }, GridLineCell { text: "r", highlight_id: None, repeat: None }, GridLineCell { text: "e", highlight_id: None, repeat: None }, GridLineCell { text: " ", highlight_id: None, repeat: None }, GridLineCell { text: "n", highlight_id: None, repeat: None }, GridLineCell { text: "e", highlight_id: None, repeat: None }, GridLineCell { text: "w", highlight_id: None, repeat: None }, GridLineCell { text: "!", highlight_id: None, repeat: None }, GridLineCell { text: " ", highlight_id: None, repeat: None }, GridLineCell { text: " ", highlight_id: Some(0), repeat: Some(0) }] }
TRACE [neovide::channel_utils] neovim_handler GridLine { grid: 2, row: 23, column_start: 9, cells: [GridLineCell { text: "t", highlight_id: Some(0), repeat: None }, GridLineCell { text: "y", highlight_id: None, repeat: None }, GridLineCell { text: "p", highlight_id: None, repeat: None }, GridLineCell { text: "e", highlight_id: None, repeat: None }, GridLineCell { text: " ", highlight_id: Some(0), repeat: Some(2) }, GridLineCell { text: ":", highlight_id: None, repeat: None }, GridLineCell { text: "c", highlight_id: None, repeat: None }, GridLineCell { text: "h", highlight_id: None, repeat: None }, GridLineCell { text: "e", highlight_id: None, repeat: None }, GridLineCell { text: "c", highlight_id: None, repeat: None }, GridLineCell { text: "k", highlight_id: None, repeat: None }, GridLineCell { text: "h", highlight_id: None, repeat: None }, GridLineCell { text: "e", highlight_id: None, repeat: None }, GridLineCell { text: "a", highlight_id: None, repeat: None }, GridLineCell { text: "l", highlight_id: None, repeat: None }, GridLineCell { text: "t", highlight_id: None, repeat: None }, GridLineCell { text: "h", highlight_id: None, repeat: None }, GridLineCell { text: "<", highlight_id: Some(69), repeat: None }, GridLineCell { text: "E", highlight_id: None, repeat: None }, GridLineCell { text: "n", highlight_id: None, repeat: None }, GridLineCell { text: "t", highlight_id: None, repeat: None }, GridLineCell { text: "e", highlight_id: None, repeat: None }, GridLineCell { text: "r", highlight_id: None, repeat: None }, GridLineCell { text: ">", highlight_id: None, repeat: None }, GridLineCell { text: " ", highlight_id: Some(0), repeat: Some(5) }, GridLineCell { text: "t", highlight_id: None, repeat: None }, GridLineCell { text: "o", highlight_id: None, repeat: None }, GridLineCell { text: " ", highlight_id: None, repeat: None }, GridLineCell { text: "o", highlight_id: None, repeat: None }, GridLineCell { text: "p", highlight_id: None, repeat: None }, GridLineCell { text: "t", highlight_id: None, repeat: None }, GridLineCell { text: "i", highlight_id: None, repeat: None }, GridLineCell { text: "m", highlight_id: None, repeat: None }, GridLineCell { text: "i", highlight_id: None, repeat: None }, GridLineCell { text: "z", highlight_id: None, repeat: None }, GridLineCell { text: "e", highlight_id: None, repeat: None }, GridLineCell { text: " ", highlight_id: None, repeat: None }, GridLineCell { text: "N", highlight_id: None, repeat: None }, GridLineCell { text: "v", highlight_id: None, repeat: None }, GridLineCell { text: "i", highlight_id: None, repeat: None }, GridLineCell { text: "m", highlight_id: None, repeat: None }] }
TRACE [neovide::channel_utils] neovim_handler GridLine { grid: 2, row: 24, column_start: 9, cells: [GridLineCell { text: "t", highlight_id: Some(0), repeat: None }, GridLineCell { text: "y", highlight_id: None, repeat: None }, GridLineCell { text: "p", highlight_id: None, repeat: None }, GridLineCell { text: "e", highlight_id: None, repeat: None }, GridLineCell { text: " ", highlight_id: Some(0), repeat: Some(2) }, GridLineCell { text: ":", highlight_id: None, repeat: None }, GridLineCell { text: "q", highlight_id: None, repeat: None }, GridLineCell { text: "<", highlight_id: Some(69), repeat: None }, GridLineCell { text: "E", highlight_id: None, repeat: None }, GridLineCell { text: "n", highlight_id: None, repeat: None }, GridLineCell { text: "t", highlight_id: None, repeat: None }, GridLineCell { text: "e", highlight_id: None, repeat: None }, GridLineCell { text: "r", highlight_id: None, repeat: None }, GridLineCell { text: ">", highlight_id: None, repeat: None }, GridLineCell { text: " ", highlight_id: Some(0), repeat: Some(15) }, GridLineCell { text: "t", highlight_id: None, repeat: None }, GridLineCell { text: "o", highlight_id: None, repeat: None }, GridLineCell { text: " ", highlight_id: None, repeat: None }, GridLineCell { text: "e", highlight_id: None, repeat: None }, GridLineCell { text: "x", highlight_id: None, repeat: None }, GridLineCell { text: "i", highlight_id: None, repeat: None }, GridLineCell { text: "t", highlight_id: None, repeat: None }, GridLineCell { text: " ", highlight_id: Some(0), repeat: Some(9) }, GridLineCell { text: " ", highlight_id: Some(0), repeat: Some(0) }] }
TRACE [neovide::channel_utils] neovim_handler GridLine { grid: 2, row: 25, column_start: 9, cells: [GridLineCell { text: "t", highlight_id: Some(0), repeat: None }, GridLineCell { text: "y", highlight_id: None, repeat: None }, GridLineCell { text: "p", highlight_id: None, repeat: None }, GridLineCell { text: "e", highlight_id: None, repeat: None }, GridLineCell { text: " ", highlight_id: Some(0), repeat: Some(2) }, GridLineCell { text: ":", highlight_id: None, repeat: None }, GridLineCell { text: "h", highlight_id: None, repeat: None }, GridLineCell { text: "e", highlight_id: None, repeat: None }, GridLineCell { text: "l", highlight_id: None, repeat: None }, GridLineCell { text: "p", highlight_id: None, repeat: None }, GridLineCell { text: "<", highlight_id: Some(69), repeat: None }, GridLineCell { text: "E", highlight_id: None, repeat: None }, GridLineCell { text: "n", highlight_id: None, repeat: None }, GridLineCell { text: "t", highlight_id: None, repeat: None }, GridLineCell { text: "e", highlight_id: None, repeat: None }, GridLineCell { text: "r", highlight_id: None, repeat: None }, GridLineCell { text: ">", highlight_id: None, repeat: None }, GridLineCell { text: " ", highlight_id: Some(0), repeat: Some(12) }, GridLineCell { text: "f", highlight_id: None, repeat: None }, GridLineCell { text: "o", highlight_id: None, repeat: None }, GridLineCell { text: "r", highlight_id: None, repeat: None }, GridLineCell { text: " ", highlight_id: None, repeat: None }, GridLineCell { text: "h", highlight_id: None, repeat: None }, GridLineCell { text: "e", highlight_id: None, repeat: None }, GridLineCell { text: "l", highlight_id: None, repeat: None }, GridLineCell { text: "p", highlight_id: None, repeat: None }, GridLineCell { text: " ", highlight_id: Some(0), repeat: Some(8) }, GridLineCell { text: " ", highlight_id: Some(0), repeat: Some(0) }] }
TRACE [neovide::channel_utils] neovim_handler GridLine { grid: 2, row: 27, column_start: 9, cells: [GridLineCell { text: "t", highlight_id: Some(0), repeat: None }, GridLineCell { text: "y", highlight_id: None, repeat: None }, GridLineCell { text: "p", highlight_id: None, repeat: None }, GridLineCell { text: "e", highlight_id: None, repeat: None }, GridLineCell { text: " ", highlight_id: Some(0), repeat: Some(2) }, GridLineCell { text: ":", highlight_id: None, repeat: None }, GridLineCell { text: "h", highlight_id: None, repeat: None }, GridLineCell { text: "e", highlight_id: None, repeat: None }, GridLineCell { text: "l", highlight_id: None, repeat: None }, GridLineCell { text: "p", highlight_id: None, repeat: None }, GridLineCell { text: " ", highlight_id: None, repeat: None }, GridLineCell { text: "n", highlight_id: None, repeat: None }, GridLineCell { text: "e", highlight_id: None, repeat: None }, GridLineCell { text: "w", highlight_id: None, repeat: None }, GridLineCell { text: "s", highlight_id: None, repeat: None }, GridLineCell { text: "<", highlight_id: Some(69), repeat: None }, GridLineCell { text: "E", highlight_id: None, repeat: None }, GridLineCell { text: "n", highlight_id: None, repeat: None }, GridLineCell { text: "t", highlight_id: None, repeat: None }, GridLineCell { text: "e", highlight_id: None, repeat: None }, GridLineCell { text: "r", highlight_id: None, repeat: None }, GridLineCell { text: ">", highlight_id: None, repeat: None }, GridLineCell { text: " ", highlight_id: Some(0), repeat: None }, GridLineCell { text: "t", highlight_id: None, repeat: None }, GridLineCell { text: "o", highlight_id: None, repeat: None }, GridLineCell { text: " ", highlight_id: None, repeat: None }, GridLineCell { text: "s", highlight_id: None, repeat: None }, GridLineCell { text: "e", highlight_id: Some(0), repeat: Some(2) }, GridLineCell { text: " ", highlight_id: None, repeat: None }, GridLineCell { text: "c", highlight_id: None, repeat: None }, GridLineCell { text: "h", highlight_id: None, repeat: None }, GridLineCell { text: "a", highlight_id: None, repeat: None }, GridLineCell { text: "n", highlight_id: None, repeat: None }, GridLineCell { text: "g", highlight_id: None, repeat: None }, GridLineCell { text: "e", highlight_id: None, repeat: None }, GridLineCell { text: "s", highlight_id: None, repeat: None }, GridLineCell { text: " ", highlight_id: None, repeat: None }, GridLineCell { text: "i", highlight_id: None, repeat: None }, GridLineCell { text: "n", highlight_id: None, repeat: None }, GridLineCell { text: " ", highlight_id: None, repeat: None }, GridLineCell { text: "v", highlight_id: None, repeat: None }, GridLineCell { text: "0", highlight_id: None, repeat: None }, GridLineCell { text: ".", highlight_id: None, repeat: None }, GridLineCell { text: "1", highlight_id: None, repeat: None }, GridLineCell { text: "2", highlight_id: None, repeat: None }] }
TRACE [neovide::channel_utils] neovim_handler GridLine { grid: 2, row: 29, column_start: 18, cells: [GridLineCell { text: "H", highlight_id: Some(0), repeat: None }, GridLineCell { text: "e", highlight_id: None, repeat: None }, GridLineCell { text: "l", highlight_id: None, repeat: None }, GridLineCell { text: "p", highlight_id: None, repeat: None }, GridLineCell { text: " ", highlight_id: None, repeat: None }, GridLineCell { text: "p", highlight_id: None, repeat: None }, GridLineCell { text: "o", highlight_id: Some(0), repeat: Some(2) }, GridLineCell { text: "r", highlight_id: None, repeat: None }, GridLineCell { text: " ", highlight_id: None, repeat: None }, GridLineCell { text: "c", highlight_id: None, repeat: None }, GridLineCell { text: "h", highlight_id: None, repeat: None }, GridLineCell { text: "i", highlight_id: None, repeat: None }, GridLineCell { text: "l", highlight_id: None, repeat: None }, GridLineCell { text: "d", highlight_id: None, repeat: None }, GridLineCell { text: "r", highlight_id: None, repeat: None }, GridLineCell { text: "e", highlight_id: None, repeat: None }, GridLineCell { text: "n", highlight_id: None, repeat: None }, GridLineCell { text: " ", highlight_id: None, repeat: None }, GridLineCell { text: "i", highlight_id: None, repeat: None }, GridLineCell { text: "n", highlight_id: None, repeat: None }, GridLineCell { text: " ", highlight_id: None, repeat: None }, GridLineCell { text: "U", highlight_id: None, repeat: None }, GridLineCell { text: "g", highlight_id: None, repeat: None }, GridLineCell { text: "a", highlight_id: None, repeat: None }, GridLineCell { text: "n", highlight_id: None, repeat: None }, GridLineCell { text: "d", highlight_id: None, repeat: None }, GridLineCell { text: "a", highlight_id: None, repeat: None }, GridLineCell { text: "!", highlight_id: None, repeat: None }] }
TRACE [neovide::channel_utils] neovim_handler GridLine { grid: 2, row: 30, column_start: 9, cells: [GridLineCell { text: "t", highlight_id: Some(0), repeat: None }, GridLineCell { text: "y", highlight_id: None, repeat: None }, GridLineCell { text: "p", highlight_id: None, repeat: None }, GridLineCell { text: "e", highlight_id: None, repeat: None }, GridLineCell { text: " ", highlight_id: Some(0), repeat: Some(2) }, GridLineCell { text: ":", highlight_id: None, repeat: None }, GridLineCell { text: "h", highlight_id: None, repeat: None }, GridLineCell { text: "e", highlight_id: None, repeat: None }, GridLineCell { text: "l", highlight_id: None, repeat: None }, GridLineCell { text: "p", highlight_id: None, repeat: None }, GridLineCell { text: " ", highlight_id: None, repeat: None }, GridLineCell { text: "K", highlight_id: None, repeat: None }, GridLineCell { text: "u", highlight_id: None, repeat: None }, GridLineCell { text: "w", highlight_id: None, repeat: None }, GridLineCell { text: "a", highlight_id: None, repeat: None }, GridLineCell { text: "s", highlight_id: None, repeat: None }, GridLineCell { text: "h", highlight_id: None, repeat: None }, GridLineCell { text: "a", highlight_id: None, repeat: None }, GridLineCell { text: "<", highlight_id: Some(69), repeat: None }, GridLineCell { text: "E", highlight_id: None, repeat: None }, GridLineCell { text: "n", highlight_id: None, repeat: None }, GridLineCell { text: "t", highlight_id: None, repeat: None }, GridLineCell { text: "e", highlight_id: None, repeat: None }, GridLineCell { text: "r", highlight_id: None, repeat: None }, GridLineCell { text: ">", highlight_id: None, repeat: None }, GridLineCell { text: " ", highlight_id: Some(0), repeat: Some(4) }, GridLineCell { text: "f", highlight_id: None, repeat: None }, GridLineCell { text: "o", highlight_id: None, repeat: None }, GridLineCell { text: "r", highlight_id: None, repeat: None }, GridLineCell { text: " ", highlight_id: None, repeat: None }, GridLineCell { text: "i", highlight_id: None, repeat: None }, GridLineCell { text: "n", highlight_id: None, repeat: None }, GridLineCell { text: "f", highlight_id: None, repeat: None }, GridLineCell { text: "o", highlight_id: None, repeat: None }, GridLineCell { text: "r", highlight_id: None, repeat: None }, GridLineCell { text: "m", highlight_id: None, repeat: None }, GridLineCell { text: "a", highlight_id: None, repeat: None }, GridLineCell { text: "t", highlight_id: None, repeat: None }, GridLineCell { text: "i", highlight_id: None, repeat: None }, GridLineCell { text: "o", highlight_id: None, repeat: None }, GridLineCell { text: "n", highlight_id: None, repeat: None }, GridLineCell { text: " ", highlight_id: None, repeat: None }, GridLineCell { text: " ", highlight_id: Some(0), repeat: Some(0) }] }
TRACE [neovide::channel_utils] neovim_handler WindowPosition { grid: 2, start_row: 0, start_column: 0, width: 65, height: 47 }
TRACE [neovide::channel_utils] neovim_handler WindowViewport { grid: 2, top_line: 0.0, bottom_line: 2.0, current_line: 0.0, current_column: 0.0, line_count: Some(1.0), scroll_delta: Some(0.0) }
TRACE [neovide::channel_utils] neovim_handler Flush
TRACE [neovide::bridge::handler] Neovim notification: "redraw"
TRACE [neovide::channel_utils] neovim_handler CursorGoto { grid: 2, row: 0, column: 2 }
TRACE [neovide::channel_utils] neovim_handler Flush
TRACE [neovide::editor] Image flushed
TRACE [neovide::editor] send_batch
TRACE [neovide::editor] Image flushed
TRACE [neovide::editor] send_batch
TRACE [neovide::renderer::rendered_window] Handling Viewport 2
INFO [neovide::window::window_wrapper] Showing the Window
DEBUG [neovide::settings::window_size] Loaded window settings: Maximized { grid_size: Some(Size2 { width: 65, height: 48 }) }
TRACE [neovide::bridge::handler] Neovim notification: "redraw"
TRACE [neovide::channel_utils] neovim_handler HighlightAttributesDefine { id: 372, style: Style { colors: Colors { foreground: Some(Color4f { r: 1.0, g: 0.64705884, b: 0.27450982, a: 1.0 }), background: Some(Color4f { r: 0.02745098, g: 0.4, b: 0.47058824, a: 1.0 }), special: None }, reverse: false, italic: false, bold: true, strikethrough: false, blend: 0, underline: None } }
TRACE [neovide::channel_utils] neovim_handler HighlightAttributesDefine { id: 373, style: Style { colors: Colors { foreground: Some(Color4f { r: 0.02745098, g: 0.4, b: 0.47058824, a: 1.0 }), background: Some(Color4f { r: 1.0, g: 0.64705884, b: 0.27450982, a: 1.0 }), special: None }, reverse: false, italic: false, bold: false, strikethrough: false, blend: 0, underline: None } }
TRACE [neovide::channel_utils] neovim_handler HighlightAttributesDefine { id: 374, style: Style { colors: Colors { foreground: Some(Color4f { r: 1.0, g: 0.64705884, b: 0.27450982, a: 1.0 }), background: Some(Color4f { r: 0.6156863, g: 0.0, b: 0.023529412, a: 1.0 }), special: None }, reverse: false, italic: false, bold: true, strikethrough: false, blend: 0, underline: None } }
TRACE [neovide::channel_utils] neovim_handler HighlightAttributesDefine { id: 375, style: Style { colors: Colors { foreground: Some(Color4f { r: 0.6156863, g: 0.0, b: 0.023529412, a: 1.0 }), background: Some(Color4f { r: 1.0, g: 0.64705884, b: 0.27450982, a: 1.0 }), special: None }, reverse: false, italic: false, bold: false, strikethrough: false, blend: 0, underline: None } }
TRACE [neovide::channel_utils] neovim_handler HighlightAttributesDefine { id: 376, style: Style { colors: Colors { foreground: Some(Color4f { r: 1.0, g: 0.64705884, b: 0.27450982, a: 1.0 }), background: Some(Color4f { r: 0.25882354, g: 0.48235294, b: 0.34509805, a: 1.0 }), special: None }, reverse: false, italic: false, bold: true, strikethrough: false, blend: 0, underline: None } }
TRACE [neovide::channel_utils] neovim_handler HighlightAttributesDefine { id: 377, style: Style { colors: Colors { foreground: Some(Color4f { r: 0.25882354, g: 0.48235294, b: 0.34509805, a: 1.0 }), background: Some(Color4f { r: 1.0, g: 0.64705884, b: 0.27450982, a: 1.0 }), special: None }, reverse: false, italic: false, bold: false, strikethrough: false, blend: 0, underline: None } }
TRACE [neovide::channel_utils] neovim_handler HighlightAttributesDefine { id: 378, style: Style { colors: Colors { foreground: Some(Color4f { r: 0.23529412, g: 0.21960784, b: 0.21176471, a: 1.0 }), background: Some(Color4f { r: 0.70980394, g: 0.4627451, b: 0.078431375, a: 1.0 }), special: None }, reverse: false, italic: false, bold: true, strikethrough: false, blend: 0, underline: None } }
TRACE [neovide::channel_utils] neovim_handler HighlightAttributesDefine { id: 379, style: Style { colors: Colors { foreground: Some(Color4f { r: 0.70980394, g: 0.4627451, b: 0.078431375, a: 1.0 }), background: Some(Color4f { r: 1.0, g: 0.64705884, b: 0.27450982, a: 1.0 }), special: None }, reverse: false, italic: false, bold: false, strikethrough: false, blend: 0, underline: None } }
TRACE [neovide::channel_utils] neovim_handler MessageSetPosition { grid: 3, row: 47, scrolled: false, separator_character: " ", z_index: Some(200), comp_index: Some(1) }
TRACE [neovide::channel_utils] neovim_handler GridLine { grid: 3, row: 0, column_start: 0, cells: [GridLineCell { text: " ", highlight_id: Some(1), repeat: Some(65) }] }
TRACE [neovide::channel_utils] neovim_handler GridLine { grid: 3, row: 0, column_start: 0, cells: [GridLineCell { text: "E", highlight_id: Some(254), repeat: None }, GridLineCell { text: "r", highlight_id: Some(254), repeat: Some(2) }, GridLineCell { text: "o", highlight_id: None, repeat: None }, GridLineCell { text: "r", highlight_id: None, repeat: None }, GridLineCell { text: ":", highlight_id: None, repeat: None }, GridLineCell { text: " ", highlight_id: None, repeat: None }, GridLineCell { text: " ", highlight_id: Some(0), repeat: Some(0) }] }
TRACE [neovide::channel_utils] neovim_handler GridLine { grid: 3, row: 0, column_start: 7, cells: [GridLineCell { text: "F", highlight_id: Some(254), repeat: None }, GridLineCell { text: "o", highlight_id: None, repeat: None }, GridLineCell { text: "n", highlight_id: None, repeat: None }, GridLineCell { text: "t", highlight_id: None, repeat: None }, GridLineCell { text: " ", highlight_id: None, repeat: None }, GridLineCell { text: "c", highlight_id: None, repeat: None }, GridLineCell { text: "a", highlight_id: None, repeat: None }, GridLineCell { text: "n", highlight_id: None, repeat: None }, GridLineCell { text: "'", highlight_id: None, repeat: None }, GridLineCell { text: "t", highlight_id: None, repeat: None }, GridLineCell { text: " ", highlight_id: None, repeat: None }, GridLineCell { text: "b", highlight_id: None, repeat: None }, GridLineCell { text: "e", highlight_id: None, repeat: None }, GridLineCell { text: " ", highlight_id: None, repeat: None }, GridLineCell { text: "u", highlight_id: None, repeat: None }, GridLineCell { text: "p", highlight_id: None, repeat: None }, GridLineCell { text: "d", highlight_id: None, repeat: None }, GridLineCell { text: "a", highlight_id: None, repeat: None }, GridLineCell { text: "t", highlight_id: None, repeat: None }, GridLineCell { text: "e", highlight_id: None, repeat: None }, GridLineCell { text: "d", highlight_id: None, repeat: None }, GridLineCell { text: " ", highlight_id: None, repeat: None }, GridLineCell { text: "t", highlight_id: None, repeat: None }, GridLineCell { text: "o", highlight_id: None, repeat: None }, GridLineCell { text: ":", highlight_id: None, repeat: None }, GridLineCell { text: " ", highlight_id: None, repeat: None }, GridLineCell { text: "F", highlight_id: None, repeat: None }, GridLineCell { text: "o", highlight_id: None, repeat: None }, GridLineCell { text: "n", highlight_id: None, repeat: None }, GridLineCell { text: "t", highlight_id: None, repeat: None }, GridLineCell { text: "O", highlight_id: None, repeat: None }, GridLineCell { text: "p", highlight_id: None, repeat: None }, GridLineCell { text: "t", highlight_id: None, repeat: None }, GridLineCell { text: "i", highlight_id: None, repeat: None }, GridLineCell { text: "o", highlight_id: None, repeat: None }, GridLineCell { text: "n", highlight_id: None, repeat: None }, GridLineCell { text: "s", highlight_id: None, repeat: None }, GridLineCell { text: " ", highlight_id: None, repeat: None }, GridLineCell { text: "{", highlight_id: None, repeat: None }] }
TRACE [neovide::channel_utils] neovim_handler MessageSetPosition { grid: 3, row: 6, scrolled: true, separator_character: " ", z_index: Some(200), comp_index: Some(1) }
TRACE [neovide::channel_utils] neovim_handler GridLine { grid: 3, row: 0, column_start: 0, cells: [GridLineCell { text: " ", highlight_id: Some(1), repeat: Some(65) }] }
TRACE [neovide::channel_utils] neovim_handler GridLine { grid: 3, row: 1, column_start: 0, cells: [GridLineCell { text: " ", highlight_id: Some(254), repeat: Some(4) }, GridLineCell { text: "n", highlight_id: None, repeat: None }, GridLineCell { text: "o", highlight_id: None, repeat: None }, GridLineCell { text: "r", highlight_id: None, repeat: None }, GridLineCell { text: "m", highlight_id: None, repeat: None }, GridLineCell { text: "a", highlight_id: None, repeat: None }, GridLineCell { text: "l", highlight_id: None, repeat: None }, GridLineCell { text: ":", highlight_id: None, repeat: None }, GridLineCell { text: " ", highlight_id: None, repeat: None }, GridLineCell { text: "[", highlight_id: None, repeat: None }, GridLineCell { text: " ", highlight_id: Some(1), repeat: Some(52) }, GridLineCell { text: " ", highlight_id: Some(1), repeat: Some(0) }] }
TRACE [neovide::channel_utils] neovim_handler GridLine { grid: 3, row: 2, column_start: 0, cells: [GridLineCell { text: " ", highlight_id: Some(254), repeat: Some(8) }, GridLineCell { text: "F", highlight_id: None, repeat: None }, GridLineCell { text: "o", highlight_id: None, repeat: None }, GridLineCell { text: "n", highlight_id: None, repeat: None }, GridLineCell { text: "t", highlight_id: None, repeat: None }, GridLineCell { text: "D", highlight_id: None, repeat: None }, GridLineCell { text: "e", highlight_id: None, repeat: None }, GridLineCell { text: "s", highlight_id: None, repeat: None }, GridLineCell { text: "c", highlight_id: None, repeat: None }, GridLineCell { text: "r", highlight_id: None, repeat: None }, GridLineCell { text: "i", highlight_id: None, repeat: None }, GridLineCell { text: "p", highlight_id: None, repeat: None }, GridLineCell { text: "t", highlight_id: None, repeat: None }, GridLineCell { text: "i", highlight_id: None, repeat: None }, GridLineCell { text: "o", highlight_id: None, repeat: None }, GridLineCell { text: "n", highlight_id: None, repeat: None }, GridLineCell { text: " ", highlight_id: None, repeat: None }, GridLineCell { text: "{", highlight_id: None, repeat: None }, GridLineCell { text: " ", highlight_id: Some(1), repeat: Some(40) }, GridLineCell { text: " ", highlight_id: Some(1), repeat: Some(0) }] }
TRACE [neovide::channel_utils] neovim_handler GridLine { grid: 3, row: 3, column_start: 0, cells: [GridLineCell { text: " ", highlight_id: Some(254), repeat: Some(12) }, GridLineCell { text: "f", highlight_id: None, repeat: None }, GridLineCell { text: "a", highlight_id: None, repeat: None }, GridLineCell { text: "m", highlight_id: None, repeat: None }, GridLineCell { text: "i", highlight_id: None, repeat: None }, GridLineCell { text: "l", highlight_id: None, repeat: None }, GridLineCell { text: "y", highlight_id: None, repeat: None }, GridLineCell { text: ":", highlight_id: None, repeat: None }, GridLineCell { text: " ", highlight_id: None, repeat: None }, GridLineCell { text: "\"", highlight_id: None, repeat: None }, GridLineCell { text: "C", highlight_id: None, repeat: None }, GridLineCell { text: "a", highlight_id: None, repeat: None }, GridLineCell { text: "s", highlight_id: None, repeat: None }, GridLineCell { text: "c", highlight_id: None, repeat: None }, GridLineCell { text: "a", highlight_id: None, repeat: None }, GridLineCell { text: "d", highlight_id: None, repeat: None }, GridLineCell { text: "i", highlight_id: None, repeat: None }, GridLineCell { text: "a", highlight_id: None, repeat: None }, GridLineCell { text: " ", highlight_id: None, repeat: None }, GridLineCell { text: "C", highlight_id: None, repeat: None }, GridLineCell { text: "o", highlight_id: None, repeat: None }, GridLineCell { text: "d", highlight_id: None, repeat: None }, GridLineCell { text: "e", highlight_id: None, repeat: None }, GridLineCell { text: "\"", highlight_id: None, repeat: None }, GridLineCell { text: ",", highlight_id: None, repeat: None }, GridLineCell { text: " ", highlight_id: Some(1), repeat: Some(29) }, GridLineCell { text: " ", highlight_id: Some(1), repeat: Some(0) }] }
TRACE [neovide::channel_utils] neovim_handler GridLine { grid: 3, row: 4, column_start: 0, cells: [GridLineCell { text: " ", highlight_id: Some(254), repeat: Some(12) }, GridLineCell { text: "s", highlight_id: None, repeat: None }, GridLineCell { text: "t", highlight_id: None, repeat: None }, GridLineCell { text: "y", highlight_id: None, repeat: None }, GridLineCell { text: "l", highlight_id: None, repeat: None }, GridLineCell { text: "e", highlight_id: None, repeat: None }, GridLineCell { text: ":", highlight_id: None, repeat: None }, GridLineCell { text: " ", highlight_id: None, repeat: None }, GridLineCell { text: "N", highlight_id: None, repeat: None }, GridLineCell { text: "o", highlight_id: None, repeat: None }, GridLineCell { text: "n", highlight_id: None, repeat: None }, GridLineCell { text: "e", highlight_id: None, repeat: None }, GridLineCell { text: ",", highlight_id: None, repeat: None }, GridLineCell { text: " ", highlight_id: Some(1), repeat: Some(41) }, GridLineCell { text: " ", highlight_id: Some(1), repeat: Some(0) }] }
TRACE [neovide::channel_utils] neovim_handler GridLine { grid: 3, row: 5, column_start: 0, cells: [GridLineCell { text: " ", highlight_id: Some(254), repeat: Some(8) }, GridLineCell { text: "}", highlight_id: None, repeat: None }, GridLineCell { text: ",", highlight_id: None, repeat: None }, GridLineCell { text: " ", highlight_id: Some(1), repeat: Some(55) }, GridLineCell { text: " ", highlight_id: Some(1), repeat: Some(0) }] }
TRACE [neovide::channel_utils] neovim_handler GridLine { grid: 3, row: 6, column_start: 0, cells: [GridLineCell { text: " ", highlight_id: Some(254), repeat: Some(8) }, GridLineCell { text: "F", highlight_id: None, repeat: None }, GridLineCell { text: "o", highlight_id: None, repeat: None }, GridLineCell { text: "n", highlight_id: None, repeat: None }, GridLineCell { text: "t", highlight_id: None, repeat: None }, GridLineCell { text: "D", highlight_id: None, repeat: None }, GridLineCell { text: "e", highlight_id: None, repeat: None }, GridLineCell { text: "s", highlight_id: None, repeat: None }, GridLineCell { text: "c", highlight_id: None, repeat: None }, GridLineCell { text: "r", highlight_id: None, repeat: None }, GridLineCell { text: "i", highlight_id: None, repeat: None }, GridLineCell { text: "p", highlight_id: None, repeat: None }, GridLineCell { text: "t", highlight_id: None, repeat: None }, GridLineCell { text: "i", highlight_id: None, repeat: None }, GridLineCell { text: "o", highlight_id: None, repeat: None }, GridLineCell { text: "n", highlight_id: None, repeat: None }, GridLineCell { text: " ", highlight_id: None, repeat: None }, GridLineCell { text: "{", highlight_id: None, repeat: None }, GridLineCell { text: " ", highlight_id: Some(1), repeat: Some(40) }, GridLineCell { text: " ", highlight_id: Some(1), repeat: Some(0) }] }
TRACE [neovide::channel_utils] neovim_handler GridLine { grid: 3, row: 7, column_start: 0, cells: [GridLineCell { text: " ", highlight_id: Some(254), repeat: Some(12) }, GridLineCell { text: "f", highlight_id: None, repeat: None }, GridLineCell { text: "a", highlight_id: None, repeat: None }, GridLineCell { text: "m", highlight_id: None, repeat: None }, GridLineCell { text: "i", highlight_id: None, repeat: None }, GridLineCell { text: "l", highlight_id: None, repeat: None }, GridLineCell { text: "y", highlight_id: None, repeat: None }, GridLineCell { text: ":", highlight_id: None, repeat: None }, GridLineCell { text: " ", highlight_id: None, repeat: None }, GridLineCell { text: "\"", highlight_id: None, repeat: None }, GridLineCell { text: "C", highlight_id: None, repeat: None }, GridLineCell { text: "a", highlight_id: None, repeat: None }, GridLineCell { text: "s", highlight_id: None, repeat: None }, GridLineCell { text: "c", highlight_id: None, repeat: None }, GridLineCell { text: "a", highlight_id: None, repeat: None }, GridLineCell { text: "d", highlight_id: None, repeat: None }, GridLineCell { text: "i", highlight_id: None, repeat: None }, GridLineCell { text: "a", highlight_id: None, repeat: None }, GridLineCell { text: " ", highlight_id: None, repeat: None }, GridLineCell { text: "M", highlight_id: None, repeat: None }, GridLineCell { text: "o", highlight_id: None, repeat: None }, GridLineCell { text: "n", highlight_id: None, repeat: None }, GridLineCell { text: "o", highlight_id: None, repeat: None }, GridLineCell { text: "\"", highlight_id: None, repeat: None }, GridLineCell { text: ",", highlight_id: None, repeat: None }, GridLineCell { text: " ", highlight_id: Some(1), repeat: Some(29) }, GridLineCell { text: " ", highlight_id: Some(1), repeat: Some(0) }] }
TRACE [neovide::channel_utils] neovim_handler GridLine { grid: 3, row: 8, column_start: 0, cells: [GridLineCell { text: " ", highlight_id: Some(254), repeat: Some(12) }, GridLineCell { text: "s", highlight_id: None, repeat: None }, GridLineCell { text: "t", highlight_id: None, repeat: None }, GridLineCell { text: "y", highlight_id: None, repeat: None }, GridLineCell { text: "l", highlight_id: None, repeat: None }, GridLineCell { text: "e", highlight_id: None, repeat: None }, GridLineCell { text: ":", highlight_id: None, repeat: None }, GridLineCell { text: " ", highlight_id: None, repeat: None }, GridLineCell { text: "N", highlight_id: None, repeat: None }, GridLineCell { text: "o", highlight_id: None, repeat: None }, GridLineCell { text: "n", highlight_id: None, repeat: None }, GridLineCell { text: "e", highlight_id: None, repeat: None }, GridLineCell { text: ",", highlight_id: None, repeat: None }, GridLineCell { text: " ", highlight_id: Some(1), repeat: Some(41) }, GridLineCell { text: " ", highlight_id: Some(1), repeat: Some(0) }] }
TRACE [neovide::channel_utils] neovim_handler GridLine { grid: 3, row: 9, column_start: 0, cells: [GridLineCell { text: " ", highlight_id: Some(254), repeat: Some(8) }, GridLineCell { text: "}", highlight_id: None, repeat: None }, GridLineCell { text: ",", highlight_id: None, repeat: None }, GridLineCell { text: " ", highlight_id: Some(1), repeat: Some(55) }, GridLineCell { text: " ", highlight_id: Some(1), repeat: Some(0) }] }
TRACE [neovide::channel_utils] neovim_handler GridLine { grid: 3, row: 10, column_start: 0, cells: [GridLineCell { text: " ", highlight_id: Some(254), repeat: Some(8) }, GridLineCell { text: "F", highlight_id: None, repeat: None }, GridLineCell { text: "o", highlight_id: None, repeat: None }, GridLineCell { text: "n", highlight_id: None, repeat: None }, GridLineCell { text: "t", highlight_id: None, repeat: None }, GridLineCell { text: "D", highlight_id: None, repeat: None }, GridLineCell { text: "e", highlight_id: None, repeat: None }, GridLineCell { text: "s", highlight_id: None, repeat: None }, GridLineCell { text: "c", highlight_id: None, repeat: None }, GridLineCell { text: "r", highlight_id: None, repeat: None }, GridLineCell { text: "i", highlight_id: None, repeat: None }, GridLineCell { text: "p", highlight_id: None, repeat: None }, GridLineCell { text: "t", highlight_id: None, repeat: None }, GridLineCell { text: "i", highlight_id: None, repeat: None }, GridLineCell { text: "o", highlight_id: None, repeat: None }, GridLineCell { text: "n", highlight_id: None, repeat: None }, GridLineCell { text: " ", highlight_id: None, repeat: None }, GridLineCell { text: "{", highlight_id: None, repeat: None }, GridLineCell { text: " ", highlight_id: Some(1), repeat: Some(40) }, GridLineCell { text: " ", highlight_id: Some(1), repeat: Some(0) }] }
TRACE [neovide::channel_utils] neovim_handler GridLine { grid: 3, row: 11, column_start: 0, cells: [GridLineCell { text: " ", highlight_id: Some(254), repeat: Some(12) }, GridLineCell { text: "f", highlight_id: None, repeat: None }, GridLineCell { text: "a", highlight_id: None, repeat: None }, GridLineCell { text: "m", highlight_id: None, repeat: None }, GridLineCell { text: "i", highlight_id: None, repeat: None }, GridLineCell { text: "l", highlight_id: None, repeat: None }, GridLineCell { text: "y", highlight_id: None, repeat: None }, GridLineCell { text: ":", highlight_id: None, repeat: None }, GridLineCell { text: " ", highlight_id: None, repeat: None }, GridLineCell { text: "\"", highlight_id: None, repeat: None }, GridLineCell { text: "C", highlight_id: None, repeat: None }, GridLineCell { text: "o", highlight_id: None, repeat: None }, GridLineCell { text: "n", highlight_id: None, repeat: None }, GridLineCell { text: "s", highlight_id: None, repeat: None }, GridLineCell { text: "o", highlight_id: None, repeat: None }, GridLineCell { text: "l", highlight_id: None, repeat: None }, GridLineCell { text: "a", highlight_id: None, repeat: None }, GridLineCell { text: "s", highlight_id: None, repeat: None }, GridLineCell { text: "\"", highlight_id: None, repeat: None }, GridLineCell { text: ",", highlight_id: None, repeat: None }, GridLineCell { text: " ", highlight_id: Some(1), repeat: Some(34) }, GridLineCell { text: " ", highlight_id: Some(1), repeat: Some(0) }] }
TRACE [neovide::channel_utils] neovim_handler GridLine { grid: 3, row: 12, column_start: 0, cells: [GridLineCell { text: " ", highlight_id: Some(254), repeat: Some(12) }, GridLineCell { text: "s", highlight_id: None, repeat: None }, GridLineCell { text: "t", highlight_id: None, repeat: None }, GridLineCell { text: "y", highlight_id: None, repeat: None }, GridLineCell { text: "l", highlight_id: None, repeat: None }, GridLineCell { text: "e", highlight_id: None, repeat: None }, GridLineCell { text: ":", highlight_id: None, repeat: None }, GridLineCell { text: " ", highlight_id: None, repeat: None }, GridLineCell { text: "N", highlight_id: None, repeat: None }, GridLineCell { text: "o", highlight_id: None, repeat: None }, GridLineCell { text: "n", highlight_id: None, repeat: None }, GridLineCell { text: "e", highlight_id: None, repeat: None }, GridLineCell { text: ",", highlight_id: None, repeat: None }, GridLineCell { text: " ", highlight_id: Some(1), repeat: Some(41) }, GridLineCell { text: " ", highlight_id: Some(1), repeat: Some(0) }] }
TRACE [neovide::channel_utils] neovim_handler GridLine { grid: 3, row: 13, column_start: 0, cells: [GridLineCell { text: " ", highlight_id: Some(254), repeat: Some(8) }, GridLineCell { text: "}", highlight_id: None, repeat: None }, GridLineCell { text: ",", highlight_id: None, repeat: None }, GridLineCell { text: " ", highlight_id: Some(1), repeat: Some(55) }, GridLineCell { text: " ", highlight_id: Some(1), repeat: Some(0) }] }
TRACE [neovide::channel_utils] neovim_handler GridLine { grid: 3, row: 14, column_start: 0, cells: [GridLineCell { text: " ", highlight_id: Some(254), repeat: Some(8) }, GridLineCell { text: "F", highlight_id: None, repeat: None }, GridLineCell { text: "o", highlight_id: None, repeat: None }, GridLineCell { text: "n", highlight_id: None, repeat: None }, GridLineCell { text: "t", highlight_id: None, repeat: None }, GridLineCell { text: "D", highlight_id: None, repeat: None }, GridLineCell { text: "e", highlight_id: None, repeat: None }, GridLineCell { text: "s", highlight_id: None, repeat: None }, GridLineCell { text: "c", highlight_id: None, repeat: None }, GridLineCell { text: "r", highlight_id: None, repeat: None }, GridLineCell { text: "i", highlight_id: None, repeat: None }, GridLineCell { text: "p", highlight_id: None, repeat: None }, GridLineCell { text: "t", highlight_id: None, repeat: None }, GridLineCell { text: "i", highlight_id: None, repeat: None }, GridLineCell { text: "o", highlight_id: None, repeat: None }, GridLineCell { text: "n", highlight_id: None, repeat: None }, GridLineCell { text: " ", highlight_id: None, repeat: None }, GridLineCell { text: "{", highlight_id: None, repeat: None }, GridLineCell { text: " ", highlight_id: Some(1), repeat: Some(40) }, GridLineCell { text: " ", highlight_id: Some(1), repeat: Some(0) }] }
TRACE [neovide::channel_utils] neovim_handler GridLine { grid: 3, row: 15, column_start: 0, cells: [GridLineCell { text: " ", highlight_id: Some(254), repeat: Some(12) }, GridLineCell { text: "f", highlight_id: None, repeat: None }, GridLineCell { text: "a", highlight_id: None, repeat: None }, GridLineCell { text: "m", highlight_id: None, repeat: None }, GridLineCell { text: "i", highlight_id: None, repeat: None }, GridLineCell { text: "l", highlight_id: None, repeat: None }, GridLineCell { text: "y", highlight_id: None, repeat: None }, GridLineCell { text: ":", highlight_id: None, repeat: None }, GridLineCell { text: " ", highlight_id: None, repeat: None }, GridLineCell { text: "\"", highlight_id: None, repeat: None }, GridLineCell { text: "C", highlight_id: None, repeat: None }, GridLineCell { text: "o", highlight_id: None, repeat: None }, GridLineCell { text: "u", highlight_id: None, repeat: None }, GridLineCell { text: "r", highlight_id: None, repeat: None }, GridLineCell { text: "i", highlight_id: None, repeat: None }, GridLineCell { text: "e", highlight_id: None, repeat: None }, GridLineCell { text: "r", highlight_id: None, repeat: None }, GridLineCell { text: " ", highlight_id: None, repeat: None }, GridLineCell { text: "N", highlight_id: None, repeat: None }, GridLineCell { text: "e", highlight_id: None, repeat: None }, GridLineCell { text: "w", highlight_id: None, repeat: None }, GridLineCell { text: "\"", highlight_id: None, repeat: None }, GridLineCell { text: ",", highlight_id: None, repeat: None }, GridLineCell { text: " ", highlight_id: Some(1), repeat: Some(31) }, GridLineCell { text: " ", highlight_id: Some(1), repeat: Some(0) }] }
TRACE [neovide::channel_utils] neovim_handler GridLine { grid: 3, row: 16, column_start: 0, cells: [GridLineCell { text: " ", highlight_id: Some(254), repeat: Some(12) }, GridLineCell { text: "s", highlight_id: None, repeat: None }, GridLineCell { text: "t", highlight_id: None, repeat: None }, GridLineCell { text: "y", highlight_id: None, repeat: None }, GridLineCell { text: "l", highlight_id: None, repeat: None }, GridLineCell { text: "e", highlight_id: None, repeat: None }, GridLineCell { text: ":", highlight_id: None, repeat: None }, GridLineCell { text: " ", highlight_id: None, repeat: None }, GridLineCell { text: "N", highlight_id: None, repeat: None }, GridLineCell { text: "o", highlight_id: None, repeat: None }, GridLineCell { text: "n", highlight_id: None, repeat: None }, GridLineCell { text: "e", highlight_id: None, repeat: None }, GridLineCell { text: ",", highlight_id: None, repeat: None }, GridLineCell { text: " ", highlight_id: Some(1), repeat: Some(41) }, GridLineCell { text: " ", highlight_id: Some(1), repeat: Some(0) }] }
TRACE [neovide::channel_utils] neovim_handler GridLine { grid: 3, row: 17, column_start: 0, cells: [GridLineCell { text: " ", highlight_id: Some(254), repeat: Some(8) }, GridLineCell { text: "}", highlight_id: None, repeat: None }, GridLineCell { text: ",", highlight_id: None, repeat: None }, GridLineCell { text: " ", highlight_id: Some(1), repeat: Some(55) }, GridLineCell { text: " ", highlight_id: Some(1), repeat: Some(0) }] }
TRACE [neovide::channel_utils] neovim_handler GridLine { grid: 3, row: 18, column_start: 0, cells: [GridLineCell { text: " ", highlight_id: Some(254), repeat: Some(8) }, GridLineCell { text: "F", highlight_id: None, repeat: None }, GridLineCell { text: "o", highlight_id: None, repeat: None }, GridLineCell { text: "n", highlight_id: None, repeat: None }, GridLineCell { text: "t", highlight_id: None, repeat: None }, GridLineCell { text: "D", highlight_id: None, repeat: None }, GridLineCell { text: "e", highlight_id: None, repeat: None }, GridLineCell { text: "s", highlight_id: None, repeat: None }, GridLineCell { text: "c", highlight_id: None, repeat: None }, GridLineCell { text: "r", highlight_id: None, repeat: None }, GridLineCell { text: "i", highlight_id: None, repeat: None }, GridLineCell { text: "p", highlight_id: None, repeat: None }, GridLineCell { text: "t", highlight_id: None, repeat: None }, GridLineCell { text: "i", highlight_id: None, repeat: None }, GridLineCell { text: "o", highlight_id: None, repeat: None }, GridLineCell { text: "n", highlight_id: None, repeat: None }, GridLineCell { text: " ", highlight_id: None, repeat: None }, GridLineCell { text: "{", highlight_id: None, repeat: None }, GridLineCell { text: " ", highlight_id: Some(1), repeat: Some(40) }, GridLineCell { text: " ", highlight_id: Some(1), repeat: Some(0) }] }
TRACE [neovide::channel_utils] neovim_handler GridLine { grid: 3, row: 19, column_start: 0, cells: [GridLineCell { text: " ", highlight_id: Some(254), repeat: Some(12) }, GridLineCell { text: "f", highlight_id: None, repeat: None }, GridLineCell { text: "a", highlight_id: None, repeat: None }, GridLineCell { text: "m", highlight_id: None, repeat: None }, GridLineCell { text: "i", highlight_id: None, repeat: None }, GridLineCell { text: "l", highlight_id: None, repeat: None }, GridLineCell { text: "y", highlight_id: None, repeat: None }, GridLineCell { text: ":", highlight_id: None, repeat: None }, GridLineCell { text: " ", highlight_id: None, repeat: None }, GridLineCell { text: "\"", highlight_id: None, repeat: None }, GridLineCell { text: "m", highlight_id: None, repeat: None }, GridLineCell { text: "o", highlight_id: None, repeat: None }, GridLineCell { text: "n", highlight_id: None, repeat: None }, GridLineCell { text: "o", highlight_id: None, repeat: None }, GridLineCell { text: "s", highlight_id: None, repeat: None }, GridLineCell { text: "p", highlight_id: None, repeat: None }, GridLineCell { text: "a", highlight_id: None, repeat: None }, GridLineCell { text: "c", highlight_id: None, repeat: None }, GridLineCell { text: "e", highlight_id: None, repeat: None }, GridLineCell { text: "\"", highlight_id: None, repeat: None }, GridLineCell { text: ",", highlight_id: None, repeat: None }, GridLineCell { text: " ", highlight_id: Some(1), repeat: Some(33) }, GridLineCell { text: " ", highlight_id: Some(1), repeat: Some(0) }] }
TRACE [neovide::channel_utils] neovim_handler GridLine { grid: 3, row: 20, column_start: 0, cells: [GridLineCell { text: " ", highlight_id: Some(254), repeat: Some(12) }, GridLineCell { text: "s", highlight_id: None, repeat: None }, GridLineCell { text: "t", highlight_id: None, repeat: None }, GridLineCell { text: "y", highlight_id: None, repeat: None }, GridLineCell { text: "l", highlight_id: None, repeat: None }, GridLineCell { text: "e", highlight_id: None, repeat: None }, GridLineCell { text: ":", highlight_id: None, repeat: None }, GridLineCell { text: " ", highlight_id: None, repeat: None }, GridLineCell { text: "N", highlight_id: None, repeat: None }, GridLineCell { text: "o", highlight_id: None, repeat: None }, GridLineCell { text: "n", highlight_id: None, repeat: None }, GridLineCell { text: "e", highlight_id: None, repeat: None }, GridLineCell { text: ",", highlight_id: None, repeat: None }, GridLineCell { text: " ", highlight_id: Some(1), repeat: Some(41) }, GridLineCell { text: " ", highlight_id: Some(1), repeat: Some(0) }] }
TRACE [neovide::channel_utils] neovim_handler GridLine { grid: 3, row: 21, column_start: 0, cells: [GridLineCell { text: " ", highlight_id: Some(254), repeat: Some(8) }, GridLineCell { text: "}", highlight_id: None, repeat: None }, GridLineCell { text: ",", highlight_id: None, repeat: None }, GridLineCell { text: " ", highlight_id: Some(1), repeat: Some(55) }, GridLineCell { text: " ", highlight_id: Some(1), repeat: Some(0) }] }
TRACE [neovide::channel_utils] neovim_handler GridLine { grid: 3, row: 22, column_start: 0, cells: [GridLineCell { text: " ", highlight_id: Some(254), repeat: Some(4) }, GridLineCell { text: "]", highlight_id: None, repeat: None }, GridLineCell { text: ",", highlight_id: None, repeat: None }, GridLineCell { text: " ", highlight_id: Some(1), repeat: Some(59) }, GridLineCell { text: " ", highlight_id: Some(1), repeat: Some(0) }] }
TRACE [neovide::channel_utils] neovim_handler GridLine { grid: 3, row: 23, column_start: 0, cells: [GridLineCell { text: " ", highlight_id: Some(254), repeat: Some(4) }, GridLineCell { text: "i", highlight_id: None, repeat: None }, GridLineCell { text: "t", highlight_id: None, repeat: None }, GridLineCell { text: "a", highlight_id: None, repeat: None }, GridLineCell { text: "l", highlight_id: None, repeat: None }, GridLineCell { text: "i", highlight_id: None, repeat: None }, GridLineCell { text: "c", highlight_id: None, repeat: None }, GridLineCell { text: ":", highlight_id: None, repeat: None }, GridLineCell { text: " ", highlight_id: None, repeat: None }, GridLineCell { text: "N", highlight_id: None, repeat: None }, GridLineCell { text: "o", highlight_id: None, repeat: None }, GridLineCell { text: "n", highlight_id: None, repeat: None }, GridLineCell { text: "e", highlight_id: None, repeat: None }, GridLineCell { text: ",", highlight_id: None, repeat: None }, GridLineCell { text: " ", highlight_id: Some(1), repeat: Some(48) }, GridLineCell { text: " ", highlight_id: Some(1), repeat: Some(0) }] }
TRACE [neovide::channel_utils] neovim_handler GridLine { grid: 3, row: 24, column_start: 0, cells: [GridLineCell { text: " ", highlight_id: Some(254), repeat: Some(4) }, GridLineCell { text: "b", highlight_id: None, repeat: None }, GridLineCell { text: "o", highlight_id: None, repeat: None }, GridLineCell { text: "l", highlight_id: None, repeat: None }, GridLineCell { text: "d", highlight_id: None, repeat: None }, GridLineCell { text: ":", highlight_id: None, repeat: None }, GridLineCell { text: " ", highlight_id: None, repeat: None }, GridLineCell { text: "N", highlight_id: None, repeat: None }, GridLineCell { text: "o", highlight_id: None, repeat: None }, GridLineCell { text: "n", highlight_id: None, repeat: None }, GridLineCell { text: "e", highlight_id: None, repeat: None }, GridLineCell { text: ",", highlight_id: None, repeat: None }, GridLineCell { text: " ", highlight_id: Some(1), repeat: Some(50) }, GridLineCell { text: " ", highlight_id: Some(1), repeat: Some(0) }] }
TRACE [neovide::channel_utils] neovim_handler GridLine { grid: 3, row: 25, column_start: 0, cells: [GridLineCell { text: " ", highlight_id: Some(254), repeat: Some(4) }, GridLineCell { text: "b", highlight_id: None, repeat: None }, GridLineCell { text: "o", highlight_id: None, repeat: None }, GridLineCell { text: "l", highlight_id: None, repeat: None }, GridLineCell { text: "d", highlight_id: None, repeat: None }, GridLineCell { text: "_", highlight_id: None, repeat: None }, GridLineCell { text: "i", highlight_id: None, repeat: None }, GridLineCell { text: "t", highlight_id: None, repeat: None }, GridLineCell { text: "a", highlight_id: None, repeat: None }, GridLineCell { text: "l", highlight_id: None, repeat: None }, GridLineCell { text: "i", highlight_id: None, repeat: None }, GridLineCell { text: "c", highlight_id: None, repeat: None }, GridLineCell { text: ":", highlight_id: None, repeat: None }, GridLineCell { text: " ", highlight_id: None, repeat: None }, GridLineCell { text: "N", highlight_id: None, repeat: None }, GridLineCell { text: "o", highlight_id: None, repeat: None }, GridLineCell { text: "n", highlight_id: None, repeat: None }, GridLineCell { text: "e", highlight_id: None, repeat: None }, GridLineCell { text: ",", highlight_id: None, repeat: None }, GridLineCell { text: " ", highlight_id: Some(1), repeat: Some(43) }, GridLineCell { text: " ", highlight_id: Some(1), repeat: Some(0) }] }
TRACE [neovide::channel_utils] neovim_handler GridLine { grid: 3, row: 26, column_start: 0, cells: [GridLineCell { text: " ", highlight_id: Some(254), repeat: Some(4) }, GridLineCell { text: "f", highlight_id: None, repeat: None }, GridLineCell { text: "e", highlight_id: None, repeat: None }, GridLineCell { text: "a", highlight_id: None, repeat: None }, GridLineCell { text: "t", highlight_id: None, repeat: None }, GridLineCell { text: "u", highlight_id: None, repeat: None }, GridLineCell { text: "r", highlight_id: None, repeat: None }, GridLineCell { text: "e", highlight_id: None, repeat: None }] }
TRACE [neovide::bridge::handler] Neovim notification: "redraw"
TRACE [neovide::channel_utils] neovim_handler GridLine { grid: 3, row: 26, column_start: 11, cells: [GridLineCell { text: "s", highlight_id: Some(254), repeat: None }, GridLineCell { text: ":", highlight_id: None, repeat: None }, GridLineCell { text: " ", highlight_id: None, repeat: None }, GridLineCell { text: "{", highlight_id: None, repeat: None }, GridLineCell { text: "}", highlight_id: None, repeat: None }, GridLineCell { text: ",", highlight_id: None, repeat: None }, GridLineCell { text: " ", highlight_id: Some(1), repeat: Some(48) }, GridLineCell { text: " ", highlight_id: Some(1), repeat: Some(0) }] }
TRACE [neovide::channel_utils] neovim_handler GridLine { grid: 3, row: 27, column_start: 0, cells: [GridLineCell { text: " ", highlight_id: Some(254), repeat: Some(4) }, GridLineCell { text: "s", highlight_id: None, repeat: None }, GridLineCell { text: "i", highlight_id: None, repeat: None }, GridLineCell { text: "z", highlight_id: None, repeat: None }, GridLineCell { text: "e", highlight_id: None, repeat: None }, GridLineCell { text: ":", highlight_id: None, repeat: None }, GridLineCell { text: " ", highlight_id: None, repeat: None }, GridLineCell { text: "1", highlight_id: None, repeat: None }, GridLineCell { text: "8", highlight_id: None, repeat: None }, GridLineCell { text: ".", highlight_id: None, repeat: None }, GridLineCell { text: "6", highlight_id: Some(254), repeat: Some(5) }, GridLineCell { text: "8", highlight_id: None, repeat: None }, GridLineCell { text: ",", highlight_id: None, repeat: None }, GridLineCell { text: " ", highlight_id: Some(1), repeat: Some(45) }, GridLineCell { text: " ", highlight_id: Some(1), repeat: Some(0) }] }
TRACE [neovide::channel_utils] neovim_handler GridLine { grid: 3, row: 28, column_start: 0, cells: [GridLineCell { text: " ", highlight_id: Some(254), repeat: Some(4) }, GridLineCell { text: "w", highlight_id: None, repeat: None }, GridLineCell { text: "i", highlight_id: None, repeat: None }, GridLineCell { text: "d", highlight_id: None, repeat: None }, GridLineCell { text: "t", highlight_id: None, repeat: None }, GridLineCell { text: "h", highlight_id: None, repeat: None }, GridLineCell { text: ":", highlight_id: None, repeat: None }, GridLineCell { text: " ", highlight_id: None, repeat: None }, GridLineCell { text: "0", highlight_id: None, repeat: None }, GridLineCell { text: ".", highlight_id: None, repeat: None }, GridLineCell { text: "0", highlight_id: None, repeat: None }, GridLineCell { text: ",", highlight_id: None, repeat: None }, GridLineCell { text: " ", highlight_id: Some(1), repeat: Some(50) }, GridLineCell { text: " ", highlight_id: Some(1), repeat: Some(0) }] }
TRACE [neovide::channel_utils] neovim_handler GridLine { grid: 3, row: 29, column_start: 0, cells: [GridLineCell { text: " ", highlight_id: Some(254), repeat: Some(4) }, GridLineCell { text: "h", highlight_id: None, repeat: None }, GridLineCell { text: "i", highlight_id: None, repeat: None }, GridLineCell { text: "n", highlight_id: None, repeat: None }, GridLineCell { text: "t", highlight_id: None, repeat: None }, GridLineCell { text: "i", highlight_id: None, repeat: None }, GridLineCell { text: "n", highlight_id: None, repeat: None }, GridLineCell { text: "g", highlight_id: None, repeat: None }, GridLineCell { text: ":", highlight_id: None, repeat: None }, GridLineCell { text: " ", highlight_id: None, repeat: None }, GridLineCell { text: "F", highlight_id: None, repeat: None }, GridLineCell { text: "u", highlight_id: None, repeat: None }, GridLineCell { text: "l", highlight_id: Some(254), repeat: Some(2) }, GridLineCell { text: ",", highlight_id: None, repeat: None }, GridLineCell { text: " ", highlight_id: Some(1), repeat: Some(47) }, GridLineCell { text: " ", highlight_id: Some(1), repeat: Some(0) }] }
TRACE [neovide::channel_utils] neovim_handler GridLine { grid: 3, row: 30, column_start: 0, cells: [GridLineCell { text: " ", highlight_id: Some(254), repeat: Some(4) }, GridLineCell { text: "e", highlight_id: None, repeat: None }, GridLineCell { text: "d", highlight_id: None, repeat: None }, GridLineCell { text: "g", highlight_id: None, repeat: None }, GridLineCell { text: "i", highlight_id: None, repeat: None }, GridLineCell { text: "n", highlight_id: None, repeat: None }, GridLineCell { text: "g", highlight_id: None, repeat: None }, GridLineCell { text: ":", highlight_id: None, repeat: None }, GridLineCell { text: " ", highlight_id: None, repeat: None }, GridLineCell { text: "A", highlight_id: None, repeat: None }, GridLineCell { text: "n", highlight_id: None, repeat: None }, GridLineCell { text: "t", highlight_id: None, repeat: None }, GridLineCell { text: "i", highlight_id: None, repeat: None }, GridLineCell { text: "A", highlight_id: None, repeat: None }, GridLineCell { text: "l", highlight_id: None, repeat: None }, GridLineCell { text: "i", highlight_id: None, repeat: None }, GridLineCell { text: "a", highlight_id: None, repeat: None }, GridLineCell { text: "s", highlight_id: None, repeat: None }, GridLineCell { text: ",", highlight_id: None, repeat: None }, GridLineCell { text: " ", highlight_id: Some(1), repeat: Some(43) }, GridLineCell { text: " ", highlight_id: Some(1), repeat: Some(0) }] }
TRACE [neovide::channel_utils] neovim_handler GridLine { grid: 3, row: 31, column_start: 0, cells: [GridLineCell { text: "}", highlight_id: Some(254), repeat: None }, GridLineCell { text: " ", highlight_id: Some(1), repeat: Some(64) }, GridLineCell { text: " ", highlight_id: Some(1), repeat: Some(0) }] }
TRACE [neovide::channel_utils] neovim_handler GridLine { grid: 3, row: 32, column_start: 0, cells: [GridLineCell { text: "F", highlight_id: Some(254), repeat: None }, GridLineCell { text: "o", highlight_id: None, repeat: None }, GridLineCell { text: "l", highlight_id: Some(254), repeat: Some(2) }, GridLineCell { text: "o", highlight_id: None, repeat: None }, GridLineCell { text: "w", highlight_id: None, repeat: None }, GridLineCell { text: "i", highlight_id: None, repeat: None }, GridLineCell { text: "n", highlight_id: None, repeat: None }, GridLineCell { text: "g", highlight_id: None, repeat: None }, GridLineCell { text: " ", highlight_id: None, repeat: None }, GridLineCell { text: "f", highlight_id: None, repeat: None }, GridLineCell { text: "o", highlight_id: None, repeat: None }, GridLineCell { text: "n", highlight_id: None, repeat: None }, GridLineCell { text: "t", highlight_id: None, repeat: None }, GridLineCell { text: "s", highlight_id: None, repeat: None }, GridLineCell { text: " ", highlight_id: None, repeat: None }, GridLineCell { text: "c", highlight_id: None, repeat: None }, GridLineCell { text: "o", highlight_id: None, repeat: None }, GridLineCell { text: "u", highlight_id: None, repeat: None }, GridLineCell { text: "l", highlight_id: None, repeat: None }, GridLineCell { text: "d", highlight_id: None, repeat: None }, GridLineCell { text: "n", highlight_id: None, repeat: None }, GridLineCell { text: "'", highlight_id: None, repeat: None }, GridLineCell { text: "t", highlight_id: None, repeat: None }, GridLineCell { text: " ", highlight_id: None, repeat: None }, GridLineCell { text: "b", highlight_id: None, repeat: None }, GridLineCell { text: "e", highlight_id: None, repeat: None }, GridLineCell { text: " ", highlight_id: None, repeat: None }, GridLineCell { text: "l", highlight_id: None, repeat: None }, GridLineCell { text: "o", highlight_id: None, repeat: None }, GridLineCell { text: "a", highlight_id: None, repeat: None }, GridLineCell { text: "d", highlight_id: None, repeat: None }, GridLineCell { text: "e", highlight_id: None, repeat: None }, GridLineCell { text: "d", highlight_id: None, repeat: None }, GridLineCell { text: ":", highlight_id: None, repeat: None }, GridLineCell { text: " ", highlight_id: None, repeat: None }, GridLineCell { text: "F", highlight_id: None, repeat: None }, GridLineCell { text: "o", highlight_id: None, repeat: None }, GridLineCell { text: "n", highlight_id: None, repeat: None }, GridLineCell { text: "t", highlight_id: None, repeat: None }, GridLineCell { text: "K", highlight_id: None, repeat: None }, GridLineCell { text: "e", highlight_id: None, repeat: None }, GridLineCell { text: "y", highlight_id: None, repeat: None }, GridLineCell { text: " ", highlight_id: None, repeat: None }, GridLineCell { text: "{", highlight_id: None, repeat: None }, GridLineCell { text: " ", highlight_id: None, repeat: None }, GridLineCell { text: "f", highlight_id: None, repeat: None }, GridLineCell { text: "o", highlight_id: None, repeat: None }, GridLineCell { text: "n", highlight_id: None, repeat: None }, GridLineCell { text: "t", highlight_id: None, repeat: None }, GridLineCell { text: "_", highlight_id: None, repeat: None }, GridLineCell { text: "d", highlight_id: None, repeat: None }, GridLineCell { text: "e", highlight_id: None, repeat: None }, GridLineCell { text: "s", highlight_id: None, repeat: None }, GridLineCell { text: "c", highlight_id: None, repeat: None }, GridLineCell { text: ":", highlight_id: None, repeat: None }, GridLineCell { text: " ", highlight_id: None, repeat: None }, GridLineCell { text: "S", highlight_id: None, repeat: None }, GridLineCell { text: "o", highlight_id: None, repeat: None }, GridLineCell { text: "m", highlight_id: None, repeat: None }, GridLineCell { text: "e", highlight_id: None, repeat: None }, GridLineCell { text: "(", highlight_id: None, repeat: None }, GridLineCell { text: "F", highlight_id: None, repeat: None }, GridLineCell { text: "o", highlight_id: None, repeat: None }, GridLineCell { text: "n", highlight_id: None, repeat: None }] }
TRACE [neovide::channel_utils] neovim_handler GridLine { grid: 3, row: 33, column_start: 0, cells: [GridLineCell { text: "t", highlight_id: Some(254), repeat: None }, GridLineCell { text: "D", highlight_id: None, repeat: None }, GridLineCell { text: "e", highlight_id: None, repeat: None }, GridLineCell { text: "s", highlight_id: None, repeat: None }, GridLineCell { text: "c", highlight_id: None, repeat: None }, GridLineCell { text: "r", highlight_id: None, repeat: None }, GridLineCell { text: "i", highlight_id: None, repeat: None }, GridLineCell { text: "p", highlight_id: None, repeat: None }, GridLineCell { text: "t", highlight_id: None, repeat: None }, GridLineCell { text: "i", highlight_id: None, repeat: None }, GridLineCell { text: "o", highlight_id: None, repeat: None }, GridLineCell { text: "n", highlight_id: None, repeat: None }, GridLineCell { text: " ", highlight_id: None, repeat: None }, GridLineCell { text: "{", highlight_id: None, repeat: None }, GridLineCell { text: " ", highlight_id: None, repeat: None }, GridLineCell { text: "f", highlight_id: None, repeat: None }, GridLineCell { text: "a", highlight_id: None, repeat: None }, GridLineCell { text: "m", highlight_id: None, repeat: None }, GridLineCell { text: "i", highlight_id: None, repeat: None }, GridLineCell { text: "l", highlight_id: None, repeat: None }, GridLineCell { text: "y", highlight_id: None, repeat: None }, GridLineCell { text: ":", highlight_id: None, repeat: None }, GridLineCell { text: " ", highlight_id: None, repeat: None }, GridLineCell { text: "\"", highlight_id: None, repeat: None }, GridLineCell { text: "m", highlight_id: None, repeat: None }, GridLineCell { text: "o", highlight_id: None, repeat: None }, GridLineCell { text: "n", highlight_id: None, repeat: None }, GridLineCell { text: "o", highlight_id: None, repeat: None }, GridLineCell { text: "s", highlight_id: None, repeat: None }, GridLineCell { text: "p", highlight_id: None, repeat: None }, GridLineCell { text: "a", highlight_id: None, repeat: None }, GridLineCell { text: "c", highlight_id: None, repeat: None }, GridLineCell { text: "e", highlight_id: None, repeat: None }, GridLineCell { text: "\"", highlight_id: None, repeat: None }, GridLineCell { text: ",", highlight_id: None, repeat: None }, GridLineCell { text: " ", highlight_id: None, repeat: None }, GridLineCell { text: "s", highlight_id: None, repeat: None }, GridLineCell { text: "t", highlight_id: None, repeat: None }, GridLineCell { text: "y", highlight_id: None, repeat: None }, GridLineCell { text: "l", highlight_id: None, repeat: None }, GridLineCell { text: "e", highlight_id: None, repeat: None }, GridLineCell { text: ":", highlight_id: None, repeat: None }, GridLineCell { text: " ", highlight_id: None, repeat: None }, GridLineCell { text: "S", highlight_id: None, repeat: None }, GridLineCell { text: "o", highlight_id: None, repeat: None }, GridLineCell { text: "m", highlight_id: None, repeat: None }, GridLineCell { text: "e", highlight_id: None, repeat: None }, GridLineCell { text: "(", highlight_id: None, repeat: None }, GridLineCell { text: "\"", highlight_id: None, repeat: None }, GridLineCell { text: "B", highlight_id: None, repeat: None }, GridLineCell { text: "o", highlight_id: None, repeat: None }, GridLineCell { text: "l", highlight_id: None, repeat: None }, GridLineCell { text: "d", highlight_id: None, repeat: None }, GridLineCell { text: " ", highlight_id: None, repeat: None }, GridLineCell { text: "I", highlight_id: None, repeat: None }, GridLineCell { text: "t", highlight_id: None, repeat: None }, GridLineCell { text: "a", highlight_id: None, repeat: None }, GridLineCell { text: "l", highlight_id: None, repeat: None }, GridLineCell { text: "i", highlight_id: None, repeat: None }, GridLineCell { text: "c", highlight_id: None, repeat: None }, GridLineCell { text: "\"", highlight_id: None, repeat: None }, GridLineCell { text: ")", highlight_id: None, repeat: None }, GridLineCell { text: " ", highlight_id: None, repeat: None }, GridLineCell { text: "}", highlight_id: None, repeat: None }, GridLineCell { text: ")", highlight_id: None, repeat: None }] }
TRACE [neovide::channel_utils] neovim_handler GridLine { grid: 3, row: 34, column_start: 0, cells: [GridLineCell { text: ",", highlight_id: Some(254), repeat: None }, GridLineCell { text: " ", highlight_id: None, repeat: None }, GridLineCell { text: "h", highlight_id: None, repeat: None }, GridLineCell { text: "i", highlight_id: None, repeat: None }, GridLineCell { text: "n", highlight_id: None, repeat: None }, GridLineCell { text: "t", highlight_id: None, repeat: None }, GridLineCell { text: "i", highlight_id: None, repeat: None }, GridLineCell { text: "n", highlight_id: None, repeat: None }, GridLineCell { text: "g", highlight_id: None, repeat: None }, GridLineCell { text: ":", highlight_id: None, repeat: None }, GridLineCell { text: " ", highlight_id: None, repeat: None }, GridLineCell { text: "F", highlight_id: None, repeat: None }, GridLineCell { text: "u", highlight_id: None, repeat: None }, GridLineCell { text: "l", highlight_id: Some(254), repeat: Some(2) }, GridLineCell { text: ",", highlight_id: None, repeat: None }, GridLineCell { text: " ", highlight_id: None, repeat: None }, GridLineCell { text: "e", highlight_id: None, repeat: None }, GridLineCell { text: "d", highlight_id: None, repeat: None }, GridLineCell { text: "g", highlight_id: None, repeat: None }, GridLineCell { text: "i", highlight_id: None, repeat: None }, GridLineCell { text: "n", highlight_id: None, repeat: None }, GridLineCell { text: "g", highlight_id: None, repeat: None }, GridLineCell { text: ":", highlight_id: None, repeat: None }, GridLineCell { text: " ", highlight_id: None, repeat: None }, GridLineCell { text: "A", highlight_id: None, repeat: None }, GridLineCell { text: "n", highlight_id: None, repeat: None }, GridLineCell { text: "t", highlight_id: None, repeat: None }, GridLineCell { text: "i", highlight_id: None, repeat: None }, GridLineCell { text: "A", highlight_id: None, repeat: None }, GridLineCell { text: "l", highlight_id: None, repeat: None }, GridLineCell { text: "i", highlight_id: None, repeat: None }, GridLineCell { text: "a", highlight_id: None, repeat: None }, GridLineCell { text: "s", highlight_id: None, repeat: None }, GridLineCell { text: " ", highlight_id: None, repeat: None }, GridLineCell { text: "}", highlight_id: None, repeat: None }, GridLineCell { text: ",", highlight_id: None, repeat: None }, GridLineCell { text: " ", highlight_id: Some(1), repeat: Some(28) }, GridLineCell { text: " ", highlight_id: Some(1), repeat: Some(0) }] }
TRACE [neovide::channel_utils] neovim_handler GridLine { grid: 3, row: 35, column_start: 0, cells: [GridLineCell { text: "F", highlight_id: Some(254), repeat: None }, GridLineCell { text: "o", highlight_id: None, repeat: None }, GridLineCell { text: "n", highlight_id: None, repeat: None }, GridLineCell { text: "t", highlight_id: None, repeat: None }, GridLineCell { text: "K", highlight_id: None, repeat: None }, GridLineCell { text: "e", highlight_id: None, repeat: None }, GridLineCell { text: "y", highlight_id: None, repeat: None }, GridLineCell { text: " ", highlight_id: None, repeat: None }, GridLineCell { text: "{", highlight_id: None, repeat: None }, GridLineCell { text: " ", highlight_id: None, repeat: None }, GridLineCell { text: "f", highlight_id: None, repeat: None }, GridLineCell { text: "o", highlight_id: None, repeat: None }, GridLineCell { text: "n", highlight_id: None, repeat: None }, GridLineCell { text: "t", highlight_id: None, repeat: None }, GridLineCell { text: "_", highlight_id: None, repeat: None }, GridLineCell { text: "d", highlight_id: None, repeat: None }, GridLineCell { text: "e", highlight_id: None, repeat: None }, GridLineCell { text: "s", highlight_id: None, repeat: None }, GridLineCell { text: "c", highlight_id: None, repeat: None }, GridLineCell { text: ":", highlight_id: None, repeat: None }, GridLineCell { text: " ", highlight_id: None, repeat: None }, GridLineCell { text: "S", highlight_id: None, repeat: None }, GridLineCell { text: "o", highlight_id: None, repeat: None }, GridLineCell { text: "m", highlight_id: None, repeat: None }, GridLineCell { text: "e", highlight_id: None, repeat: None }, GridLineCell { text: "(", highlight_id: None, repeat: None }, GridLineCell { text: "F", highlight_id: None, repeat: None }, GridLineCell { text: "o", highlight_id: None, repeat: None }, GridLineCell { text: "n", highlight_id: None, repeat: None }, GridLineCell { text: "t", highlight_id: None, repeat: None }, GridLineCell { text: "D", highlight_id: None, repeat: None }, GridLineCell { text: "e", highlight_id: None, repeat: None }, GridLineCell { text: "s", highlight_id: None, repeat: None }, GridLineCell { text: "c", highlight_id: None, repeat: None }, GridLineCell { text: "r", highlight_id: None, repeat: None }, GridLineCell { text: "i", highlight_id: None, repeat: None }, GridLineCell { text: "p", highlight_id: None, repeat: None }, GridLineCell { text: "t", highlight_id: None, repeat: None }, GridLineCell { text: "i", highlight_id: None, repeat: None }, GridLineCell { text: "o", highlight_id: None, repeat: None }, GridLineCell { text: "n", highlight_id: None, repeat: None }, GridLineCell { text: " ", highlight_id: None, repeat: None }, GridLineCell { text: "{", highlight_id: None, repeat: None }, GridLineCell { text: " ", highlight_id: None, repeat: None }, GridLineCell { text: "f", highlight_id: None, repeat: None }, GridLineCell { text: "a", highlight_id: None, repeat: None }, GridLineCell { text: "m", highlight_id: None, repeat: None }, GridLineCell { text: "i", highlight_id: None, repeat: None }, GridLineCell { text: "l", highlight_id: None, repeat: None }, GridLineCell { text: "y", highlight_id: None, repeat: None }, GridLineCell { text: ":", highlight_id: None, repeat: None }, GridLineCell { text: " ", highlight_id: None, repeat: None }, GridLineCell { text: "\"", highlight_id: None, repeat: None }, GridLineCell { text: "m", highlight_id: None, repeat: None }, GridLineCell { text: "o", highlight_id: None, repeat: None }, GridLineCell { text: "n", highlight_id: None, repeat: None }, GridLineCell { text: "o", highlight_id: None, repeat: None }, GridLineCell { text: "s", highlight_id: None, repeat: None }, GridLineCell { text: "p", highlight_id: None, repeat: None }, GridLineCell { text: "a", highlight_id: None, repeat: None }, GridLineCell { text: "c", highlight_id: None, repeat: None }, GridLineCell { text: "e", highlight_id: None, repeat: None }, GridLineCell { text: "\"", highlight_id: None, repeat: None }, GridLineCell { text: ",", highlight_id: None, repeat: None }, GridLineCell { text: " ", highlight_id: None, repeat: None }, GridLineCell { text: " ", highlight_id: Some(1), repeat: Some(0) }] }
TRACE [neovide::channel_utils] neovim_handler GridLine { grid: 3, row: 36, column_start: 0, cells: [GridLineCell { text: "s", highlight_id: Some(254), repeat: None }, GridLineCell { text: "t", highlight_id: None, repeat: None }, GridLineCell { text: "y", highlight_id: None, repeat: None }, GridLineCell { text: "l", highlight_id: None, repeat: None }, GridLineCell { text: "e", highlight_id: None, repeat: None }, GridLineCell { text: ":", highlight_id: None, repeat: None }, GridLineCell { text: " ", highlight_id: None, repeat: None }, GridLineCell { text: "S", highlight_id: None, repeat: None }, GridLineCell { text: "o", highlight_id: None, repeat: None }, GridLineCell { text: "m", highlight_id: None, repeat: None }, GridLineCell { text: "e", highlight_id: None, repeat: None }, GridLineCell { text: "(", highlight_id: None, repeat: None }, GridLineCell { text: "\"", highlight_id: None, repeat: None }, GridLineCell { text: "B", highlight_id: None, repeat: None }, GridLineCell { text: "o", highlight_id: None, repeat: None }, GridLineCell { text: "l", highlight_id: None, repeat: None }, GridLineCell { text: "d", highlight_id: None, repeat: None }, GridLineCell { text: "\"", highlight_id: None, repeat: None }, GridLineCell { text: ")", highlight_id: None, repeat: None }, GridLineCell { text: " ", highlight_id: None, repeat: None }, GridLineCell { text: "}", highlight_id: None, repeat: None }, GridLineCell { text: ")", highlight_id: None, repeat: None }, GridLineCell { text: ",", highlight_id: None, repeat: None }, GridLineCell { text: " ", highlight_id: None, repeat: None }, GridLineCell { text: "h", highlight_id: None, repeat: None }, GridLineCell { text: "i", highlight_id: None, repeat: None }, GridLineCell { text: "n", highlight_id: None, repeat: None }, GridLineCell { text: "t", highlight_id: None, repeat: None }, GridLineCell { text: "i", highlight_id: None, repeat: None }, GridLineCell { text: "n", highlight_id: None, repeat: None }, GridLineCell { text: "g", highlight_id: None, repeat: None }, GridLineCell { text: ":", highlight_id: None, repeat: None }, GridLineCell { text: " ", highlight_id: None, repeat: None }, GridLineCell { text: "F", highlight_id: None, repeat: None }, GridLineCell { text: "u", highlight_id: None, repeat: None }, GridLineCell { text: "l", highlight_id: Some(254), repeat: Some(2) }, GridLineCell { text: ",", highlight_id: None, repeat: None }, GridLineCell { text: " ", highlight_id: None, repeat: None }, GridLineCell { text: "e", highlight_id: None, repeat: None }, GridLineCell { text: "d", highlight_id: None, repeat: None }, GridLineCell { text: "g", highlight_id: None, repeat: None }, GridLineCell { text: "i", highlight_id: None, repeat: None }, GridLineCell { text: "n", highlight_id: None, repeat: None }, GridLineCell { text: "g", highlight_id: None, repeat: None }, GridLineCell { text: ":", highlight_id: None, repeat: None }, GridLineCell { text: " ", highlight_id: None, repeat: None }, GridLineCell { text: "A", highlight_id: None, repeat: None }, GridLineCell { text: "n", highlight_id: None, repeat: None }, GridLineCell { text: "t", highlight_id: None, repeat: None }, GridLineCell { text: "i", highlight_id: None, repeat: None }, GridLineCell { text: "A", highlight_id: None, repeat: None }, GridLineCell { text: "l", highlight_id: None, repeat: None }, GridLineCell { text: "i", highlight_id: None, repeat: None }, GridLineCell { text: "a", highlight_id: None, repeat: None }, GridLineCell { text: "s", highlight_id: None, repeat: None }, GridLineCell { text: " ", highlight_id: None, repeat: None }, GridLineCell { text: "}", highlight_id: None, repeat: None }, GridLineCell { text: ",", highlight_id: None, repeat: None }, GridLineCell { text: " ", highlight_id: Some(1), repeat: Some(6) }, GridLineCell { text: " ", highlight_id: Some(1), repeat: Some(0) }] }
TRACE [neovide::channel_utils] neovim_handler GridLine { grid: 3, row: 37, column_start: 0, cells: [GridLineCell { text: "F", highlight_id: Some(254), repeat: None }, GridLineCell { text: "o", highlight_id: None, repeat: None }, GridLineCell { text: "n", highlight_id: None, repeat: None }, GridLineCell { text: "t", highlight_id: None, repeat: None }, GridLineCell { text: "K", highlight_id: None, repeat: None }, GridLineCell { text: "e", highlight_id: None, repeat: None }, GridLineCell { text: "y", highlight_id: None, repeat: None }, GridLineCell { text: " ", highlight_id: None, repeat: None }, GridLineCell { text: "{", highlight_id: None, repeat: None }, GridLineCell { text: " ", highlight_id: None, repeat: None }, GridLineCell { text: "f", highlight_id: None, repeat: None }, GridLineCell { text: "o", highlight_id: None, repeat: None }, GridLineCell { text: "n", highlight_id: None, repeat: None }, GridLineCell { text: "t", highlight_id: None, repeat: None }, GridLineCell { text: "_", highlight_id: None, repeat: None }, GridLineCell { text: "d", highlight_id: None, repeat: None }, GridLineCell { text: "e", highlight_id: None, repeat: None }, GridLineCell { text: "s", highlight_id: None, repeat: None }, GridLineCell { text: "c", highlight_id: None, repeat: None }, GridLineCell { text: ":", highlight_id: None, repeat: None }, GridLineCell { text: " ", highlight_id: None, repeat: None }, GridLineCell { text: "S", highlight_id: None, repeat: None }, GridLineCell { text: "o", highlight_id: None, repeat: None }, GridLineCell { text: "m", highlight_id: None, repeat: None }, GridLineCell { text: "e", highlight_id: None, repeat: None }, GridLineCell { text: "(", highlight_id: None, repeat: None }, GridLineCell { text: "F", highlight_id: None, repeat: None }, GridLineCell { text: "o", highlight_id: None, repeat: None }, GridLineCell { text: "n", highlight_id: None, repeat: None }, GridLineCell { text: "t", highlight_id: None, repeat: None }, GridLineCell { text: "D", highlight_id: None, repeat: None }, GridLineCell { text: "e", highlight_id: None, repeat: None }, GridLineCell { text: "s", highlight_id: None, repeat: None }, GridLineCell { text: "c", highlight_id: None, repeat: None }, GridLineCell { text: "r", highlight_id: None, repeat: None }, GridLineCell { text: "i", highlight_id: None, repeat: None }, GridLineCell { text: "p", highlight_id: None, repeat: None }, GridLineCell { text: "t", highlight_id: None, repeat: None }, GridLineCell { text: "i", highlight_id: None, repeat: None }, GridLineCell { text: "o", highlight_id: None, repeat: None }, GridLineCell { text: "n", highlight_id: None, repeat: None }, GridLineCell { text: " ", highlight_id: None, repeat: None }, GridLineCell { text: "{", highlight_id: None, repeat: None }, GridLineCell { text: " ", highlight_id: None, repeat: None }, GridLineCell { text: "f", highlight_id: None, repeat: None }, GridLineCell { text: "a", highlight_id: None, repeat: None }, GridLineCell { text: "m", highlight_id: None, repeat: None }, GridLineCell { text: "i", highlight_id: None, repeat: None }, GridLineCell { text: "l", highlight_id: None, repeat: None }, GridLineCell { text: "y", highlight_id: None, repeat: None }, GridLineCell { text: ":", highlight_id: None, repeat: None }, GridLineCell { text: " ", highlight_id: None, repeat: None }, GridLineCell { text: "\"", highlight_id: None, repeat: None }, GridLineCell { text: "m", highlight_id: None, repeat: None }, GridLineCell { text: "o", highlight_id: None, repeat: None }, GridLineCell { text: "n", highlight_id: None, repeat: None }, GridLineCell { text: "o", highlight_id: None, repeat: None }, GridLineCell { text: "s", highlight_id: None, repeat: None }, GridLineCell { text: "p", highlight_id: None, repeat: None }, GridLineCell { text: "a", highlight_id: None, repeat: None }, GridLineCell { text: "c", highlight_id: None, repeat: None }, GridLineCell { text: "e", highlight_id: None, repeat: None }, GridLineCell { text: "\"", highlight_id: None, repeat: None }, GridLineCell { text: ",", highlight_id: None, repeat: None }, GridLineCell { text: " ", highlight_id: None, repeat: None }, GridLineCell { text: " ", highlight_id: Some(1), repeat: Some(0) }] }
TRACE [neovide::channel_utils] neovim_handler GridLine { grid: 3, row: 38, column_start: 0, cells: [GridLineCell { text: "s", highlight_id: Some(254), repeat: None }, GridLineCell { text: "t", highlight_id: None, repeat: None }, GridLineCell { text: "y", highlight_id: None, repeat: None }, GridLineCell { text: "l", highlight_id: None, repeat: None }, GridLineCell { text: "e", highlight_id: None, repeat: None }, GridLineCell { text: ":", highlight_id: None, repeat: None }, GridLineCell { text: " ", highlight_id: None, repeat: None }, GridLineCell { text: "S", highlight_id: None, repeat: None }, GridLineCell { text: "o", highlight_id: None, repeat: None }, GridLineCell { text: "m", highlight_id: None, repeat: None }, GridLineCell { text: "e", highlight_id: None, repeat: None }, GridLineCell { text: "(", highlight_id: None, repeat: None }, GridLineCell { text: "\"", highlight_id: None, repeat: None }, GridLineCell { text: "I", highlight_id: None, repeat: None }, GridLineCell { text: "t", highlight_id: None, repeat: None }, GridLineCell { text: "a", highlight_id: None, repeat: None }, GridLineCell { text: "l", highlight_id: None, repeat: None }, GridLineCell { text: "i", highlight_id: None, repeat: None }, GridLineCell { text: "c", highlight_id: None, repeat: None }, GridLineCell { text: "\"", highlight_id: None, repeat: None }, GridLineCell { text: ")", highlight_id: None, repeat: None }, GridLineCell { text: " ", highlight_id: None, repeat: None }, GridLineCell { text: "}", highlight_id: None, repeat: None }, GridLineCell { text: ")", highlight_id: None, repeat: None }, GridLineCell { text: ",", highlight_id: None, repeat: None }, GridLineCell { text: " ", highlight_id: None, repeat: None }, GridLineCell { text: "h", highlight_id: None, repeat: None }, GridLineCell { text: "i", highlight_id: None, repeat: None }, GridLineCell { text: "n", highlight_id: None, repeat: None }, GridLineCell { text: "t", highlight_id: None, repeat: None }, GridLineCell { text: "i", highlight_id: None, repeat: None }, GridLineCell { text: "n", highlight_id: None, repeat: None }, GridLineCell { text: "g", highlight_id: None, repeat: None }, GridLineCell { text: ":", highlight_id: None, repeat: None }, GridLineCell { text: " ", highlight_id: None, repeat: None }, GridLineCell { text: "F", highlight_id: None, repeat: None }, GridLineCell { text: "u", highlight_id: None, repeat: None }, GridLineCell { text: "l", highlight_id: Some(254), repeat: Some(2) }, GridLineCell { text: ",", highlight_id: None, repeat: None }, GridLineCell { text: " ", highlight_id: None, repeat: None }, GridLineCell { text: "e", highlight_id: None, repeat: None }, GridLineCell { text: "d", highlight_id: None, repeat: None }, GridLineCell { text: "g", highlight_id: None, repeat: None }, GridLineCell { text: "i", highlight_id: None, repeat: None }, GridLineCell { text: "n", highlight_id: None, repeat: None }, GridLineCell { text: "g", highlight_id: None, repeat: None }] }
TRACE [neovide::bridge::handler] Neovim notification: "redraw"
TRACE [neovide::channel_utils] neovim_handler GridLine { grid: 3, row: 38, column_start: 47, cells: [GridLineCell { text: ":", highlight_id: Some(254), repeat: None }, GridLineCell { text: " ", highlight_id: None, repeat: None }, GridLineCell { text: "A", highlight_id: None, repeat: None }, GridLineCell { text: "n", highlight_id: None, repeat: None }, GridLineCell { text: "t", highlight_id: None, repeat: None }, GridLineCell { text: "i", highlight_id: None, repeat: None }, GridLineCell { text: "A", highlight_id: None, repeat: None }, GridLineCell { text: "l", highlight_id: None, repeat: None }, GridLineCell { text: "i", highlight_id: None, repeat: None }, GridLineCell { text: "a", highlight_id: None, repeat: None }, GridLineCell { text: "s", highlight_id: None, repeat: None }, GridLineCell { text: " ", highlight_id: None, repeat: None }, GridLineCell { text: "}", highlight_id: None, repeat: None }, GridLineCell { text: ",", highlight_id: None, repeat: None }, GridLineCell { text: " ", highlight_id: Some(1), repeat: Some(4) }, GridLineCell { text: " ", highlight_id: Some(1), repeat: Some(0) }] }
TRACE [neovide::channel_utils] neovim_handler GridLine { grid: 3, row: 39, column_start: 0, cells: [GridLineCell { text: "F", highlight_id: Some(254), repeat: None }, GridLineCell { text: "o", highlight_id: None, repeat: None }, GridLineCell { text: "n", highlight_id: None, repeat: None }, GridLineCell { text: "t", highlight_id: None, repeat: None }, GridLineCell { text: "K", highlight_id: None, repeat: None }, GridLineCell { text: "e", highlight_id: None, repeat: None }, GridLineCell { text: "y", highlight_id: None, repeat: None }, GridLineCell { text: " ", highlight_id: None, repeat: None }, GridLineCell { text: "{", highlight_id: None, repeat: None }, GridLineCell { text: " ", highlight_id: None, repeat: None }, GridLineCell { text: "f", highlight_id: None, repeat: None }, GridLineCell { text: "o", highlight_id: None, repeat: None }, GridLineCell { text: "n", highlight_id: None, repeat: None }, GridLineCell { text: "t", highlight_id: None, repeat: None }, GridLineCell { text: "_", highlight_id: None, repeat: None }, GridLineCell { text: "d", highlight_id: None, repeat: None }, GridLineCell { text: "e", highlight_id: None, repeat: None }, GridLineCell { text: "s", highlight_id: None, repeat: None }, GridLineCell { text: "c", highlight_id: None, repeat: None }, GridLineCell { text: ":", highlight_id: None, repeat: None }, GridLineCell { text: " ", highlight_id: None, repeat: None }, GridLineCell { text: "S", highlight_id: None, repeat: None }, GridLineCell { text: "o", highlight_id: None, repeat: None }, GridLineCell { text: "m", highlight_id: None, repeat: None }, GridLineCell { text: "e", highlight_id: None, repeat: None }, GridLineCell { text: "(", highlight_id: None, repeat: None }, GridLineCell { text: "F", highlight_id: None, repeat: None }, GridLineCell { text: "o", highlight_id: None, repeat: None }, GridLineCell { text: "n", highlight_id: None, repeat: None }, GridLineCell { text: "t", highlight_id: None, repeat: None }, GridLineCell { text: "D", highlight_id: None, repeat: None }, GridLineCell { text: "e", highlight_id: None, repeat: None }, GridLineCell { text: "s", highlight_id: None, repeat: None }, GridLineCell { text: "c", highlight_id: None, repeat: None }, GridLineCell { text: "r", highlight_id: None, repeat: None }, GridLineCell { text: "i", highlight_id: None, repeat: None }, GridLineCell { text: "p", highlight_id: None, repeat: None }, GridLineCell { text: "t", highlight_id: None, repeat: None }, GridLineCell { text: "i", highlight_id: None, repeat: None }, GridLineCell { text: "o", highlight_id: None, repeat: None }, GridLineCell { text: "n", highlight_id: None, repeat: None }, GridLineCell { text: " ", highlight_id: None, repeat: None }, GridLineCell { text: "{", highlight_id: None, repeat: None }, GridLineCell { text: " ", highlight_id: None, repeat: None }, GridLineCell { text: "f", highlight_id: None, repeat: None }, GridLineCell { text: "a", highlight_id: None, repeat: None }, GridLineCell { text: "m", highlight_id: None, repeat: None }, GridLineCell { text: "i", highlight_id: None, repeat: None }, GridLineCell { text: "l", highlight_id: None, repeat: None }, GridLineCell { text: "y", highlight_id: None, repeat: None }, GridLineCell { text: ":", highlight_id: None, repeat: None }, GridLineCell { text: " ", highlight_id: None, repeat: None }, GridLineCell { text: "\"", highlight_id: None, repeat: None }, GridLineCell { text: "m", highlight_id: None, repeat: None }, GridLineCell { text: "o", highlight_id: None, repeat: None }, GridLineCell { text: "n", highlight_id: None, repeat: None }, GridLineCell { text: "o", highlight_id: None, repeat: None }, GridLineCell { text: "s", highlight_id: None, repeat: None }, GridLineCell { text: "p", highlight_id: None, repeat: None }, GridLineCell { text: "a", highlight_id: None, repeat: None }, GridLineCell { text: "c", highlight_id: None, repeat: None }, GridLineCell { text: "e", highlight_id: None, repeat: None }, GridLineCell { text: "\"", highlight_id: None, repeat: None }, GridLineCell { text: ",", highlight_id: None, repeat: None }, GridLineCell { text: " ", highlight_id: None, repeat: None }, GridLineCell { text: " ", highlight_id: Some(1), repeat: Some(0) }] }
TRACE [neovide::channel_utils] neovim_handler GridLine { grid: 3, row: 40, column_start: 0, cells: [GridLineCell { text: "s", highlight_id: Some(254), repeat: None }, GridLineCell { text: "t", highlight_id: None, repeat: None }, GridLineCell { text: "y", highlight_id: None, repeat: None }, GridLineCell { text: "l", highlight_id: None, repeat: None }, GridLineCell { text: "e", highlight_id: None, repeat: None }, GridLineCell { text: ":", highlight_id: None, repeat: None }, GridLineCell { text: " ", highlight_id: None, repeat: None }, GridLineCell { text: "N", highlight_id: None, repeat: None }, GridLineCell { text: "o", highlight_id: None, repeat: None }, GridLineCell { text: "n", highlight_id: None, repeat: None }, GridLineCell { text: "e", highlight_id: None, repeat: None }, GridLineCell { text: " ", highlight_id: None, repeat: None }, GridLineCell { text: "}", highlight_id: None, repeat: None }, GridLineCell { text: ")", highlight_id: None, repeat: None }, GridLineCell { text: ",", highlight_id: None, repeat: None }, GridLineCell { text: " ", highlight_id: None, repeat: None }, GridLineCell { text: "h", highlight_id: None, repeat: None }, GridLineCell { text: "i", highlight_id: None, repeat: None }, GridLineCell { text: "n", highlight_id: None, repeat: None }, GridLineCell { text: "t", highlight_id: None, repeat: None }, GridLineCell { text: "i", highlight_id: None, repeat: None }, GridLineCell { text: "n", highlight_id: None, repeat: None }, GridLineCell { text: "g", highlight_id: None, repeat: None }, GridLineCell { text: ":", highlight_id: None, repeat: None }, GridLineCell { text: " ", highlight_id: None, repeat: None }, GridLineCell { text: "F", highlight_id: None, repeat: None }, GridLineCell { text: "u", highlight_id: None, repeat: None }, GridLineCell { text: "l", highlight_id: Some(254), repeat: Some(2) }, GridLineCell { text: ",", highlight_id: None, repeat: None }, GridLineCell { text: " ", highlight_id: None, repeat: None }, GridLineCell { text: "e", highlight_id: None, repeat: None }, GridLineCell { text: "d", highlight_id: None, repeat: None }, GridLineCell { text: "g", highlight_id: None, repeat: None }, GridLineCell { text: "i", highlight_id: None, repeat: None }, GridLineCell { text: "n", highlight_id: None, repeat: None }, GridLineCell { text: "g", highlight_id: None, repeat: None }, GridLineCell { text: ":", highlight_id: None, repeat: None }, GridLineCell { text: " ", highlight_id: None, repeat: None }, GridLineCell { text: "A", highlight_id: None, repeat: None }, GridLineCell { text: "n", highlight_id: None, repeat: None }, GridLineCell { text: "t", highlight_id: None, repeat: None }, GridLineCell { text: "i", highlight_id: None, repeat: None }, GridLineCell { text: "A", highlight_id: None, repeat: None }, GridLineCell { text: "l", highlight_id: None, repeat: None }, GridLineCell { text: "i", highlight_id: None, repeat: None }, GridLineCell { text: "a", highlight_id: None, repeat: None }, GridLineCell { text: "s", highlight_id: None, repeat: None }, GridLineCell { text: " ", highlight_id: None, repeat: None }, GridLineCell { text: "}", highlight_id: None, repeat: None }, GridLineCell { text: " ", highlight_id: Some(1), repeat: Some(15) }, GridLineCell { text: " ", highlight_id: Some(1), repeat: Some(0) }] }
TRACE [neovide::channel_utils] neovim_handler GridLine { grid: 3, row: 41, column_start: 0, cells: [GridLineCell { text: "P", highlight_id: Some(333), repeat: None }, GridLineCell { text: "r", highlight_id: None, repeat: None }, GridLineCell { text: "e", highlight_id: None, repeat: None }, GridLineCell { text: "s", highlight_id: Some(333), repeat: Some(2) }, GridLineCell { text: " ", highlight_id: None, repeat: None }, GridLineCell { text: "E", highlight_id: None, repeat: None }, GridLineCell { text: "N", highlight_id: None, repeat: None }, GridLineCell { text: "T", highlight_id: None, repeat: None }, GridLineCell { text: "E", highlight_id: None, repeat: None }, GridLineCell { text: "R", highlight_id: None, repeat: None }, GridLineCell { text: " ", highlight_id: None, repeat: None }, GridLineCell { text: "o", highlight_id: None, repeat: None }, GridLineCell { text: "r", highlight_id: None, repeat: None }, GridLineCell { text: " ", highlight_id: None, repeat: None }, GridLineCell { text: "t", highlight_id: None, repeat: None }, GridLineCell { text: "y", highlight_id: None, repeat: None }, GridLineCell { text: "p", highlight_id: None, repeat: None }, GridLineCell { text: "e", highlight_id: None, repeat: None }, GridLineCell { text: " ", highlight_id: None, repeat: None }, GridLineCell { text: "c", highlight_id: None, repeat: None }, GridLineCell { text: "o", highlight_id: None, repeat: None }, GridLineCell { text: "m", highlight_id: Some(333), repeat: Some(2) }, GridLineCell { text: "a", highlight_id: None, repeat: None }, GridLineCell { text: "n", highlight_id: None, repeat: None }, GridLineCell { text: "d", highlight_id: None, repeat: None }, GridLineCell { text: " ", highlight_id: None, repeat: None }, GridLineCell { text: "t", highlight_id: None, repeat: None }, GridLineCell { text: "o", highlight_id: None, repeat: None }, GridLineCell { text: " ", highlight_id: None, repeat: None }, GridLineCell { text: "c", highlight_id: None, repeat: None }, GridLineCell { text: "o", highlight_id: None, repeat: None }, GridLineCell { text: "n", highlight_id: None, repeat: None }, GridLineCell { text: "t", highlight_id: None, repeat: None }, GridLineCell { text: "i", highlight_id: None, repeat: None }, GridLineCell { text: "n", highlight_id: None, repeat: None }, GridLineCell { text: "u", highlight_id: None, repeat: None }, GridLineCell { text: "e", highlight_id: None, repeat: None }, GridLineCell { text: " ", highlight_id: Some(1), repeat: Some(26) }, GridLineCell { text: " ", highlight_id: Some(1), repeat: Some(0) }] }
TRACE [neovide::channel_utils] neovim_handler CursorGoto { grid: 3, row: 41, column: 39 }
TRACE [neovide::channel_utils] neovim_handler MouseOff
TRACE [neovide::channel_utils] neovim_handler Flush
TRACE [neovide::editor] Cursor unexpectedly sent to message buffer 3 (39, 41)
TRACE [neovide::editor] Image flushed
TRACE [neovide::editor] send_batch
DEBUG [neovide::renderer::fonts::caching_shaper] scale_factor changed: 2.00
TRACE [neovide::renderer::fonts::font_loader] Loading font FontKey { font_desc: Some(FontDescription { family: "Fira Code", style: None }), hinting: Full, edging: AntiAlias }
INFO [neovide::renderer::fonts::caching_shaper] Reset Font Loader: font_size: 48.00px, font_width: 29.54px
TRACE [neovide::renderer::grid_renderer] Updated font dimensions: GridScale { transform: Transform2 { matrix: [(29.538462, 0.0, 0.0), (0.0, 60.0, 0.0), (0.0, 0.0, 1.0)] } }
INFO [neovide::window::window_wrapper] Showing window size: PhysicalSize {
    width: 0,
    height: 0,
}, maximized: true
INFO [neovide::window::window_wrapper] window created (scale_factor: 2.0000, font_dimensions: GridScale { transform: Transform2 { matrix: [(29.538462, 0.0, 0.0), (0.0, 60.0, 0.0), (0.0, 0.0, 1.0)] } })
TRACE [neovide::channel_utils] UIComand Parallel(FocusGained)
TRACE [neovide::window::keyboard_manager] Modifiers { state: ModifiersState(0x0), pressed_mods: ModifiersKeys(0x0) }
TRACE [neovide::channel_utils] UIComand Parallel(FocusLost)
TRACE [neovide::channel_utils] UIComand Parallel(FocusGained)
TRACE [neovide::window::keyboard_manager] Modifiers { state: ModifiersState(0x0), pressed_mods: ModifiersKeys(0x0) }
TRACE [neovide::channel_utils] UIComand Parallel(FocusLost)
TRACE [neovide::channel_utils] UIComand Parallel(FocusGained)
INFO [neovide::window::window_wrapper] Resizing grid based on window size. Grid Size: Size2 { width: 65, height: 48 }, Window Size PhysicalSize { width: 1920, height: 2880 }
TRACE [neovide::channel_utils] UIComand Parallel(Resize { width: 65, height: 48 })
TRACE [neovide::renderer::fonts::caching_shaper] Shaping text: ""
TRACE [neovide::renderer::fonts::caching_shaper] Shaping text: "normal: ["
TRACE [neovide::renderer::fonts::font_loader] Loading font FontKey { font_desc: Some(FontDescription { family: "Fira Code", style: Some("Bold") }), hinting: Full, edging: AntiAlias }
TRACE [neovide::renderer::fonts::caching_shaper] Shaping text: "FontDescription {"
TRACE [neovide::renderer::fonts::caching_shaper] Shaping text: "family: \"Cascadia Code\","
TRACE [neovide::renderer::fonts::caching_shaper] Shaping text: "style: None,"
TRACE [neovide::renderer::fonts::caching_shaper] Shaping text: "},"
TRACE [neovide::renderer::fonts::caching_shaper] Shaping text: "family: \"Cascadia Mono\","
TRACE [neovide::renderer::fonts::caching_shaper] Shaping text: "family: \"Consolas\","
TRACE [neovide::renderer::fonts::caching_shaper] Shaping text: "family: \"Courier New\","
TRACE [neovide::renderer::fonts::caching_shaper] Shaping text: "family: \"monospace\","
TRACE [neovide::renderer::fonts::caching_shaper] Shaping text: "],"
TRACE [neovide::renderer::fonts::caching_shaper] Shaping text: "italic: None,"
TRACE [neovide::renderer::fonts::caching_shaper] Shaping text: "bold: None,"
TRACE [neovide::renderer::fonts::caching_shaper] Shaping text: "bold_italic: None,"
TRACE [neovide::renderer::fonts::caching_shaper] Shaping text: "features: {},"
TRACE [neovide::renderer::fonts::caching_shaper] Shaping text: "size: 18.666668,"
TRACE [neovide::renderer::fonts::caching_shaper] Shaping text: "width: 0.0,"
TRACE [neovide::renderer::fonts::caching_shaper] Shaping text: "hinting: Full,"
TRACE [neovide::renderer::fonts::caching_shaper] Shaping text: "edging: AntiAlias,"
TRACE [neovide::renderer::fonts::caching_shaper] Shaping text: "}"
TRACE [neovide::renderer::fonts::caching_shaper] Shaping text: "Following fonts couldn't be loaded: FontKey { font_desc: Some(Fon"
TRACE [neovide::renderer::fonts::caching_shaper] Shaping text: "tDescription { family: \"monospace\", style: Some(\"Bold Italic\") })"
TRACE [neovide::renderer::fonts::caching_shaper] Shaping text: ", hinting: Full, edging: AntiAlias },"
TRACE [neovide::renderer::fonts::caching_shaper] Shaping text: "FontKey { font_desc: Some(FontDescription { family: \"monospace\","
TRACE [neovide::renderer::fonts::caching_shaper] Shaping text: "style: Some(\"Bold\") }), hinting: Full, edging: AntiAlias },"
TRACE [neovide::renderer::fonts::caching_shaper] Shaping text: "style: Some(\"Italic\") }), hinting: Full, edging: AntiAlias },"
TRACE [neovide::renderer::fonts::caching_shaper] Shaping text: "style: None }), hinting: Full, edging: AntiAlias }"
TRACE [neovide::renderer::fonts::caching_shaper] Shaping text: "Press ENTER or type command to continue"
TRACE [neovide::renderer::fonts::caching_shaper] Shaping text: "~"
TRACE [neovide::renderer::fonts::caching_shaper] Shaping text: "NVIM v0.12.0-dev-2522+gc1dcb8dac2"
TRACE [neovide::renderer::fonts::caching_shaper] Shaping text: "Nvim is open source and freely distributable"
TRACE [neovide::renderer::fonts::caching_shaper] Shaping text: "https://neovim.io/#chat"
TRACE [neovide::renderer::fonts::caching_shaper] Shaping text: "type  :help nvim"
TRACE [neovide::renderer::fonts::caching_shaper] Shaping text: "<Enter>"
TRACE [neovide::renderer::fonts::caching_shaper] Shaping text: "if you are new!"
TRACE [neovide::renderer::fonts::caching_shaper] Shaping text: "type  :checkhealth"
TRACE [neovide::renderer::fonts::caching_shaper] Shaping text: "to optimize Nvim"
TRACE [neovide::renderer::fonts::caching_shaper] Shaping text: "type  :q"
TRACE [neovide::renderer::fonts::caching_shaper] Shaping text: "to exit"
TRACE [neovide::renderer::fonts::caching_shaper] Shaping text: "type  :help"
TRACE [neovide::renderer::fonts::caching_shaper] Shaping text: "for help"
TRACE [neovide::renderer::fonts::caching_shaper] Shaping text: "type  :help news"
TRACE [neovide::renderer::fonts::caching_shaper] Shaping text: "to see changes in v0.12"
TRACE [neovide::renderer::fonts::caching_shaper] Shaping text: "Help poor children in Uganda!"
TRACE [neovide::renderer::fonts::caching_shaper] Shaping text: "type  :help Kuwasha"
TRACE [neovide::renderer::fonts::caching_shaper] Shaping text: "for information"
INFO [neovide::renderer::grid_renderer] blend 0
DEBUG [neovide::renderer] zindex: 200, base: 0
DEBUG [neovide::renderer] layer: [(3, SortOrder { z_index: 200, composition_order: 1 })]
TRACE [neovide::renderer::rendered_window] region: Box2 { min: Point2 { x: 0.0, y: 0.0 }, max: Point2 { x: 1920.0, y: 2880.0 } }, inner: Rect { left: 0.0, top: 0.0, right: 1920.0, bottom: 2880.0 }, pics: 0
TRACE [neovide::renderer::rendered_window] region: Box2 { min: Point2 { x: 0.0, y: 0.0 }, max: Point2 { x: 1920.0, y: 2820.0 } }, inner: Rect { left: 0.0, top: 0.0, right: 1920.0, bottom: 2820.0 }, pics: 0
TRACE [neovide::renderer::rendered_window] region: Box2 { min: Point2 { x: 0.0, y: 360.0 }, max: Point2 { x: 1920.0, y: 3240.0 } }, inner: Rect { left: 0.0, top: 360.0, right: 1920.0, bottom: 3240.0 }, pics: 40
TRACE [neovide::renderer::fonts::caching_shaper] Shaping text: " "
INFO [neovide::renderer::grid_renderer] blend 0
DEBUG [neovide::renderer] zindex: 200, base: 0
DEBUG [neovide::renderer] layer: [(3, SortOrder { z_index: 200, composition_order: 1 })]
TRACE [neovide::renderer::rendered_window] region: Box2 { min: Point2 { x: 0.0, y: 0.0 }, max: Point2 { x: 1920.0, y: 2880.0 } }, inner: Rect { left: 0.0, top: 0.0, right: 1920.0, bottom: 2880.0 }, pics: 0
TRACE [neovide::renderer::rendered_window] region: Box2 { min: Point2 { x: 0.0, y: 0.0 }, max: Point2 { x: 1920.0, y: 2820.0 } }, inner: Rect { left: 0.0, top: 0.0, right: 1920.0, bottom: 2820.0 }, pics: 0
TRACE [neovide::renderer::rendered_window] region: Box2 { min: Point2 { x: 0.0, y: 360.0 }, max: Point2 { x: 1920.0, y: 3240.0 } }, inner: Rect { left: 0.0, top: 360.0, right: 1920.0, bottom: 3240.0 }, pics: 40
INFO [neovide::renderer::grid_renderer] blend 0
DEBUG [neovide::renderer] zindex: 200, base: 0
DEBUG [neovide::renderer] layer: [(3, SortOrder { z_index: 200, composition_order: 1 })]
TRACE [neovide::renderer::rendered_window] region: Box2 { min: Point2 { x: 0.0, y: 0.0 }, max: Point2 { x: 1920.0, y: 2880.0 } }, inner: Rect { left: 0.0, top: 0.0, right: 1920.0, bottom: 2880.0 }, pics: 0
TRACE [neovide::renderer::rendered_window] region: Box2 { min: Point2 { x: 0.0, y: 0.0 }, max: Point2 { x: 1920.0, y: 2820.0 } }, inner: Rect { left: 0.0, top: 0.0, right: 1920.0, bottom: 2820.0 }, pics: 0
TRACE [neovide::renderer::rendered_window] region: Box2 { min: Point2 { x: 0.0, y: 360.0 }, max: Point2 { x: 1920.0, y: 3240.0 } }, inner: Rect { left: 0.0, top: 360.0, right: 1920.0, bottom: 3240.0 }, pics: 40
INFO [neovide::renderer::grid_renderer] blend 0
DEBUG [neovide::renderer] zindex: 200, base: 0
DEBUG [neovide::renderer] layer: [(3, SortOrder { z_index: 200, composition_order: 1 })]
TRACE [neovide::renderer::rendered_window] region: Box2 { min: Point2 { x: 0.0, y: 0.0 }, max: Point2 { x: 1920.0, y: 2880.0 } }, inner: Rect { left: 0.0, top: 0.0, right: 1920.0, bottom: 2880.0 }, pics: 0
TRACE [neovide::renderer::rendered_window] region: Box2 { min: Point2 { x: 0.0, y: 0.0 }, max: Point2 { x: 1920.0, y: 2820.0 } }, inner: Rect { left: 0.0, top: 0.0, right: 1920.0, bottom: 2820.0 }, pics: 0
TRACE [neovide::renderer::rendered_window] region: Box2 { min: Point2 { x: 0.0, y: 360.0 }, max: Point2 { x: 1920.0, y: 3240.0 } }, inner: Rect { left: 0.0, top: 360.0, right: 1920.0, bottom: 3240.0 }, pics: 40
INFO [neovide::renderer::grid_renderer] blend 0
DEBUG [neovide::renderer] zindex: 200, base: 0
DEBUG [neovide::renderer] layer: [(3, SortOrder { z_index: 200, composition_order: 1 })]
TRACE [neovide::renderer::rendered_window] region: Box2 { min: Point2 { x: 0.0, y: 0.0 }, max: Point2 { x: 1920.0, y: 2880.0 } }, inner: Rect { left: 0.0, top: 0.0, right: 1920.0, bottom: 2880.0 }, pics: 0
TRACE [neovide::renderer::rendered_window] region: Box2 { min: Point2 { x: 0.0, y: 0.0 }, max: Point2 { x: 1920.0, y: 2820.0 } }, inner: Rect { left: 0.0, top: 0.0, right: 1920.0, bottom: 2820.0 }, pics: 0
TRACE [neovide::renderer::rendered_window] region: Box2 { min: Point2 { x: 0.0, y: 360.0 }, max: Point2 { x: 1920.0, y: 3240.0 } }, inner: Rect { left: 0.0, top: 360.0, right: 1920.0, bottom: 3240.0 }, pics: 40
INFO [neovide::renderer::grid_renderer] blend 0
DEBUG [neovide::renderer] zindex: 200, base: 0
DEBUG [neovide::renderer] layer: [(3, SortOrder { z_index: 200, composition_order: 1 })]
TRACE [neovide::renderer::rendered_window] region: Box2 { min: Point2 { x: 0.0, y: 0.0 }, max: Point2 { x: 1920.0, y: 2880.0 } }, inner: Rect { left: 0.0, top: 0.0, right: 1920.0, bottom: 2880.0 }, pics: 0
TRACE [neovide::renderer::rendered_window] region: Box2 { min: Point2 { x: 0.0, y: 0.0 }, max: Point2 { x: 1920.0, y: 2820.0 } }, inner: Rect { left: 0.0, top: 0.0, right: 1920.0, bottom: 2820.0 }, pics: 0
TRACE [neovide::renderer::rendered_window] region: Box2 { min: Point2 { x: 0.0, y: 360.0 }, max: Point2 { x: 1920.0, y: 3240.0 } }, inner: Rect { left: 0.0, top: 360.0, right: 1920.0, bottom: 3240.0 }, pics: 40
INFO [neovide::renderer::grid_renderer] blend 0
DEBUG [neovide::renderer] zindex: 200, base: 0
DEBUG [neovide::renderer] layer: [(3, SortOrder { z_index: 200, composition_order: 1 })]
TRACE [neovide::renderer::rendered_window] region: Box2 { min: Point2 { x: 0.0, y: 0.0 }, max: Point2 { x: 1920.0, y: 2880.0 } }, inner: Rect { left: 0.0, top: 0.0, right: 1920.0, bottom: 2880.0 }, pics: 0
TRACE [neovide::renderer::rendered_window] region: Box2 { min: Point2 { x: 0.0, y: 0.0 }, max: Point2 { x: 1920.0, y: 2820.0 } }, inner: Rect { left: 0.0, top: 0.0, right: 1920.0, bottom: 2820.0 }, pics: 0
TRACE [neovide::renderer::rendered_window] region: Box2 { min: Point2 { x: 0.0, y: 360.0 }, max: Point2 { x: 1920.0, y: 3240.0 } }, inner: Rect { left: 0.0, top: 360.0, right: 1920.0, bottom: 3240.0 }, pics: 40
INFO [neovide::renderer::grid_renderer] blend 0
DEBUG [neovide::renderer] zindex: 200, base: 0
DEBUG [neovide::renderer] layer: [(3, SortOrder { z_index: 200, composition_order: 1 })]
TRACE [neovide::renderer::rendered_window] region: Box2 { min: Point2 { x: 0.0, y: 0.0 }, max: Point2 { x: 1920.0, y: 2880.0 } }, inner: Rect { left: 0.0, top: 0.0, right: 1920.0, bottom: 2880.0 }, pics: 0
TRACE [neovide::renderer::rendered_window] region: Box2 { min: Point2 { x: 0.0, y: 0.0 }, max: Point2 { x: 1920.0, y: 2820.0 } }, inner: Rect { left: 0.0, top: 0.0, right: 1920.0, bottom: 2820.0 }, pics: 0
TRACE [neovide::renderer::rendered_window] region: Box2 { min: Point2 { x: 0.0, y: 360.0 }, max: Point2 { x: 1920.0, y: 3240.0 } }, inner: Rect { left: 0.0, top: 360.0, right: 1920.0, bottom: 3240.0 }, pics: 40
INFO [neovide::renderer::grid_renderer] blend 0
DEBUG [neovide::renderer] zindex: 200, base: 0
DEBUG [neovide::renderer] layer: [(3, SortOrder { z_index: 200, composition_order: 1 })]
TRACE [neovide::renderer::rendered_window] region: Box2 { min: Point2 { x: 0.0, y: 0.0 }, max: Point2 { x: 1920.0, y: 2880.0 } }, inner: Rect { left: 0.0, top: 0.0, right: 1920.0, bottom: 2880.0 }, pics: 0
TRACE [neovide::renderer::rendered_window] region: Box2 { min: Point2 { x: 0.0, y: 0.0 }, max: Point2 { x: 1920.0, y: 2820.0 } }, inner: Rect { left: 0.0, top: 0.0, right: 1920.0, bottom: 2820.0 }, pics: 0
TRACE [neovide::renderer::rendered_window] region: Box2 { min: Point2 { x: 0.0, y: 360.0 }, max: Point2 { x: 1920.0, y: 3240.0 } }, inner: Rect { left: 0.0, top: 360.0, right: 1920.0, bottom: 3240.0 }, pics: 40
INFO [neovide::renderer::grid_renderer] blend 0
DEBUG [neovide::renderer] zindex: 200, base: 0
DEBUG [neovide::renderer] layer: [(3, SortOrder { z_index: 200, composition_order: 1 })]
TRACE [neovide::renderer::rendered_window] region: Box2 { min: Point2 { x: 0.0, y: 0.0 }, max: Point2 { x: 1920.0, y: 2880.0 } }, inner: Rect { left: 0.0, top: 0.0, right: 1920.0, bottom: 2880.0 }, pics: 0
TRACE [neovide::renderer::rendered_window] region: Box2 { min: Point2 { x: 0.0, y: 0.0 }, max: Point2 { x: 1920.0, y: 2820.0 } }, inner: Rect { left: 0.0, top: 0.0, right: 1920.0, bottom: 2820.0 }, pics: 0
TRACE [neovide::renderer::rendered_window] region: Box2 { min: Point2 { x: 0.0, y: 360.0 }, max: Point2 { x: 1920.0, y: 3240.0 } }, inner: Rect { left: 0.0, top: 360.0, right: 1920.0, bottom: 3240.0 }, pics: 40
INFO [neovide::renderer::grid_renderer] blend 0
DEBUG [neovide::renderer] zindex: 200, base: 0
DEBUG [neovide::renderer] layer: [(3, SortOrder { z_index: 200, composition_order: 1 })]
TRACE [neovide::renderer::rendered_window] region: Box2 { min: Point2 { x: 0.0, y: 0.0 }, max: Point2 { x: 1920.0, y: 2880.0 } }, inner: Rect { left: 0.0, top: 0.0, right: 1920.0, bottom: 2880.0 }, pics: 0
TRACE [neovide::renderer::rendered_window] region: Box2 { min: Point2 { x: 0.0, y: 0.0 }, max: Point2 { x: 1920.0, y: 2820.0 } }, inner: Rect { left: 0.0, top: 0.0, right: 1920.0, bottom: 2820.0 }, pics: 0
TRACE [neovide::renderer::rendered_window] region: Box2 { min: Point2 { x: 0.0, y: 360.0 }, max: Point2 { x: 1920.0, y: 3240.0 } }, inner: Rect { left: 0.0, top: 360.0, right: 1920.0, bottom: 3240.0 }, pics: 40
TRACE [neovide::window::keyboard_manager] KeyEvent {
    physical_key: Code(
        Escape,
    ),
    logical_key: Named(
        Escape,
    ),
    text: Some(
        "\u{1b}",
    ),
    location: Standard,
    state: Pressed,
    repeat: false,
    platform_specific: KeyEventExtra {
        text_with_all_modifiers: Some(
            "\u{1b}",
        ),
        key_without_modifiers: Named(
            Escape,
        ),
    },
}
TRACE [neovide::window::keyboard_manager] Key pressed <Esc> ModifiersState(0x0)
TRACE [neovide::channel_utils] UIComand Serial(Keyboard("<Esc>"))
TRACE [neovide::bridge::ui_commands] In Serial Command
TRACE [neovide::bridge::ui_commands] Keyboard Input Sent: <Esc>
ERROR [neovide::bridge::ui_commands] ShowError failed

Caused by:
    Wrong value type: '1'
TRACE [neovide::bridge::handler] Neovim notification: "redraw"
TRACE [neovide::channel_utils] neovim_handler OptionSet { gui_option: Unknown("ext_cmdline", Boolean(false)) }
TRACE [neovide::channel_utils] neovim_handler OptionSet { gui_option: Unknown("ext_popupmenu", Boolean(false)) }
TRACE [neovide::channel_utils] neovim_handler OptionSet { gui_option: Unknown("ext_tabline", Boolean(false)) }
TRACE [neovide::editor] Option set Unknown("ext_cmdline", Boolean(false))
TRACE [neovide::editor] Option set Unknown("ext_popupmenu", Boolean(false))
TRACE [neovide::editor] Option set Unknown("ext_tabline", Boolean(false))
TRACE [neovide::channel_utils] neovim_handler OptionSet { gui_option: Unknown("ext_wildmenu", Boolean(false)) }
TRACE [neovide::channel_utils] neovim_handler OptionSet { gui_option: Unknown("ext_messages", Boolean(false)) }
TRACE [neovide::editor] Option set Unknown("ext_wildmenu", Boolean(false))
TRACE [neovide::editor] Option set Unknown("ext_messages", Boolean(false))
TRACE [neovide::channel_utils] neovim_handler Resize { grid: 3, width: 65, height: 48 }
TRACE [neovide::channel_utils] neovim_handler MessageSetPosition { grid: 3, row: 6, scrolled: true, separator_character: " ", z_index: Some(200), comp_index: Some(1) }
TRACE [neovide::channel_utils] neovim_handler DefaultColorsSet { colors: Colors { foreground: Some(Color4f { r: 0.23529412, g: 0.21960784, b: 0.21176471, a: 1.0 }), background: Some(Color4f { r: 1.0, g: 0.64705884, b: 0.27450982, a: 1.0 }), special: Some(Color4f { r: 1.0, g: 0.0, b: 0.0, a: 1.0 }) } }
TRACE [neovide::channel_utils] neovim_handler Resize { grid: 1, width: 65, height: 48 }
TRACE [neovide::channel_utils] neovim_handler Clear { grid: 1 }
TRACE [neovide::channel_utils] neovim_handler MessageSetPosition { grid: 3, row: 48, scrolled: false, separator_character: " ", z_index: Some(200), comp_index: Some(1) }
TRACE [neovide::channel_utils] neovim_handler Resize { grid: 2, width: 65, height: 47 }
TRACE [neovide::channel_utils] neovim_handler GridLine { grid: 2, row: 17, column_start: 16, cells: [GridLineCell { text: " ", highlight_id: Some(91), repeat: Some(33) }] }
TRACE [neovide::channel_utils] neovim_handler GridLine { grid: 2, row: 19, column_start: 10, cells: [GridLineCell { text: " ", highlight_id: Some(91), repeat: Some(44) }] }
TRACE [neovide::channel_utils] neovim_handler GridLine { grid: 2, row: 20, column_start: 21, cells: [GridLineCell { text: " ", highlight_id: Some(91), repeat: Some(23) }] }
TRACE [neovide::channel_utils] neovim_handler GridLine { grid: 2, row: 22, column_start: 9, cells: [GridLineCell { text: " ", highlight_id: Some(91), repeat: Some(46) }] }
TRACE [neovide::channel_utils] neovim_handler GridLine { grid: 2, row: 23, column_start: 9, cells: [GridLineCell { text: " ", highlight_id: Some(91), repeat: Some(46) }] }
TRACE [neovide::channel_utils] neovim_handler GridLine { grid: 2, row: 24, column_start: 9, cells: [GridLineCell { text: " ", highlight_id: Some(91), repeat: Some(46) }] }
TRACE [neovide::channel_utils] neovim_handler GridLine { grid: 2, row: 25, column_start: 9, cells: [GridLineCell { text: " ", highlight_id: Some(91), repeat: Some(46) }] }
TRACE [neovide::channel_utils] neovim_handler GridLine { grid: 2, row: 27, column_start: 9, cells: [GridLineCell { text: " ", highlight_id: Some(91), repeat: Some(47) }] }
TRACE [neovide::channel_utils] neovim_handler GridLine { grid: 2, row: 29, column_start: 18, cells: [GridLineCell { text: " ", highlight_id: Some(91), repeat: Some(29) }] }
TRACE [neovide::channel_utils] neovim_handler GridLine { grid: 2, row: 30, column_start: 9, cells: [GridLineCell { text: " ", highlight_id: Some(91), repeat: Some(46) }] }
DEBUG [neovide::bridge::events] Ignored style attribute: "nocombine"
TRACE [neovide::channel_utils] neovim_handler HighlightAttributesDefine { id: 380, style: Style { colors: Colors { foreground: Some(Color4f { r: 0.44705883, g: 0.44313726, b: 0.4117647, a: 1.0 }), background: Some(Color4f { r: 0.8352941, g: 0.76862746, b: 0.6313726, a: 1.0 }), special: None }, reverse: false, italic: false, bold: false, strikethrough: false, blend: 0, underline: None } }
TRACE [neovide::channel_utils] neovim_handler GridLine { grid: 1, row: 47, column_start: 0, cells: [GridLineCell { text: " ", highlight_id: Some(203), repeat: None }, GridLineCell { text: "[", highlight_id: None, repeat: None }, GridLineCell { text: "N", highlight_id: None, repeat: None }, GridLineCell { text: "o", highlight_id: None, repeat: None }, GridLineCell { text: " ", highlight_id: None, repeat: None }, GridLineCell { text: "N", highlight_id: None, repeat: None }, GridLineCell { text: "a", highlight_id: None, repeat: None }, GridLineCell { text: "m", highlight_id: None, repeat: None }, GridLineCell { text: "e", highlight_id: None, repeat: None }, GridLineCell { text: "]", highlight_id: None, repeat: None }, GridLineCell { text: " ", highlight_id: None, repeat: None }, GridLineCell { text: " ", highlight_id: Some(196), repeat: None }, GridLineCell { text: "\u{e0a0}", highlight_id: None, repeat: None }, GridLineCell { text: " ", highlight_id: None, repeat: None }, GridLineCell { text: "m", highlight_id: None, repeat: None }, GridLineCell { text: "a", highlight_id: None, repeat: None }, GridLineCell { text: "i", highlight_id: None, repeat: None }, GridLineCell { text: "n", highlight_id: None, repeat: None }, GridLineCell { text: " ", highlight_id: None, repeat: None }, GridLineCell { text: " ", highlight_id: Some(380), repeat: Some(38) }, GridLineCell { text: " ", highlight_id: Some(307), repeat: Some(3) }, GridLineCell { text: "1", highlight_id: None, repeat: None }, GridLineCell { text: ":", highlight_id: None, repeat: None }, GridLineCell { text: "1", highlight_id: None, repeat: None }, GridLineCell { text: " ", highlight_id: Some(307), repeat: Some(2) }, GridLineCell { text: " ", highlight_id: Some(0), repeat: Some(0) }] }
TRACE [neovide::channel_utils] neovim_handler GridLine { grid: 3, row: 0, column_start: 0, cells: [GridLineCell { text: " ", highlight_id: Some(1), repeat: Some(65) }] }
TRACE [neovide::channel_utils] neovim_handler GridLine { grid: 2, row: 17, column_start: 16, cells: [GridLineCell { text: "N", highlight_id: Some(0), repeat: None }, GridLineCell { text: "V", highlight_id: None, repeat: None }, GridLineCell { text: "I", highlight_id: None, repeat: None }, GridLineCell { text: "M", highlight_id: None, repeat: None }, GridLineCell { text: " ", highlight_id: None, repeat: None }, GridLineCell { text: "v", highlight_id: None, repeat: None }, GridLineCell { text: "0", highlight_id: None, repeat: None }, GridLineCell { text: ".", highlight_id: None, repeat: None }, GridLineCell { text: "1", highlight_id: None, repeat: None }, GridLineCell { text: "2", highlight_id: None, repeat: None }, GridLineCell { text: ".", highlight_id: None, repeat: None }, GridLineCell { text: "0", highlight_id: None, repeat: None }, GridLineCell { text: "-", highlight_id: None, repeat: None }, GridLineCell { text: "d", highlight_id: None, repeat: None }, GridLineCell { text: "e", highlight_id: None, repeat: None }, GridLineCell { text: "v", highlight_id: None, repeat: None }, GridLineCell { text: "-", highlight_id: None, repeat: None }, GridLineCell { text: "2", highlight_id: None, repeat: None }, GridLineCell { text: "5", highlight_id: None, repeat: None }, GridLineCell { text: "2", highlight_id: Some(0), repeat: Some(2) }, GridLineCell { text: "+", highlight_id: None, repeat: None }, GridLineCell { text: "g", highlight_id: None, repeat: None }, GridLineCell { text: "c", highlight_id: None, repeat: None }, GridLineCell { text: "1", highlight_id: None, repeat: None }, GridLineCell { text: "d", highlight_id: None, repeat: None }, GridLineCell { text: "c", highlight_id: None, repeat: None }, GridLineCell { text: "b", highlight_id: None, repeat: None }, GridLineCell { text: "8", highlight_id: None, repeat: None }, GridLineCell { text: "d", highlight_id: None, repeat: None }, GridLineCell { text: "a", highlight_id: None, repeat: None }, GridLineCell { text: "c", highlight_id: None, repeat: None }, GridLineCell { text: "2", highlight_id: None, repeat: None }] }
TRACE [neovide::channel_utils] neovim_handler GridLine { grid: 2, row: 19, column_start: 10, cells: [GridLineCell { text: "N", highlight_id: Some(0), repeat: None }, GridLineCell { text: "v", highlight_id: None, repeat: None }, GridLineCell { text: "i", highlight_id: None, repeat: None }, GridLineCell { text: "m", highlight_id: None, repeat: None }, GridLineCell { text: " ", highlight_id: None, repeat: None }, GridLineCell { text: "i", highlight_id: None, repeat: None }, GridLineCell { text: "s", highlight_id: None, repeat: None }, GridLineCell { text: " ", highlight_id: None, repeat: None }, GridLineCell { text: "o", highlight_id: None, repeat: None }, GridLineCell { text: "p", highlight_id: None, repeat: None }, GridLineCell { text: "e", highlight_id: None, repeat: None }, GridLineCell { text: "n", highlight_id: None, repeat: None }, GridLineCell { text: " ", highlight_id: None, repeat: None }, GridLineCell { text: "s", highlight_id: None, repeat: None }, GridLineCell { text: "o", highlight_id: None, repeat: None }, GridLineCell { text: "u", highlight_id: None, repeat: None }, GridLineCell { text: "r", highlight_id: None, repeat: None }, GridLineCell { text: "c", highlight_id: None, repeat: None }, GridLineCell { text: "e", highlight_id: None, repeat: None }, GridLineCell { text: " ", highlight_id: None, repeat: None }, GridLineCell { text: "a", highlight_id: None, repeat: None }, GridLineCell { text: "n", highlight_id: None, repeat: None }, GridLineCell { text: "d", highlight_id: None, repeat: None }, GridLineCell { text: " ", highlight_id: None, repeat: None }, GridLineCell { text: "f", highlight_id: None, repeat: None }, GridLineCell { text: "r", highlight_id: None, repeat: None }, GridLineCell { text: "e", highlight_id: Some(0), repeat: Some(2) }, GridLineCell { text: "l", highlight_id: None, repeat: None }, GridLineCell { text: "y", highlight_id: None, repeat: None }, GridLineCell { text: " ", highlight_id: None, repeat: None }, GridLineCell { text: "d", highlight_id: None, repeat: None }, GridLineCell { text: "i", highlight_id: None, repeat: None }, GridLineCell { text: "s", highlight_id: None, repeat: None }, GridLineCell { text: "t", highlight_id: None, repeat: None }, GridLineCell { text: "r", highlight_id: None, repeat: None }, GridLineCell { text: "i", highlight_id: None, repeat: None }, GridLineCell { text: "b", highlight_id: None, repeat: None }, GridLineCell { text: "u", highlight_id: None, repeat: None }, GridLineCell { text: "t", highlight_id: None, repeat: None }, GridLineCell { text: "a", highlight_id: None, repeat: None }, GridLineCell { text: "b", highlight_id: None, repeat: None }, GridLineCell { text: "l", highlight_id: None, repeat: None }, GridLineCell { text: "e", highlight_id: None, repeat: None }] }
TRACE [neovide::channel_utils] neovim_handler GridLine { grid: 2, row: 20, column_start: 21, cells: [GridLineCell { text: "h", highlight_id: Some(0), repeat: None }, GridLineCell { text: "t", highlight_id: Some(0), repeat: Some(2) }, GridLineCell { text: "p", highlight_id: None, repeat: None }, GridLineCell { text: "s", highlight_id: None, repeat: None }, GridLineCell { text: ":", highlight_id: None, repeat: None }, GridLineCell { text: "/", highlight_id: Some(0), repeat: Some(2) }, GridLineCell { text: "n", highlight_id: None, repeat: None }, GridLineCell { text: "e", highlight_id: None, repeat: None }, GridLineCell { text: "o", highlight_id: None, repeat: None }, GridLineCell { text: "v", highlight_id: None, repeat: None }, GridLineCell { text: "i", highlight_id: None, repeat: None }, GridLineCell { text: "m", highlight_id: None, repeat: None }, GridLineCell { text: ".", highlight_id: None, repeat: None }, GridLineCell { text: "i", highlight_id: None, repeat: None }, GridLineCell { text: "o", highlight_id: None, repeat: None }, GridLineCell { text: "/", highlight_id: None, repeat: None }, GridLineCell { text: "#", highlight_id: None, repeat: None }, GridLineCell { text: "c", highlight_id: None, repeat: None }, GridLineCell { text: "h", highlight_id: None, repeat: None }, GridLineCell { text: "a", highlight_id: None, repeat: None }, GridLineCell { text: "t", highlight_id: None, repeat: None }] }
TRACE [neovide::channel_utils] neovim_handler GridLine { grid: 2, row: 22, column_start: 9, cells: [GridLineCell { text: "t", highlight_id: Some(0), repeat: None }, GridLineCell { text: "y", highlight_id: None, repeat: None }, GridLineCell { text: "p", highlight_id: None, repeat: None }, GridLineCell { text: "e", highlight_id: None, repeat: None }, GridLineCell { text: " ", highlight_id: Some(0), repeat: Some(2) }, GridLineCell { text: ":", highlight_id: None, repeat: None }, GridLineCell { text: "h", highlight_id: None, repeat: None }, GridLineCell { text: "e", highlight_id: None, repeat: None }, GridLineCell { text: "l", highlight_id: None, repeat: None }, GridLineCell { text: "p", highlight_id: None, repeat: None }, GridLineCell { text: " ", highlight_id: None, repeat: None }, GridLineCell { text: "n", highlight_id: None, repeat: None }, GridLineCell { text: "v", highlight_id: None, repeat: None }, GridLineCell { text: "i", highlight_id: None, repeat: None }, GridLineCell { text: "m", highlight_id: None, repeat: None }, GridLineCell { text: "<", highlight_id: Some(69), repeat: None }, GridLineCell { text: "E", highlight_id: None, repeat: None }, GridLineCell { text: "n", highlight_id: None, repeat: None }, GridLineCell { text: "t", highlight_id: None, repeat: None }, GridLineCell { text: "e", highlight_id: None, repeat: None }, GridLineCell { text: "r", highlight_id: None, repeat: None }, GridLineCell { text: ">", highlight_id: None, repeat: None }, GridLineCell { text: " ", highlight_id: Some(0), repeat: Some(7) }, GridLineCell { text: "i", highlight_id: None, repeat: None }, GridLineCell { text: "f", highlight_id: None, repeat: None }, GridLineCell { text: " ", highlight_id: None, repeat: None }, GridLineCell { text: "y", highlight_id: None, repeat: None }, GridLineCell { text: "o", highlight_id: None, repeat: None }, GridLineCell { text: "u", highlight_id: None, repeat: None }, GridLineCell { text: " ", highlight_id: None, repeat: None }, GridLineCell { text: "a", highlight_id: None, repeat: None }, GridLineCell { text: "r", highlight_id: None, repeat: None }, GridLineCell { text: "e", highlight_id: None, repeat: None }, GridLineCell { text: " ", highlight_id: None, repeat: None }, GridLineCell { text: "n", highlight_id: None, repeat: None }, GridLineCell { text: "e", highlight_id: None, repeat: None }, GridLineCell { text: "w", highlight_id: None, repeat: None }, GridLineCell { text: "!", highlight_id: None, repeat: None }, GridLineCell { text: " ", highlight_id: None, repeat: None }, GridLineCell { text: " ", highlight_id: Some(0), repeat: Some(0) }] }
TRACE [neovide::channel_utils] neovim_handler GridLine { grid: 2, row: 23, column_start: 9, cells: [GridLineCell { text: "t", highlight_id: Some(0), repeat: None }, GridLineCell { text: "y", highlight_id: None, repeat: None }, GridLineCell { text: "p", highlight_id: None, repeat: None }, GridLineCell { text: "e", highlight_id: None, repeat: None }, GridLineCell { text: " ", highlight_id: Some(0), repeat: Some(2) }, GridLineCell { text: ":", highlight_id: None, repeat: None }, GridLineCell { text: "c", highlight_id: None, repeat: None }, GridLineCell { text: "h", highlight_id: None, repeat: None }, GridLineCell { text: "e", highlight_id: None, repeat: None }, GridLineCell { text: "c", highlight_id: None, repeat: None }, GridLineCell { text: "k", highlight_id: None, repeat: None }, GridLineCell { text: "h", highlight_id: None, repeat: None }, GridLineCell { text: "e", highlight_id: None, repeat: None }, GridLineCell { text: "a", highlight_id: None, repeat: None }, GridLineCell { text: "l", highlight_id: None, repeat: None }, GridLineCell { text: "t", highlight_id: None, repeat: None }, GridLineCell { text: "h", highlight_id: None, repeat: None }, GridLineCell { text: "<", highlight_id: Some(69), repeat: None }, GridLineCell { text: "E", highlight_id: None, repeat: None }, GridLineCell { text: "n", highlight_id: None, repeat: None }, GridLineCell { text: "t", highlight_id: None, repeat: None }, GridLineCell { text: "e", highlight_id: None, repeat: None }, GridLineCell { text: "r", highlight_id: None, repeat: None }, GridLineCell { text: ">", highlight_id: None, repeat: None }, GridLineCell { text: " ", highlight_id: Some(0), repeat: Some(5) }, GridLineCell { text: "t", highlight_id: None, repeat: None }, GridLineCell { text: "o", highlight_id: None, repeat: None }, GridLineCell { text: " ", highlight_id: None, repeat: None }, GridLineCell { text: "o", highlight_id: None, repeat: None }, GridLineCell { text: "p", highlight_id: None, repeat: None }, GridLineCell { text: "t", highlight_id: None, repeat: None }, GridLineCell { text: "i", highlight_id: None, repeat: None }, GridLineCell { text: "m", highlight_id: None, repeat: None }, GridLineCell { text: "i", highlight_id: None, repeat: None }, GridLineCell { text: "z", highlight_id: None, repeat: None }, GridLineCell { text: "e", highlight_id: None, repeat: None }, GridLineCell { text: " ", highlight_id: None, repeat: None }, GridLineCell { text: "N", highlight_id: None, repeat: None }, GridLineCell { text: "v", highlight_id: None, repeat: None }, GridLineCell { text: "i", highlight_id: None, repeat: None }, GridLineCell { text: "m", highlight_id: None, repeat: None }] }
TRACE [neovide::channel_utils] neovim_handler GridLine { grid: 2, row: 24, column_start: 9, cells: [GridLineCell { text: "t", highlight_id: Some(0), repeat: None }, GridLineCell { text: "y", highlight_id: None, repeat: None }, GridLineCell { text: "p", highlight_id: None, repeat: None }, GridLineCell { text: "e", highlight_id: None, repeat: None }, GridLineCell { text: " ", highlight_id: Some(0), repeat: Some(2) }, GridLineCell { text: ":", highlight_id: None, repeat: None }, GridLineCell { text: "q", highlight_id: None, repeat: None }, GridLineCell { text: "<", highlight_id: Some(69), repeat: None }, GridLineCell { text: "E", highlight_id: None, repeat: None }, GridLineCell { text: "n", highlight_id: None, repeat: None }, GridLineCell { text: "t", highlight_id: None, repeat: None }, GridLineCell { text: "e", highlight_id: None, repeat: None }, GridLineCell { text: "r", highlight_id: None, repeat: None }, GridLineCell { text: ">", highlight_id: None, repeat: None }, GridLineCell { text: " ", highlight_id: Some(0), repeat: Some(15) }, GridLineCell { text: "t", highlight_id: None, repeat: None }, GridLineCell { text: "o", highlight_id: None, repeat: None }, GridLineCell { text: " ", highlight_id: None, repeat: None }, GridLineCell { text: "e", highlight_id: None, repeat: None }, GridLineCell { text: "x", highlight_id: None, repeat: None }, GridLineCell { text: "i", highlight_id: None, repeat: None }, GridLineCell { text: "t", highlight_id: None, repeat: None }, GridLineCell { text: " ", highlight_id: Some(0), repeat: Some(9) }, GridLineCell { text: " ", highlight_id: Some(0), repeat: Some(0) }] }
TRACE [neovide::channel_utils] neovim_handler GridLine { grid: 2, row: 25, column_start: 9, cells: [GridLineCell { text: "t", highlight_id: Some(0), repeat: None }, GridLineCell { text: "y", highlight_id: None, repeat: None }, GridLineCell { text: "p", highlight_id: None, repeat: None }, GridLineCell { text: "e", highlight_id: None, repeat: None }, GridLineCell { text: " ", highlight_id: Some(0), repeat: Some(2) }, GridLineCell { text: ":", highlight_id: None, repeat: None }, GridLineCell { text: "h", highlight_id: None, repeat: None }, GridLineCell { text: "e", highlight_id: None, repeat: None }, GridLineCell { text: "l", highlight_id: None, repeat: None }, GridLineCell { text: "p", highlight_id: None, repeat: None }, GridLineCell { text: "<", highlight_id: Some(69), repeat: None }, GridLineCell { text: "E", highlight_id: None, repeat: None }, GridLineCell { text: "n", highlight_id: None, repeat: None }, GridLineCell { text: "t", highlight_id: None, repeat: None }, GridLineCell { text: "e", highlight_id: None, repeat: None }, GridLineCell { text: "r", highlight_id: None, repeat: None }, GridLineCell { text: ">", highlight_id: None, repeat: None }, GridLineCell { text: " ", highlight_id: Some(0), repeat: Some(12) }, GridLineCell { text: "f", highlight_id: None, repeat: None }, GridLineCell { text: "o", highlight_id: None, repeat: None }, GridLineCell { text: "r", highlight_id: None, repeat: None }, GridLineCell { text: " ", highlight_id: None, repeat: None }, GridLineCell { text: "h", highlight_id: None, repeat: None }, GridLineCell { text: "e", highlight_id: None, repeat: None }, GridLineCell { text: "l", highlight_id: None, repeat: None }, GridLineCell { text: "p", highlight_id: None, repeat: None }, GridLineCell { text: " ", highlight_id: Some(0), repeat: Some(8) }, GridLineCell { text: " ", highlight_id: Some(0), repeat: Some(0) }] }
TRACE [neovide::channel_utils] neovim_handler GridLine { grid: 2, row: 27, column_start: 9, cells: [GridLineCell { text: "t", highlight_id: Some(0), repeat: None }, GridLineCell { text: "y", highlight_id: None, repeat: None }, GridLineCell { text: "p", highlight_id: None, repeat: None }, GridLineCell { text: "e", highlight_id: None, repeat: None }, GridLineCell { text: " ", highlight_id: Some(0), repeat: Some(2) }, GridLineCell { text: ":", highlight_id: None, repeat: None }, GridLineCell { text: "h", highlight_id: None, repeat: None }, GridLineCell { text: "e", highlight_id: None, repeat: None }, GridLineCell { text: "l", highlight_id: None, repeat: None }, GridLineCell { text: "p", highlight_id: None, repeat: None }, GridLineCell { text: " ", highlight_id: None, repeat: None }, GridLineCell { text: "n", highlight_id: None, repeat: None }, GridLineCell { text: "e", highlight_id: None, repeat: None }, GridLineCell { text: "w", highlight_id: None, repeat: None }, GridLineCell { text: "s", highlight_id: None, repeat: None }, GridLineCell { text: "<", highlight_id: Some(69), repeat: None }, GridLineCell { text: "E", highlight_id: None, repeat: None }, GridLineCell { text: "n", highlight_id: None, repeat: None }, GridLineCell { text: "t", highlight_id: None, repeat: None }, GridLineCell { text: "e", highlight_id: None, repeat: None }, GridLineCell { text: "r", highlight_id: None, repeat: None }, GridLineCell { text: ">", highlight_id: None, repeat: None }, GridLineCell { text: " ", highlight_id: Some(0), repeat: None }, GridLineCell { text: "t", highlight_id: None, repeat: None }, GridLineCell { text: "o", highlight_id: None, repeat: None }, GridLineCell { text: " ", highlight_id: None, repeat: None }, GridLineCell { text: "s", highlight_id: None, repeat: None }, GridLineCell { text: "e", highlight_id: Some(0), repeat: Some(2) }, GridLineCell { text: " ", highlight_id: None, repeat: None }, GridLineCell { text: "c", highlight_id: None, repeat: None }, GridLineCell { text: "h", highlight_id: None, repeat: None }, GridLineCell { text: "a", highlight_id: None, repeat: None }, GridLineCell { text: "n", highlight_id: None, repeat: None }, GridLineCell { text: "g", highlight_id: None, repeat: None }, GridLineCell { text: "e", highlight_id: None, repeat: None }, GridLineCell { text: "s", highlight_id: None, repeat: None }, GridLineCell { text: " ", highlight_id: None, repeat: None }, GridLineCell { text: "i", highlight_id: None, repeat: None }, GridLineCell { text: "n", highlight_id: None, repeat: None }, GridLineCell { text: " ", highlight_id: None, repeat: None }, GridLineCell { text: "v", highlight_id: None, repeat: None }, GridLineCell { text: "0", highlight_id: None, repeat: None }, GridLineCell { text: ".", highlight_id: None, repeat: None }, GridLineCell { text: "1", highlight_id: None, repeat: None }, GridLineCell { text: "2", highlight_id: None, repeat: None }] }
TRACE [neovide::channel_utils] neovim_handler GridLine { grid: 2, row: 29, column_start: 18, cells: [GridLineCell { text: "H", highlight_id: Some(0), repeat: None }, GridLineCell { text: "e", highlight_id: None, repeat: None }, GridLineCell { text: "l", highlight_id: None, repeat: None }, GridLineCell { text: "p", highlight_id: None, repeat: None }, GridLineCell { text: " ", highlight_id: None, repeat: None }, GridLineCell { text: "p", highlight_id: None, repeat: None }, GridLineCell { text: "o", highlight_id: Some(0), repeat: Some(2) }, GridLineCell { text: "r", highlight_id: None, repeat: None }, GridLineCell { text: " ", highlight_id: None, repeat: None }, GridLineCell { text: "c", highlight_id: None, repeat: None }, GridLineCell { text: "h", highlight_id: None, repeat: None }, GridLineCell { text: "i", highlight_id: None, repeat: None }, GridLineCell { text: "l", highlight_id: None, repeat: None }, GridLineCell { text: "d", highlight_id: None, repeat: None }, GridLineCell { text: "r", highlight_id: None, repeat: None }, GridLineCell { text: "e", highlight_id: None, repeat: None }, GridLineCell { text: "n", highlight_id: None, repeat: None }, GridLineCell { text: " ", highlight_id: None, repeat: None }, GridLineCell { text: "i", highlight_id: None, repeat: None }, GridLineCell { text: "n", highlight_id: None, repeat: None }, GridLineCell { text: " ", highlight_id: None, repeat: None }, GridLineCell { text: "U", highlight_id: None, repeat: None }, GridLineCell { text: "g", highlight_id: None, repeat: None }, GridLineCell { text: "a", highlight_id: None, repeat: None }, GridLineCell { text: "n", highlight_id: None, repeat: None }, GridLineCell { text: "d", highlight_id: None, repeat: None }, GridLineCell { text: "a", highlight_id: None, repeat: None }, GridLineCell { text: "!", highlight_id: None, repeat: None }] }
TRACE [neovide::channel_utils] neovim_handler GridLine { grid: 2, row: 30, column_start: 9, cells: [GridLineCell { text: "t", highlight_id: Some(0), repeat: None }, GridLineCell { text: "y", highlight_id: None, repeat: None }, GridLineCell { text: "p", highlight_id: None, repeat: None }, GridLineCell { text: "e", highlight_id: None, repeat: None }, GridLineCell { text: " ", highlight_id: Some(0), repeat: Some(2) }, GridLineCell { text: ":", highlight_id: None, repeat: None }, GridLineCell { text: "h", highlight_id: None, repeat: None }, GridLineCell { text: "e", highlight_id: None, repeat: None }, GridLineCell { text: "l", highlight_id: None, repeat: None }, GridLineCell { text: "p", highlight_id: None, repeat: None }, GridLineCell { text: " ", highlight_id: None, repeat: None }, GridLineCell { text: "K", highlight_id: None, repeat: None }, GridLineCell { text: "u", highlight_id: None, repeat: None }, GridLineCell { text: "w", highlight_id: None, repeat: None }, GridLineCell { text: "a", highlight_id: None, repeat: None }, GridLineCell { text: "s", highlight_id: None, repeat: None }, GridLineCell { text: "h", highlight_id: None, repeat: None }, GridLineCell { text: "a", highlight_id: None, repeat: None }, GridLineCell { text: "<", highlight_id: Some(69), repeat: None }, GridLineCell { text: "E", highlight_id: None, repeat: None }, GridLineCell { text: "n", highlight_id: None, repeat: None }, GridLineCell { text: "t", highlight_id: None, repeat: None }, GridLineCell { text: "e", highlight_id: None, repeat: None }, GridLineCell { text: "r", highlight_id: None, repeat: None }, GridLineCell { text: ">", highlight_id: None, repeat: None }, GridLineCell { text: " ", highlight_id: Some(0), repeat: Some(4) }, GridLineCell { text: "f", highlight_id: None, repeat: None }, GridLineCell { text: "o", highlight_id: None, repeat: None }, GridLineCell { text: "r", highlight_id: None, repeat: None }, GridLineCell { text: " ", highlight_id: None, repeat: None }, GridLineCell { text: "i", highlight_id: None, repeat: None }, GridLineCell { text: "n", highlight_id: None, repeat: None }, GridLineCell { text: "f", highlight_id: None, repeat: None }, GridLineCell { text: "o", highlight_id: None, repeat: None }, GridLineCell { text: "r", highlight_id: None, repeat: None }, GridLineCell { text: "m", highlight_id: None, repeat: None }, GridLineCell { text: "a", highlight_id: None, repeat: None }, GridLineCell { text: "t", highlight_id: None, repeat: None }, GridLineCell { text: "i", highlight_id: None, repeat: None }, GridLineCell { text: "o", highlight_id: None, repeat: None }, GridLineCell { text: "n", highlight_id: None, repeat: None }, GridLineCell { text: " ", highlight_id: None, repeat: None }, GridLineCell { text: " ", highlight_id: Some(0), repeat: Some(0) }] }
TRACE [neovide::channel_utils] neovim_handler WindowViewport { grid: 2, top_line: 0.0, bottom_line: 2.0, current_line: 0.0, current_column: 0.0, line_count: Some(1.0), scroll_delta: Some(0.0) }
TRACE [neovide::channel_utils] neovim_handler CursorGoto { grid: 2, row: 0, column: 2 }
TRACE [neovide::channel_utils] neovim_handler MouseOn
TRACE [neovide::channel_utils] neovim_handler Flush
TRACE [neovide::editor] Image flushed
TRACE [neovide::editor] send_batch
INFO [neovide::renderer::grid_renderer] blend 0
DEBUG [neovide::renderer] zindex: 200, base: 0
DEBUG [neovide::renderer] layer: [(3, SortOrder { z_index: 200, composition_order: 1 })]
TRACE [neovide::renderer::rendered_window] region: Box2 { min: Point2 { x: 0.0, y: 0.0 }, max: Point2 { x: 1920.0, y: 2880.0 } }, inner: Rect { left: 0.0, top: 0.0, right: 1920.0, bottom: 2880.0 }, pics: 0
TRACE [neovide::renderer::rendered_window] region: Box2 { min: Point2 { x: 0.0, y: 0.0 }, max: Point2 { x: 1920.0, y: 2820.0 } }, inner: Rect { left: 0.0, top: 0.0, right: 1920.0, bottom: 2820.0 }, pics: 0
TRACE [neovide::bridge::handler] Neovim notification: "redraw"
TRACE [neovide::channel_utils] neovim_handler ModeInfoSet { cursor_modes: [CursorMode { shape: Some(Block), style_id: Some(310), cell_percentage: Some(0.0), blinkwait: Some(700), blinkon: Some(250), blinkoff: Some(400) }, CursorMode { shape: Some(Block), style_id: Some(310), cell_percentage: Some(0.0), blinkwait: Some(700), blinkon: Some(250), blinkoff: Some(400) }, CursorMode { shape: Some(Vertical), style_id: Some(310), cell_percentage: Some(0.25), blinkwait: Some(700), blinkon: Some(250), blinkoff: Some(400) }, CursorMode { shape: Some(Horizontal), style_id: Some(310), cell_percentage: Some(0.2), blinkwait: Some(700), blinkon: Some(250), blinkoff: Some(400) }, CursorMode { shape: Some(Block), style_id: Some(310), cell_percentage: Some(0.0), blinkwait: Some(700), blinkon: Some(250), blinkoff: Some(400) }, CursorMode { shape: Some(Vertical), style_id: Some(310), cell_percentage: Some(0.25), blinkwait: Some(700), blinkon: Some(250), blinkoff: Some(400) }, CursorMode { shape: Some(Horizontal), style_id: Some(310), cell_percentage: Some(0.2), blinkwait: Some(700), blinkon: Some(250), blinkoff: Some(400) }, CursorMode { shape: Some(Horizontal), style_id: Some(310), cell_percentage: Some(0.5), blinkwait: Some(700), blinkon: Some(250), blinkoff: Some(400) }, CursorMode { shape: Some(Vertical), style_id: Some(310), cell_percentage: Some(0.25), blinkwait: Some(700), blinkon: Some(250), blinkoff: Some(400) }, CursorMode { shape: None, style_id: None, cell_percentage: None, blinkwait: None, blinkon: None, blinkoff: None }, CursorMode { shape: None, style_id: None, cell_percentage: None, blinkwait: None, blinkon: None, blinkoff: None }, CursorMode { shape: None, style_id: None, cell_percentage: None, blinkwait: None, blinkon: None, blinkoff: None }, CursorMode { shape: None, style_id: None, cell_percentage: None, blinkwait: None, blinkon: None, blinkoff: None }, CursorMode { shape: None, style_id: None, cell_percentage: None, blinkwait: None, blinkon: None, blinkoff: None }, CursorMode { shape: None, style_id: None, cell_percentage: None, blinkwait: None, blinkon: None, blinkoff: None }, CursorMode { shape: None, style_id: None, cell_percentage: None, blinkwait: None, blinkon: None, blinkoff: None }, CursorMode { shape: Some(Block), style_id: Some(310), cell_percentage: Some(0.0), blinkwait: Some(175), blinkon: Some(175), blinkoff: Some(150) }, CursorMode { shape: Some(Block), style_id: Some(310), cell_percentage: Some(0.0), blinkwait: Some(700), blinkon: Some(250), blinkoff: Some(400) }] }
TRACE [neovide::channel_utils] neovim_handler ModeChange { mode: Normal, mode_index: 0 }
TRACE [neovide::channel_utils] neovim_handler MouseOn
TRACE [neovide::channel_utils] neovim_handler Flush
TRACE [neovide::editor] Image flushed
TRACE [neovide::editor] send_batch
TRACE [neovide::renderer::rendered_window] region: Box2 { min: Point2 { x: 0.0, y: 360.0 }, max: Point2 { x: 1920.0, y: 3240.0 } }, inner: Rect { left: 0.0, top: 360.0, right: 1920.0, bottom: 3240.0 }, pics: 40
TRACE [neovide::renderer::rendered_window] Handling Viewport 2
TRACE [neovide::renderer::fonts::caching_shaper] Shaping text: "[No Name]"
TRACE [neovide::renderer::fonts::caching_shaper] Shaping text: "\u{e0a0} main"
TRACE [neovide::renderer::fonts::caching_shaper] Shaping text: "1:1"
INFO [neovide::renderer::grid_renderer] blend 0
DEBUG [neovide::renderer] zindex: 200, base: 0
DEBUG [neovide::renderer] layer: [(3, SortOrder { z_index: 200, composition_order: 1 })]
TRACE [neovide::renderer::rendered_window] region: Box2 { min: Point2 { x: 0.0, y: 0.0 }, max: Point2 { x: 1920.0, y: 2880.0 } }, inner: Rect { left: 0.0, top: 0.0, right: 1920.0, bottom: 2880.0 }, pics: 1
TRACE [neovide::renderer::rendered_window] region: Box2 { min: Point2 { x: 0.0, y: 0.0 }, max: Point2 { x: 1920.0, y: 2820.0 } }, inner: Rect { left: 0.0, top: 0.0, right: 1920.0, bottom: 2820.0 }, pics: 0
TRACE [neovide::renderer::rendered_window] region: Box2 { min: Point2 { x: 0.0, y: 1713.0 }, max: Point2 { x: 1920.0, y: 4593.0 } }, inner: Rect { left: 0.0, top: 1713.0, right: 1920.0, bottom: 4593.0 }, pics: 40
INFO [neovide::renderer::grid_renderer] blend 0
DEBUG [neovide::renderer] zindex: 200, base: 0
DEBUG [neovide::renderer] layer: [(3, SortOrder { z_index: 200, composition_order: 1 })]
TRACE [neovide::renderer::rendered_window] region: Box2 { min: Point2 { x: 0.0, y: 0.0 }, max: Point2 { x: 1920.0, y: 2880.0 } }, inner: Rect { left: 0.0, top: 0.0, right: 1920.0, bottom: 2880.0 }, pics: 1
TRACE [neovide::renderer::rendered_window] region: Box2 { min: Point2 { x: 0.0, y: 0.0 }, max: Point2 { x: 1920.0, y: 2820.0 } }, inner: Rect { left: 0.0, top: 0.0, right: 1920.0, bottom: 2820.0 }, pics: 0
TRACE [neovide::renderer::rendered_window] region: Box2 { min: Point2 { x: 0.0, y: 2736.0 }, max: Point2 { x: 1920.0, y: 5616.0 } }, inner: Rect { left: 0.0, top: 2736.0, right: 1920.0, bottom: 5616.0 }, pics: 40
TRACE [neovide::window::keyboard_manager] KeyEvent {
    physical_key: Code(
        Escape,
    ),
    logical_key: Named(
        Escape,
    ),
    text: None,
    location: Standard,
    state: Released,
    repeat: false,
    platform_specific: KeyEventExtra {
        text_with_all_modifiers: None,
        key_without_modifiers: Named(
            Escape,
        ),
    },
}
INFO [neovide::renderer::grid_renderer] blend 0
DEBUG [neovide::renderer] zindex: 200, base: 0
DEBUG [neovide::renderer] layer: [(3, SortOrder { z_index: 200, composition_order: 1 })]
TRACE [neovide::renderer::rendered_window] region: Box2 { min: Point2 { x: 0.0, y: 0.0 }, max: Point2 { x: 1920.0, y: 2880.0 } }, inner: Rect { left: 0.0, top: 0.0, right: 1920.0, bottom: 2880.0 }, pics: 1
TRACE [neovide::renderer::rendered_window] region: Box2 { min: Point2 { x: 0.0, y: 0.0 }, max: Point2 { x: 1920.0, y: 2820.0 } }, inner: Rect { left: 0.0, top: 0.0, right: 1920.0, bottom: 2820.0 }, pics: 0
TRACE [neovide::renderer::rendered_window] region: Box2 { min: Point2 { x: 0.0, y: 2813.0 }, max: Point2 { x: 1920.0, y: 5693.0 } }, inner: Rect { left: 0.0, top: 2813.0, right: 1920.0, bottom: 5693.0 }, pics: 40
INFO [neovide::renderer::grid_renderer] blend 0
DEBUG [neovide::renderer] zindex: 200, base: 0
DEBUG [neovide::renderer] layer: [(3, SortOrder { z_index: 200, composition_order: 1 })]
TRACE [neovide::renderer::rendered_window] region: Box2 { min: Point2 { x: 0.0, y: 0.0 }, max: Point2 { x: 1920.0, y: 2880.0 } }, inner: Rect { left: 0.0, top: 0.0, right: 1920.0, bottom: 2880.0 }, pics: 1
TRACE [neovide::renderer::rendered_window] region: Box2 { min: Point2 { x: 0.0, y: 0.0 }, max: Point2 { x: 1920.0, y: 2820.0 } }, inner: Rect { left: 0.0, top: 0.0, right: 1920.0, bottom: 2820.0 }, pics: 0
TRACE [neovide::renderer::rendered_window] region: Box2 { min: Point2 { x: 0.0, y: 2851.0 }, max: Point2 { x: 1920.0, y: 5731.0 } }, inner: Rect { left: 0.0, top: 2851.0, right: 1920.0, bottom: 5731.0 }, pics: 40
INFO [neovide::renderer::grid_renderer] blend 0
DEBUG [neovide::renderer] zindex: 200, base: 0
DEBUG [neovide::renderer] layer: [(3, SortOrder { z_index: 200, composition_order: 1 })]
TRACE [neovide::renderer::rendered_window] region: Box2 { min: Point2 { x: 0.0, y: 0.0 }, max: Point2 { x: 1920.0, y: 2880.0 } }, inner: Rect { left: 0.0, top: 0.0, right: 1920.0, bottom: 2880.0 }, pics: 1
TRACE [neovide::renderer::rendered_window] region: Box2 { min: Point2 { x: 0.0, y: 0.0 }, max: Point2 { x: 1920.0, y: 2820.0 } }, inner: Rect { left: 0.0, top: 0.0, right: 1920.0, bottom: 2820.0 }, pics: 0
TRACE [neovide::renderer::rendered_window] region: Box2 { min: Point2 { x: 0.0, y: 2866.0 }, max: Point2 { x: 1920.0, y: 5746.0 } }, inner: Rect { left: 0.0, top: 2866.0, right: 1920.0, bottom: 5746.0 }, pics: 40
INFO [neovide::renderer::grid_renderer] blend 0
DEBUG [neovide::renderer] zindex: 200, base: 0
DEBUG [neovide::renderer] layer: [(3, SortOrder { z_index: 200, composition_order: 1 })]
TRACE [neovide::renderer::rendered_window] region: Box2 { min: Point2 { x: 0.0, y: 0.0 }, max: Point2 { x: 1920.0, y: 2880.0 } }, inner: Rect { left: 0.0, top: 0.0, right: 1920.0, bottom: 2880.0 }, pics: 1
TRACE [neovide::renderer::rendered_window] region: Box2 { min: Point2 { x: 0.0, y: 0.0 }, max: Point2 { x: 1920.0, y: 2820.0 } }, inner: Rect { left: 0.0, top: 0.0, right: 1920.0, bottom: 2820.0 }, pics: 0
TRACE [neovide::renderer::rendered_window] region: Box2 { min: Point2 { x: 0.0, y: 2880.0 }, max: Point2 { x: 1920.0, y: 5760.0 } }, inner: Rect { left: 0.0, top: 2880.0, right: 1920.0, bottom: 5760.0 }, pics: 40
INFO [neovide::renderer::grid_renderer] blend 0
DEBUG [neovide::renderer] zindex: 200, base: 0
DEBUG [neovide::renderer] layer: [(3, SortOrder { z_index: 200, composition_order: 1 })]
TRACE [neovide::renderer::rendered_window] region: Box2 { min: Point2 { x: 0.0, y: 0.0 }, max: Point2 { x: 1920.0, y: 2880.0 } }, inner: Rect { left: 0.0, top: 0.0, right: 1920.0, bottom: 2880.0 }, pics: 1
TRACE [neovide::renderer::rendered_window] region: Box2 { min: Point2 { x: 0.0, y: 0.0 }, max: Point2 { x: 1920.0, y: 2820.0 } }, inner: Rect { left: 0.0, top: 0.0, right: 1920.0, bottom: 2820.0 }, pics: 0
TRACE [neovide::renderer::rendered_window] region: Box2 { min: Point2 { x: 0.0, y: 2880.0 }, max: Point2 { x: 1920.0, y: 5760.0 } }, inner: Rect { left: 0.0, top: 2880.0, right: 1920.0, bottom: 5760.0 }, pics: 40
INFO [neovide::renderer::grid_renderer] blend 0
DEBUG [neovide::renderer] zindex: 200, base: 0
DEBUG [neovide::renderer] layer: [(3, SortOrder { z_index: 200, composition_order: 1 })]
TRACE [neovide::renderer::rendered_window] region: Box2 { min: Point2 { x: 0.0, y: 0.0 }, max: Point2 { x: 1920.0, y: 2880.0 } }, inner: Rect { left: 0.0, top: 0.0, right: 1920.0, bottom: 2880.0 }, pics: 1
TRACE [neovide::renderer::rendered_window] region: Box2 { min: Point2 { x: 0.0, y: 0.0 }, max: Point2 { x: 1920.0, y: 2820.0 } }, inner: Rect { left: 0.0, top: 0.0, right: 1920.0, bottom: 2820.0 }, pics: 0
TRACE [neovide::renderer::rendered_window] region: Box2 { min: Point2 { x: 0.0, y: 2880.0 }, max: Point2 { x: 1920.0, y: 5760.0 } }, inner: Rect { left: 0.0, top: 2880.0, right: 1920.0, bottom: 5760.0 }, pics: 40
INFO [neovide::renderer::grid_renderer] blend 0
DEBUG [neovide::renderer] zindex: 200, base: 0
DEBUG [neovide::renderer] layer: [(3, SortOrder { z_index: 200, composition_order: 1 })]
TRACE [neovide::renderer::rendered_window] region: Box2 { min: Point2 { x: 0.0, y: 0.0 }, max: Point2 { x: 1920.0, y: 2880.0 } }, inner: Rect { left: 0.0, top: 0.0, right: 1920.0, bottom: 2880.0 }, pics: 1
TRACE [neovide::renderer::rendered_window] region: Box2 { min: Point2 { x: 0.0, y: 0.0 }, max: Point2 { x: 1920.0, y: 2820.0 } }, inner: Rect { left: 0.0, top: 0.0, right: 1920.0, bottom: 2820.0 }, pics: 0
TRACE [neovide::renderer::rendered_window] region: Box2 { min: Point2 { x: 0.0, y: 2880.0 }, max: Point2 { x: 1920.0, y: 5760.0 } }, inner: Rect { left: 0.0, top: 2880.0, right: 1920.0, bottom: 5760.0 }, pics: 40
TRACE [neovide::bridge::handler] Neovim notification: "redraw"
TRACE [neovide::channel_utils] neovim_handler BusyStart
TRACE [neovide::channel_utils] neovim_handler Flush
TRACE [neovide::editor] Cursor off
TRACE [neovide::editor] Image flushed
TRACE [neovide::editor] send_batch
INFO [neovide::renderer::grid_renderer] blend 0
DEBUG [neovide::renderer] zindex: 200, base: 0
DEBUG [neovide::renderer] layer: [(3, SortOrder { z_index: 200, composition_order: 1 })]
TRACE [neovide::renderer::rendered_window] region: Box2 { min: Point2 { x: 0.0, y: 0.0 }, max: Point2 { x: 1920.0, y: 2880.0 } }, inner: Rect { left: 0.0, top: 0.0, right: 1920.0, bottom: 2880.0 }, pics: 1
TRACE [neovide::renderer::rendered_window] region: Box2 { min: Point2 { x: 0.0, y: 0.0 }, max: Point2 { x: 1920.0, y: 2820.0 } }, inner: Rect { left: 0.0, top: 0.0, right: 1920.0, bottom: 2820.0 }, pics: 0
TRACE [neovide::renderer::rendered_window] region: Box2 { min: Point2 { x: 0.0, y: 2880.0 }, max: Point2 { x: 1920.0, y: 5760.0 } }, inner: Rect { left: 0.0, top: 2880.0, right: 1920.0, bottom: 5760.0 }, pics: 40
TRACE [neovide::bridge::handler] Neovim notification: "redraw"
TRACE [neovide::channel_utils] neovim_handler BusyStop
TRACE [neovide::channel_utils] neovim_handler BusyStart
TRACE [neovide::channel_utils] neovim_handler Flush
TRACE [neovide::editor] Cursor on
TRACE [neovide::editor] Cursor off
TRACE [neovide::editor] Image flushed
TRACE [neovide::editor] send_batch
INFO [neovide::renderer::grid_renderer] blend 0
DEBUG [neovide::renderer] zindex: 200, base: 0
DEBUG [neovide::renderer] layer: [(3, SortOrder { z_index: 200, composition_order: 1 })]
TRACE [neovide::renderer::rendered_window] region: Box2 { min: Point2 { x: 0.0, y: 0.0 }, max: Point2 { x: 1920.0, y: 2880.0 } }, inner: Rect { left: 0.0, top: 0.0, right: 1920.0, bottom: 2880.0 }, pics: 1
TRACE [neovide::renderer::rendered_window] region: Box2 { min: Point2 { x: 0.0, y: 0.0 }, max: Point2 { x: 1920.0, y: 2820.0 } }, inner: Rect { left: 0.0, top: 0.0, right: 1920.0, bottom: 2820.0 }, pics: 0
TRACE [neovide::renderer::rendered_window] region: Box2 { min: Point2 { x: 0.0, y: 2880.0 }, max: Point2 { x: 1920.0, y: 5760.0 } }, inner: Rect { left: 0.0, top: 2880.0, right: 1920.0, bottom: 5760.0 }, pics: 40
TRACE [neovide::window::keyboard_manager] Modifiers { state: ModifiersState(SHIFT), pressed_mods: ModifiersKeys(0x0) }
TRACE [neovide::window::keyboard_manager] KeyEvent {
    physical_key: Code(
        ShiftRight,
    ),
    logical_key: Named(
        Shift,
    ),
    text: None,
    location: Right,
    state: Pressed,
    repeat: false,
    platform_specific: KeyEventExtra {
        text_with_all_modifiers: None,
        key_without_modifiers: Named(
            Shift,
        ),
    },
}
TRACE [neovide::bridge::handler] Neovim notification: "redraw"
TRACE [neovide::channel_utils] neovim_handler BusyStop
TRACE [neovide::channel_utils] neovim_handler Flush
TRACE [neovide::editor] Cursor on
TRACE [neovide::editor] Image flushed
TRACE [neovide::editor] send_batch
INFO [neovide::renderer::grid_renderer] blend 0
DEBUG [neovide::renderer] zindex: 200, base: 0
DEBUG [neovide::renderer] layer: [(3, SortOrder { z_index: 200, composition_order: 1 })]
TRACE [neovide::renderer::rendered_window] region: Box2 { min: Point2 { x: 0.0, y: 0.0 }, max: Point2 { x: 1920.0, y: 2880.0 } }, inner: Rect { left: 0.0, top: 0.0, right: 1920.0, bottom: 2880.0 }, pics: 1
TRACE [neovide::renderer::rendered_window] region: Box2 { min: Point2 { x: 0.0, y: 0.0 }, max: Point2 { x: 1920.0, y: 2820.0 } }, inner: Rect { left: 0.0, top: 0.0, right: 1920.0, bottom: 2820.0 }, pics: 0
TRACE [neovide::renderer::rendered_window] region: Box2 { min: Point2 { x: 0.0, y: 2880.0 }, max: Point2 { x: 1920.0, y: 5760.0 } }, inner: Rect { left: 0.0, top: 2880.0, right: 1920.0, bottom: 5760.0 }, pics: 40
TRACE [neovide::window::keyboard_manager] KeyEvent {
    physical_key: Code(
        Semicolon,
    ),
    logical_key: Character(
        ":",
    ),
    text: Some(
        ":",
    ),
    location: Standard,
    state: Pressed,
    repeat: false,
    platform_specific: KeyEventExtra {
        text_with_all_modifiers: Some(
            ":",
        ),
        key_without_modifiers: Character(
            ";",
        ),
    },
}
TRACE [neovide::window::keyboard_manager] Key pressed : ModifiersState(SHIFT)
TRACE [neovide::channel_utils] UIComand Serial(Keyboard(":"))
TRACE [neovide::bridge::ui_commands] In Serial Command
TRACE [neovide::bridge::ui_commands] Keyboard Input Sent: :
TRACE [neovide::bridge::handler] Neovim notification: "redraw"
TRACE [neovide::channel_utils] neovim_handler MessageSetPosition { grid: 3, row: 47, scrolled: false, separator_character: " ", z_index: Some(200), comp_index: Some(1) }
TRACE [neovide::channel_utils] neovim_handler GridLine { grid: 3, row: 0, column_start: 0, cells: [GridLineCell { text: " ", highlight_id: Some(1), repeat: Some(65) }] }
TRACE [neovide::channel_utils] neovim_handler GridLine { grid: 3, row: 0, column_start: 0, cells: [GridLineCell { text: ":", highlight_id: Some(1), repeat: None }] }
TRACE [neovide::channel_utils] neovim_handler CursorGoto { grid: 3, row: 0, column: 1 }
TRACE [neovide::channel_utils] neovim_handler ModeChange { mode: CmdLine, mode_index: 4 }
TRACE [neovide::channel_utils] neovim_handler MouseOff
TRACE [neovide::channel_utils] neovim_handler Flush
TRACE [neovide::editor] Image flushed
TRACE [neovide::editor] send_batch
TRACE [neovide::renderer::fonts::caching_shaper] Shaping text: ":"
INFO [neovide::renderer::grid_renderer] blend 0
DEBUG [neovide::renderer] zindex: 200, base: 0
DEBUG [neovide::renderer] layer: [(3, SortOrder { z_index: 200, composition_order: 2 })]
TRACE [neovide::renderer::rendered_window] region: Box2 { min: Point2 { x: 0.0, y: 0.0 }, max: Point2 { x: 1920.0, y: 2880.0 } }, inner: Rect { left: 0.0, top: 0.0, right: 1920.0, bottom: 2880.0 }, pics: 1
TRACE [neovide::renderer::rendered_window] region: Box2 { min: Point2 { x: 0.0, y: 0.0 }, max: Point2 { x: 1920.0, y: 2820.0 } }, inner: Rect { left: 0.0, top: 0.0, right: 1920.0, bottom: 2820.0 }, pics: 0
TRACE [neovide::renderer::rendered_window] region: Box2 { min: Point2 { x: 0.0, y: 2848.0 }, max: Point2 { x: 1920.0, y: 5728.0 } }, inner: Rect { left: 0.0, top: 2848.0, right: 1920.0, bottom: 5728.0 }, pics: 40
INFO [neovide::renderer::grid_renderer] blend 0
DEBUG [neovide::renderer] zindex: 200, base: 0
DEBUG [neovide::renderer] layer: [(3, SortOrder { z_index: 200, composition_order: 2 })]
TRACE [neovide::renderer::rendered_window] region: Box2 { min: Point2 { x: 0.0, y: 0.0 }, max: Point2 { x: 1920.0, y: 2880.0 } }, inner: Rect { left: 0.0, top: 0.0, right: 1920.0, bottom: 2880.0 }, pics: 1
TRACE [neovide::renderer::rendered_window] region: Box2 { min: Point2 { x: 0.0, y: 0.0 }, max: Point2 { x: 1920.0, y: 2820.0 } }, inner: Rect { left: 0.0, top: 0.0, right: 1920.0, bottom: 2820.0 }, pics: 0
TRACE [neovide::renderer::rendered_window] region: Box2 { min: Point2 { x: 0.0, y: 2833.0 }, max: Point2 { x: 1920.0, y: 5713.0 } }, inner: Rect { left: 0.0, top: 2833.0, right: 1920.0, bottom: 5713.0 }, pics: 40
INFO [neovide::renderer::grid_renderer] blend 0
DEBUG [neovide::renderer] zindex: 200, base: 0
DEBUG [neovide::renderer] layer: [(3, SortOrder { z_index: 200, composition_order: 2 })]
TRACE [neovide::renderer::rendered_window] region: Box2 { min: Point2 { x: 0.0, y: 0.0 }, max: Point2 { x: 1920.0, y: 2880.0 } }, inner: Rect { left: 0.0, top: 0.0, right: 1920.0, bottom: 2880.0 }, pics: 1
TRACE [neovide::renderer::rendered_window] region: Box2 { min: Point2 { x: 0.0, y: 0.0 }, max: Point2 { x: 1920.0, y: 2820.0 } }, inner: Rect { left: 0.0, top: 0.0, right: 1920.0, bottom: 2820.0 }, pics: 0
TRACE [neovide::renderer::rendered_window] region: Box2 { min: Point2 { x: 0.0, y: 2826.0 }, max: Point2 { x: 1920.0, y: 5706.0 } }, inner: Rect { left: 0.0, top: 2826.0, right: 1920.0, bottom: 5706.0 }, pics: 40
INFO [neovide::renderer::grid_renderer] blend 0
DEBUG [neovide::renderer] zindex: 200, base: 0
DEBUG [neovide::renderer] layer: [(3, SortOrder { z_index: 200, composition_order: 2 })]
TRACE [neovide::renderer::rendered_window] region: Box2 { min: Point2 { x: 0.0, y: 0.0 }, max: Point2 { x: 1920.0, y: 2880.0 } }, inner: Rect { left: 0.0, top: 0.0, right: 1920.0, bottom: 2880.0 }, pics: 1
TRACE [neovide::renderer::rendered_window] region: Box2 { min: Point2 { x: 0.0, y: 0.0 }, max: Point2 { x: 1920.0, y: 2820.0 } }, inner: Rect { left: 0.0, top: 0.0, right: 1920.0, bottom: 2820.0 }, pics: 0
TRACE [neovide::renderer::rendered_window] region: Box2 { min: Point2 { x: 0.0, y: 2823.0 }, max: Point2 { x: 1920.0, y: 5703.0 } }, inner: Rect { left: 0.0, top: 2823.0, right: 1920.0, bottom: 5703.0 }, pics: 40
INFO [neovide::renderer::grid_renderer] blend 0
DEBUG [neovide::renderer] zindex: 200, base: 0
DEBUG [neovide::renderer] layer: [(3, SortOrder { z_index: 200, composition_order: 2 })]
TRACE [neovide::renderer::rendered_window] region: Box2 { min: Point2 { x: 0.0, y: 0.0 }, max: Point2 { x: 1920.0, y: 2880.0 } }, inner: Rect { left: 0.0, top: 0.0, right: 1920.0, bottom: 2880.0 }, pics: 1
TRACE [neovide::renderer::rendered_window] region: Box2 { min: Point2 { x: 0.0, y: 0.0 }, max: Point2 { x: 1920.0, y: 2820.0 } }, inner: Rect { left: 0.0, top: 0.0, right: 1920.0, bottom: 2820.0 }, pics: 0
TRACE [neovide::renderer::rendered_window] region: Box2 { min: Point2 { x: 0.0, y: 2821.0 }, max: Point2 { x: 1920.0, y: 5701.0 } }, inner: Rect { left: 0.0, top: 2821.0, right: 1920.0, bottom: 5701.0 }, pics: 40
TRACE [neovide::window::keyboard_manager] Modifiers { state: ModifiersState(0x0), pressed_mods: ModifiersKeys(0x0) }
TRACE [neovide::window::keyboard_manager] KeyEvent {
    physical_key: Code(
        ShiftRight,
    ),
    logical_key: Named(
        Shift,
    ),
    text: None,
    location: Right,
    state: Released,
    repeat: false,
    platform_specific: KeyEventExtra {
        text_with_all_modifiers: None,
        key_without_modifiers: Named(
            Shift,
        ),
    },
}
INFO [neovide::renderer::grid_renderer] blend 0
DEBUG [neovide::renderer] zindex: 200, base: 0
DEBUG [neovide::renderer] layer: [(3, SortOrder { z_index: 200, composition_order: 2 })]
TRACE [neovide::renderer::rendered_window] region: Box2 { min: Point2 { x: 0.0, y: 0.0 }, max: Point2 { x: 1920.0, y: 2880.0 } }, inner: Rect { left: 0.0, top: 0.0, right: 1920.0, bottom: 2880.0 }, pics: 1
TRACE [neovide::renderer::rendered_window] region: Box2 { min: Point2 { x: 0.0, y: 0.0 }, max: Point2 { x: 1920.0, y: 2820.0 } }, inner: Rect { left: 0.0, top: 0.0, right: 1920.0, bottom: 2820.0 }, pics: 0
TRACE [neovide::renderer::rendered_window] region: Box2 { min: Point2 { x: 0.0, y: 2821.0 }, max: Point2 { x: 1920.0, y: 5701.0 } }, inner: Rect { left: 0.0, top: 2821.0, right: 1920.0, bottom: 5701.0 }, pics: 40
TRACE [neovide::window::keyboard_manager] KeyEvent {
    physical_key: Code(
        Semicolon,
    ),
    logical_key: Character(
        ";",
    ),
    text: None,
    location: Standard,
    state: Released,
    repeat: false,
    platform_specific: KeyEventExtra {
        text_with_all_modifiers: None,
        key_without_modifiers: Character(
            ";",
        ),
    },
}
INFO [neovide::renderer::grid_renderer] blend 0
DEBUG [neovide::renderer] zindex: 200, base: 0
DEBUG [neovide::renderer] layer: [(3, SortOrder { z_index: 200, composition_order: 2 })]
TRACE [neovide::renderer::rendered_window] region: Box2 { min: Point2 { x: 0.0, y: 0.0 }, max: Point2 { x: 1920.0, y: 2880.0 } }, inner: Rect { left: 0.0, top: 0.0, right: 1920.0, bottom: 2880.0 }, pics: 1
TRACE [neovide::renderer::rendered_window] region: Box2 { min: Point2 { x: 0.0, y: 0.0 }, max: Point2 { x: 1920.0, y: 2820.0 } }, inner: Rect { left: 0.0, top: 0.0, right: 1920.0, bottom: 2820.0 }, pics: 0
TRACE [neovide::renderer::rendered_window] region: Box2 { min: Point2 { x: 0.0, y: 2820.0 }, max: Point2 { x: 1920.0, y: 5700.0 } }, inner: Rect { left: 0.0, top: 2820.0, right: 1920.0, bottom: 5700.0 }, pics: 40
INFO [neovide::renderer::grid_renderer] blend 0
DEBUG [neovide::renderer] zindex: 200, base: 0
DEBUG [neovide::renderer] layer: [(3, SortOrder { z_index: 200, composition_order: 2 })]
TRACE [neovide::renderer::rendered_window] region: Box2 { min: Point2 { x: 0.0, y: 0.0 }, max: Point2 { x: 1920.0, y: 2880.0 } }, inner: Rect { left: 0.0, top: 0.0, right: 1920.0, bottom: 2880.0 }, pics: 1
TRACE [neovide::renderer::rendered_window] region: Box2 { min: Point2 { x: 0.0, y: 0.0 }, max: Point2 { x: 1920.0, y: 2820.0 } }, inner: Rect { left: 0.0, top: 0.0, right: 1920.0, bottom: 2820.0 }, pics: 0
TRACE [neovide::renderer::rendered_window] region: Box2 { min: Point2 { x: 0.0, y: 2820.0 }, max: Point2 { x: 1920.0, y: 5700.0 } }, inner: Rect { left: 0.0, top: 2820.0, right: 1920.0, bottom: 5700.0 }, pics: 40
INFO [neovide::renderer::grid_renderer] blend 0
DEBUG [neovide::renderer] zindex: 200, base: 0
DEBUG [neovide::renderer] layer: [(3, SortOrder { z_index: 200, composition_order: 2 })]
TRACE [neovide::renderer::rendered_window] region: Box2 { min: Point2 { x: 0.0, y: 0.0 }, max: Point2 { x: 1920.0, y: 2880.0 } }, inner: Rect { left: 0.0, top: 0.0, right: 1920.0, bottom: 2880.0 }, pics: 1
TRACE [neovide::renderer::rendered_window] region: Box2 { min: Point2 { x: 0.0, y: 0.0 }, max: Point2 { x: 1920.0, y: 2820.0 } }, inner: Rect { left: 0.0, top: 0.0, right: 1920.0, bottom: 2820.0 }, pics: 0
TRACE [neovide::renderer::rendered_window] region: Box2 { min: Point2 { x: 0.0, y: 2820.0 }, max: Point2 { x: 1920.0, y: 5700.0 } }, inner: Rect { left: 0.0, top: 2820.0, right: 1920.0, bottom: 5700.0 }, pics: 40
INFO [neovide::renderer::grid_renderer] blend 0
DEBUG [neovide::renderer] zindex: 200, base: 0
DEBUG [neovide::renderer] layer: [(3, SortOrder { z_index: 200, composition_order: 2 })]
TRACE [neovide::renderer::rendered_window] region: Box2 { min: Point2 { x: 0.0, y: 0.0 }, max: Point2 { x: 1920.0, y: 2880.0 } }, inner: Rect { left: 0.0, top: 0.0, right: 1920.0, bottom: 2880.0 }, pics: 1
TRACE [neovide::renderer::rendered_window] region: Box2 { min: Point2 { x: 0.0, y: 0.0 }, max: Point2 { x: 1920.0, y: 2820.0 } }, inner: Rect { left: 0.0, top: 0.0, right: 1920.0, bottom: 2820.0 }, pics: 0
TRACE [neovide::renderer::rendered_window] region: Box2 { min: Point2 { x: 0.0, y: 2820.0 }, max: Point2 { x: 1920.0, y: 5700.0 } }, inner: Rect { left: 0.0, top: 2820.0, right: 1920.0, bottom: 5700.0 }, pics: 40
INFO [neovide::renderer::grid_renderer] blend 0
DEBUG [neovide::renderer] zindex: 200, base: 0
DEBUG [neovide::renderer] layer: [(3, SortOrder { z_index: 200, composition_order: 2 })]
TRACE [neovide::renderer::rendered_window] region: Box2 { min: Point2 { x: 0.0, y: 0.0 }, max: Point2 { x: 1920.0, y: 2880.0 } }, inner: Rect { left: 0.0, top: 0.0, right: 1920.0, bottom: 2880.0 }, pics: 1
TRACE [neovide::renderer::rendered_window] region: Box2 { min: Point2 { x: 0.0, y: 0.0 }, max: Point2 { x: 1920.0, y: 2820.0 } }, inner: Rect { left: 0.0, top: 0.0, right: 1920.0, bottom: 2820.0 }, pics: 0
TRACE [neovide::renderer::rendered_window] region: Box2 { min: Point2 { x: 0.0, y: 2820.0 }, max: Point2 { x: 1920.0, y: 5700.0 } }, inner: Rect { left: 0.0, top: 2820.0, right: 1920.0, bottom: 5700.0 }, pics: 40
TRACE [neovide::window::keyboard_manager] KeyEvent {
    physical_key: Code(
        KeyQ,
    ),
    logical_key: Character(
        "q",
    ),
    text: Some(
        "q",
    ),
    location: Standard,
    state: Pressed,
    repeat: false,
    platform_specific: KeyEventExtra {
        text_with_all_modifiers: Some(
            "q",
        ),
        key_without_modifiers: Character(
            "q",
        ),
    },
}
TRACE [neovide::window::keyboard_manager] Key pressed q ModifiersState(0x0)
TRACE [neovide::channel_utils] UIComand Serial(Keyboard("q"))
TRACE [neovide::bridge::ui_commands] In Serial Command
TRACE [neovide::bridge::ui_commands] Keyboard Input Sent: q
TRACE [neovide::bridge::handler] Neovim notification: "redraw"
TRACE [neovide::channel_utils] neovim_handler GridLine { grid: 3, row: 0, column_start: 1, cells: [GridLineCell { text: "q", highlight_id: Some(1), repeat: None }] }
TRACE [neovide::channel_utils] neovim_handler CursorGoto { grid: 3, row: 0, column: 2 }
TRACE [neovide::channel_utils] neovim_handler Flush
TRACE [neovide::editor] Image flushed
TRACE [neovide::editor] send_batch
INFO [neovide::renderer::grid_renderer] blend 0
DEBUG [neovide::renderer] zindex: 200, base: 0
DEBUG [neovide::renderer] layer: [(3, SortOrder { z_index: 200, composition_order: 2 })]
TRACE [neovide::renderer::rendered_window] region: Box2 { min: Point2 { x: 0.0, y: 0.0 }, max: Point2 { x: 1920.0, y: 2880.0 } }, inner: Rect { left: 0.0, top: 0.0, right: 1920.0, bottom: 2880.0 }, pics: 1
TRACE [neovide::renderer::rendered_window] region: Box2 { min: Point2 { x: 0.0, y: 0.0 }, max: Point2 { x: 1920.0, y: 2820.0 } }, inner: Rect { left: 0.0, top: 0.0, right: 1920.0, bottom: 2820.0 }, pics: 0
TRACE [neovide::renderer::rendered_window] region: Box2 { min: Point2 { x: 0.0, y: 2820.0 }, max: Point2 { x: 1920.0, y: 5700.0 } }, inner: Rect { left: 0.0, top: 2820.0, right: 1920.0, bottom: 5700.0 }, pics: 40
TRACE [neovide::renderer::fonts::caching_shaper] Shaping text: ":q"
INFO [neovide::renderer::grid_renderer] blend 0
DEBUG [neovide::renderer] zindex: 200, base: 0
DEBUG [neovide::renderer] layer: [(3, SortOrder { z_index: 200, composition_order: 3 })]
TRACE [neovide::renderer::rendered_window] region: Box2 { min: Point2 { x: 0.0, y: 0.0 }, max: Point2 { x: 1920.0, y: 2880.0 } }, inner: Rect { left: 0.0, top: 0.0, right: 1920.0, bottom: 2880.0 }, pics: 1
TRACE [neovide::renderer::rendered_window] region: Box2 { min: Point2 { x: 0.0, y: 0.0 }, max: Point2 { x: 1920.0, y: 2820.0 } }, inner: Rect { left: 0.0, top: 0.0, right: 1920.0, bottom: 2820.0 }, pics: 0
TRACE [neovide::renderer::rendered_window] region: Box2 { min: Point2 { x: 0.0, y: 2820.0 }, max: Point2 { x: 1920.0, y: 5700.0 } }, inner: Rect { left: 0.0, top: 2820.0, right: 1920.0, bottom: 5700.0 }, pics: 40
INFO [neovide::renderer::grid_renderer] blend 0
DEBUG [neovide::renderer] zindex: 200, base: 0
DEBUG [neovide::renderer] layer: [(3, SortOrder { z_index: 200, composition_order: 3 })]
TRACE [neovide::renderer::rendered_window] region: Box2 { min: Point2 { x: 0.0, y: 0.0 }, max: Point2 { x: 1920.0, y: 2880.0 } }, inner: Rect { left: 0.0, top: 0.0, right: 1920.0, bottom: 2880.0 }, pics: 1
TRACE [neovide::renderer::rendered_window] region: Box2 { min: Point2 { x: 0.0, y: 0.0 }, max: Point2 { x: 1920.0, y: 2820.0 } }, inner: Rect { left: 0.0, top: 0.0, right: 1920.0, bottom: 2820.0 }, pics: 0
TRACE [neovide::renderer::rendered_window] region: Box2 { min: Point2 { x: 0.0, y: 2820.0 }, max: Point2 { x: 1920.0, y: 5700.0 } }, inner: Rect { left: 0.0, top: 2820.0, right: 1920.0, bottom: 5700.0 }, pics: 40
TRACE [neovide::bridge::handler] Neovim notification: "redraw"
TRACE [neovide::channel_utils] neovim_handler WindowViewportMargins { grid: 4, top: 0, bottom: 0, left: 0, right: 0 }
TRACE [neovide::channel_utils] neovim_handler WindowViewportMargins { grid: 4, top: 0, bottom: 0, left: 0, right: 0 }
TRACE [neovide::channel_utils] neovim_handler WindowViewportMargins { grid: 4, top: 0, bottom: 0, left: 0, right: 0 }
TRACE [neovide::channel_utils] neovim_handler WindowViewportMargins { grid: 4, top: 0, bottom: 0, left: 0, right: 0 }
TRACE [neovide::channel_utils] neovim_handler Flush
TRACE [neovide::editor] Image flushed
TRACE [neovide::editor] send_batch
INFO [neovide::renderer::grid_renderer] blend 0
DEBUG [neovide::renderer] zindex: 200, base: 0
DEBUG [neovide::renderer] layer: [(3, SortOrder { z_index: 200, composition_order: 3 })]
TRACE [neovide::renderer::rendered_window] region: Box2 { min: Point2 { x: 0.0, y: 0.0 }, max: Point2 { x: 1920.0, y: 2880.0 } }, inner: Rect { left: 0.0, top: 0.0, right: 1920.0, bottom: 2880.0 }, pics: 1
TRACE [neovide::renderer::rendered_window] region: Box2 { min: Point2 { x: 0.0, y: 0.0 }, max: Point2 { x: 1920.0, y: 2820.0 } }, inner: Rect { left: 0.0, top: 0.0, right: 1920.0, bottom: 2820.0 }, pics: 0
TRACE [neovide::renderer::rendered_window] region: Box2 { min: Point2 { x: 0.0, y: 2820.0 }, max: Point2 { x: 1920.0, y: 5700.0 } }, inner: Rect { left: 0.0, top: 2820.0, right: 1920.0, bottom: 5700.0 }, pics: 40
INFO [neovide::renderer::grid_renderer] blend 0
DEBUG [neovide::renderer] zindex: 200, base: 0
DEBUG [neovide::renderer] layer: [(3, SortOrder { z_index: 200, composition_order: 3 })]
TRACE [neovide::renderer::rendered_window] region: Box2 { min: Point2 { x: 0.0, y: 0.0 }, max: Point2 { x: 1920.0, y: 2880.0 } }, inner: Rect { left: 0.0, top: 0.0, right: 1920.0, bottom: 2880.0 }, pics: 1
TRACE [neovide::renderer::rendered_window] region: Box2 { min: Point2 { x: 0.0, y: 0.0 }, max: Point2 { x: 1920.0, y: 2820.0 } }, inner: Rect { left: 0.0, top: 0.0, right: 1920.0, bottom: 2820.0 }, pics: 0
TRACE [neovide::renderer::rendered_window] region: Box2 { min: Point2 { x: 0.0, y: 2820.0 }, max: Point2 { x: 1920.0, y: 5700.0 } }, inner: Rect { left: 0.0, top: 2820.0, right: 1920.0, bottom: 5700.0 }, pics: 40
INFO [neovide::renderer::grid_renderer] blend 0
DEBUG [neovide::renderer] zindex: 200, base: 0
DEBUG [neovide::renderer] layer: [(3, SortOrder { z_index: 200, composition_order: 3 })]
TRACE [neovide::renderer::rendered_window] region: Box2 { min: Point2 { x: 0.0, y: 0.0 }, max: Point2 { x: 1920.0, y: 2880.0 } }, inner: Rect { left: 0.0, top: 0.0, right: 1920.0, bottom: 2880.0 }, pics: 1
TRACE [neovide::renderer::rendered_window] region: Box2 { min: Point2 { x: 0.0, y: 0.0 }, max: Point2 { x: 1920.0, y: 2820.0 } }, inner: Rect { left: 0.0, top: 0.0, right: 1920.0, bottom: 2820.0 }, pics: 0
TRACE [neovide::renderer::rendered_window] region: Box2 { min: Point2 { x: 0.0, y: 2820.0 }, max: Point2 { x: 1920.0, y: 5700.0 } }, inner: Rect { left: 0.0, top: 2820.0, right: 1920.0, bottom: 5700.0 }, pics: 40
INFO [neovide::renderer::grid_renderer] blend 0
DEBUG [neovide::renderer] zindex: 200, base: 0
DEBUG [neovide::renderer] layer: [(3, SortOrder { z_index: 200, composition_order: 3 })]
TRACE [neovide::renderer::rendered_window] region: Box2 { min: Point2 { x: 0.0, y: 0.0 }, max: Point2 { x: 1920.0, y: 2880.0 } }, inner: Rect { left: 0.0, top: 0.0, right: 1920.0, bottom: 2880.0 }, pics: 1
TRACE [neovide::renderer::rendered_window] region: Box2 { min: Point2 { x: 0.0, y: 0.0 }, max: Point2 { x: 1920.0, y: 2820.0 } }, inner: Rect { left: 0.0, top: 0.0, right: 1920.0, bottom: 2820.0 }, pics: 0
TRACE [neovide::renderer::rendered_window] region: Box2 { min: Point2 { x: 0.0, y: 2820.0 }, max: Point2 { x: 1920.0, y: 5700.0 } }, inner: Rect { left: 0.0, top: 2820.0, right: 1920.0, bottom: 5700.0 }, pics: 40
TRACE [neovide::window::keyboard_manager] KeyEvent {
    physical_key: Code(
        KeyQ,
    ),
    logical_key: Character(
        "q",
    ),
    text: None,
    location: Standard,
    state: Released,
    repeat: false,
    platform_specific: KeyEventExtra {
        text_with_all_modifiers: None,
        key_without_modifiers: Character(
            "q",
        ),
    },
}
INFO [neovide::renderer::grid_renderer] blend 0
DEBUG [neovide::renderer] zindex: 200, base: 0
DEBUG [neovide::renderer] layer: [(3, SortOrder { z_index: 200, composition_order: 3 })]
TRACE [neovide::renderer::rendered_window] region: Box2 { min: Point2 { x: 0.0, y: 0.0 }, max: Point2 { x: 1920.0, y: 2880.0 } }, inner: Rect { left: 0.0, top: 0.0, right: 1920.0, bottom: 2880.0 }, pics: 1
TRACE [neovide::renderer::rendered_window] region: Box2 { min: Point2 { x: 0.0, y: 0.0 }, max: Point2 { x: 1920.0, y: 2820.0 } }, inner: Rect { left: 0.0, top: 0.0, right: 1920.0, bottom: 2820.0 }, pics: 0
TRACE [neovide::renderer::rendered_window] region: Box2 { min: Point2 { x: 0.0, y: 2820.0 }, max: Point2 { x: 1920.0, y: 5700.0 } }, inner: Rect { left: 0.0, top: 2820.0, right: 1920.0, bottom: 5700.0 }, pics: 40
TRACE [neovide::window::keyboard_manager] Modifiers { state: ModifiersState(SHIFT), pressed_mods: ModifiersKeys(0x0) }
TRACE [neovide::window::keyboard_manager] KeyEvent {
    physical_key: Code(
        ShiftRight,
    ),
    logical_key: Named(
        Shift,
    ),
    text: None,
    location: Right,
    state: Pressed,
    repeat: false,
    platform_specific: KeyEventExtra {
        text_with_all_modifiers: None,
        key_without_modifiers: Named(
            Shift,
        ),
    },
}
INFO [neovide::renderer::grid_renderer] blend 0
DEBUG [neovide::renderer] zindex: 200, base: 0
DEBUG [neovide::renderer] layer: [(3, SortOrder { z_index: 200, composition_order: 3 })]
TRACE [neovide::renderer::rendered_window] region: Box2 { min: Point2 { x: 0.0, y: 0.0 }, max: Point2 { x: 1920.0, y: 2880.0 } }, inner: Rect { left: 0.0, top: 0.0, right: 1920.0, bottom: 2880.0 }, pics: 1
TRACE [neovide::renderer::rendered_window] region: Box2 { min: Point2 { x: 0.0, y: 0.0 }, max: Point2 { x: 1920.0, y: 2820.0 } }, inner: Rect { left: 0.0, top: 0.0, right: 1920.0, bottom: 2820.0 }, pics: 0
TRACE [neovide::renderer::rendered_window] region: Box2 { min: Point2 { x: 0.0, y: 2820.0 }, max: Point2 { x: 1920.0, y: 5700.0 } }, inner: Rect { left: 0.0, top: 2820.0, right: 1920.0, bottom: 5700.0 }, pics: 40
TRACE [neovide::window::keyboard_manager] KeyEvent {
    physical_key: Code(
        Digit1,
    ),
    logical_key: Character(
        "!",
    ),
    text: Some(
        "!",
    ),
    location: Standard,
    state: Pressed,
    repeat: false,
    platform_specific: KeyEventExtra {
        text_with_all_modifiers: Some(
            "!",
        ),
        key_without_modifiers: Character(
            "1",
        ),
    },
}
TRACE [neovide::window::keyboard_manager] Key pressed ! ModifiersState(SHIFT)
TRACE [neovide::channel_utils] UIComand Serial(Keyboard("!"))
TRACE [neovide::bridge::ui_commands] In Serial Command
TRACE [neovide::bridge::ui_commands] Keyboard Input Sent: !
TRACE [neovide::bridge::handler] Neovim notification: "redraw"
TRACE [neovide::channel_utils] neovim_handler GridLine { grid: 3, row: 0, column_start: 2, cells: [GridLineCell { text: "!", highlight_id: Some(1), repeat: None }] }
TRACE [neovide::channel_utils] neovim_handler CursorGoto { grid: 3, row: 0, column: 3 }
TRACE [neovide::channel_utils] neovim_handler Flush
TRACE [neovide::editor] Image flushed
TRACE [neovide::editor] send_batch
TRACE [neovide::renderer::fonts::caching_shaper] Shaping text: ":q!"
INFO [neovide::renderer::grid_renderer] blend 0
DEBUG [neovide::renderer] zindex: 200, base: 0
DEBUG [neovide::renderer] layer: [(3, SortOrder { z_index: 200, composition_order: 4 })]
TRACE [neovide::renderer::rendered_window] region: Box2 { min: Point2 { x: 0.0, y: 0.0 }, max: Point2 { x: 1920.0, y: 2880.0 } }, inner: Rect { left: 0.0, top: 0.0, right: 1920.0, bottom: 2880.0 }, pics: 1
TRACE [neovide::renderer::rendered_window] region: Box2 { min: Point2 { x: 0.0, y: 0.0 }, max: Point2 { x: 1920.0, y: 2820.0 } }, inner: Rect { left: 0.0, top: 0.0, right: 1920.0, bottom: 2820.0 }, pics: 0
TRACE [neovide::renderer::rendered_window] region: Box2 { min: Point2 { x: 0.0, y: 2820.0 }, max: Point2 { x: 1920.0, y: 5700.0 } }, inner: Rect { left: 0.0, top: 2820.0, right: 1920.0, bottom: 5700.0 }, pics: 40
INFO [neovide::renderer::grid_renderer] blend 0
DEBUG [neovide::renderer] zindex: 200, base: 0
DEBUG [neovide::renderer] layer: [(3, SortOrder { z_index: 200, composition_order: 4 })]
TRACE [neovide::renderer::rendered_window] region: Box2 { min: Point2 { x: 0.0, y: 0.0 }, max: Point2 { x: 1920.0, y: 2880.0 } }, inner: Rect { left: 0.0, top: 0.0, right: 1920.0, bottom: 2880.0 }, pics: 1
TRACE [neovide::renderer::rendered_window] region: Box2 { min: Point2 { x: 0.0, y: 0.0 }, max: Point2 { x: 1920.0, y: 2820.0 } }, inner: Rect { left: 0.0, top: 0.0, right: 1920.0, bottom: 2820.0 }, pics: 0
TRACE [neovide::renderer::rendered_window] region: Box2 { min: Point2 { x: 0.0, y: 2820.0 }, max: Point2 { x: 1920.0, y: 5700.0 } }, inner: Rect { left: 0.0, top: 2820.0, right: 1920.0, bottom: 5700.0 }, pics: 40
INFO [neovide::renderer::grid_renderer] blend 0
DEBUG [neovide::renderer] zindex: 200, base: 0
DEBUG [neovide::renderer] layer: [(3, SortOrder { z_index: 200, composition_order: 4 })]
TRACE [neovide::renderer::rendered_window] region: Box2 { min: Point2 { x: 0.0, y: 0.0 }, max: Point2 { x: 1920.0, y: 2880.0 } }, inner: Rect { left: 0.0, top: 0.0, right: 1920.0, bottom: 2880.0 }, pics: 1
TRACE [neovide::renderer::rendered_window] region: Box2 { min: Point2 { x: 0.0, y: 0.0 }, max: Point2 { x: 1920.0, y: 2820.0 } }, inner: Rect { left: 0.0, top: 0.0, right: 1920.0, bottom: 2820.0 }, pics: 0
TRACE [neovide::renderer::rendered_window] region: Box2 { min: Point2 { x: 0.0, y: 2820.0 }, max: Point2 { x: 1920.0, y: 5700.0 } }, inner: Rect { left: 0.0, top: 2820.0, right: 1920.0, bottom: 5700.0 }, pics: 40
INFO [neovide::renderer::grid_renderer] blend 0
DEBUG [neovide::renderer] zindex: 200, base: 0
DEBUG [neovide::renderer] layer: [(3, SortOrder { z_index: 200, composition_order: 4 })]
TRACE [neovide::renderer::rendered_window] region: Box2 { min: Point2 { x: 0.0, y: 0.0 }, max: Point2 { x: 1920.0, y: 2880.0 } }, inner: Rect { left: 0.0, top: 0.0, right: 1920.0, bottom: 2880.0 }, pics: 1
TRACE [neovide::renderer::rendered_window] region: Box2 { min: Point2 { x: 0.0, y: 0.0 }, max: Point2 { x: 1920.0, y: 2820.0 } }, inner: Rect { left: 0.0, top: 0.0, right: 1920.0, bottom: 2820.0 }, pics: 0
TRACE [neovide::renderer::rendered_window] region: Box2 { min: Point2 { x: 0.0, y: 2820.0 }, max: Point2 { x: 1920.0, y: 5700.0 } }, inner: Rect { left: 0.0, top: 2820.0, right: 1920.0, bottom: 5700.0 }, pics: 40
TRACE [neovide::window::keyboard_manager] KeyEvent {
    physical_key: Code(
        Digit1,
    ),
    logical_key: Character(
        "!",
    ),
    text: None,
    location: Standard,
    state: Released,
    repeat: false,
    platform_specific: KeyEventExtra {
        text_with_all_modifiers: None,
        key_without_modifiers: Character(
            "1",
        ),
    },
}
INFO [neovide::renderer::grid_renderer] blend 0
DEBUG [neovide::renderer] zindex: 200, base: 0
DEBUG [neovide::renderer] layer: [(3, SortOrder { z_index: 200, composition_order: 4 })]
TRACE [neovide::renderer::rendered_window] region: Box2 { min: Point2 { x: 0.0, y: 0.0 }, max: Point2 { x: 1920.0, y: 2880.0 } }, inner: Rect { left: 0.0, top: 0.0, right: 1920.0, bottom: 2880.0 }, pics: 1
TRACE [neovide::renderer::rendered_window] region: Box2 { min: Point2 { x: 0.0, y: 0.0 }, max: Point2 { x: 1920.0, y: 2820.0 } }, inner: Rect { left: 0.0, top: 0.0, right: 1920.0, bottom: 2820.0 }, pics: 0
TRACE [neovide::renderer::rendered_window] region: Box2 { min: Point2 { x: 0.0, y: 2820.0 }, max: Point2 { x: 1920.0, y: 5700.0 } }, inner: Rect { left: 0.0, top: 2820.0, right: 1920.0, bottom: 5700.0 }, pics: 40
TRACE [neovide::window::keyboard_manager] Modifiers { state: ModifiersState(0x0), pressed_mods: ModifiersKeys(0x0) }
TRACE [neovide::window::keyboard_manager] KeyEvent {
    physical_key: Code(
        ShiftRight,
    ),
    logical_key: Named(
        Shift,
    ),
    text: None,
    location: Right,
    state: Released,
    repeat: false,
    platform_specific: KeyEventExtra {
        text_with_all_modifiers: None,
        key_without_modifiers: Named(
            Shift,
        ),
    },
}
INFO [neovide::renderer::grid_renderer] blend 0
DEBUG [neovide::renderer] zindex: 200, base: 0
DEBUG [neovide::renderer] layer: [(3, SortOrder { z_index: 200, composition_order: 4 })]
TRACE [neovide::renderer::rendered_window] region: Box2 { min: Point2 { x: 0.0, y: 0.0 }, max: Point2 { x: 1920.0, y: 2880.0 } }, inner: Rect { left: 0.0, top: 0.0, right: 1920.0, bottom: 2880.0 }, pics: 1
TRACE [neovide::renderer::rendered_window] region: Box2 { min: Point2 { x: 0.0, y: 0.0 }, max: Point2 { x: 1920.0, y: 2820.0 } }, inner: Rect { left: 0.0, top: 0.0, right: 1920.0, bottom: 2820.0 }, pics: 0
TRACE [neovide::renderer::rendered_window] region: Box2 { min: Point2 { x: 0.0, y: 2820.0 }, max: Point2 { x: 1920.0, y: 5700.0 } }, inner: Rect { left: 0.0, top: 2820.0, right: 1920.0, bottom: 5700.0 }, pics: 40
INFO [neovide::renderer::grid_renderer] blend 0
DEBUG [neovide::renderer] zindex: 200, base: 0
DEBUG [neovide::renderer] layer: [(3, SortOrder { z_index: 200, composition_order: 4 })]
TRACE [neovide::renderer::rendered_window] region: Box2 { min: Point2 { x: 0.0, y: 0.0 }, max: Point2 { x: 1920.0, y: 2880.0 } }, inner: Rect { left: 0.0, top: 0.0, right: 1920.0, bottom: 2880.0 }, pics: 1
TRACE [neovide::renderer::rendered_window] region: Box2 { min: Point2 { x: 0.0, y: 0.0 }, max: Point2 { x: 1920.0, y: 2820.0 } }, inner: Rect { left: 0.0, top: 0.0, right: 1920.0, bottom: 2820.0 }, pics: 0
TRACE [neovide::renderer::rendered_window] region: Box2 { min: Point2 { x: 0.0, y: 2820.0 }, max: Point2 { x: 1920.0, y: 5700.0 } }, inner: Rect { left: 0.0, top: 2820.0, right: 1920.0, bottom: 5700.0 }, pics: 40
TRACE [neovide::window::keyboard_manager] KeyEvent {
    physical_key: Code(
        Enter,
    ),
    logical_key: Named(
        Enter,
    ),
    text: Some(
        "\r",
    ),
    location: Standard,
    state: Pressed,
    repeat: false,
    platform_specific: KeyEventExtra {
        text_with_all_modifiers: Some(
            "\r",
        ),
        key_without_modifiers: Named(
            Enter,
        ),
    },
}
TRACE [neovide::window::keyboard_manager] Key pressed <Enter> ModifiersState(0x0)
TRACE [neovide::channel_utils] UIComand Serial(Keyboard("<Enter>"))
TRACE [neovide::bridge::ui_commands] In Serial Command
TRACE [neovide::bridge::ui_commands] Keyboard Input Sent: <Enter>
TRACE [neovide::bridge::handler] Neovim notification: "redraw"
TRACE [neovide::channel_utils] neovim_handler CursorGoto { grid: 3, row: 0, column: 0 }
TRACE [neovide::channel_utils] neovim_handler Flush
TRACE [neovide::editor] Image flushed
TRACE [neovide::editor] send_batch
TRACE [neovide::bridge::handler] Neovim request: "neovide.quit"
INFO [neovide::running_tracker] Quit with code 0: Quit from neovim
INFO [neovide::renderer::grid_renderer] blend 0
DEBUG [neovide::renderer] zindex: 200, base: 0
DEBUG [neovide::renderer] layer: [(3, SortOrder { z_index: 200, composition_order: 5 })]
TRACE [neovide::renderer::rendered_window] region: Box2 { min: Point2 { x: 0.0, y: 0.0 }, max: Point2 { x: 1920.0, y: 2880.0 } }, inner: Rect { left: 0.0, top: 0.0, right: 1920.0, bottom: 2880.0 }, pics: 1
TRACE [neovide::renderer::rendered_window] region: Box2 { min: Point2 { x: 0.0, y: 0.0 }, max: Point2 { x: 1920.0, y: 2820.0 } }, inner: Rect { left: 0.0, top: 0.0, right: 1920.0, bottom: 2820.0 }, pics: 0
TRACE [neovide::renderer::rendered_window] region: Box2 { min: Point2 { x: 0.0, y: 2820.0 }, max: Point2 { x: 1920.0, y: 5700.0 } }, inner: Rect { left: 0.0, top: 2820.0, right: 1920.0, bottom: 5700.0 }, pics: 40
INFO [neovide::renderer::grid_renderer] blend 0
DEBUG [neovide::renderer] zindex: 200, base: 0
DEBUG [neovide::renderer] layer: [(3, SortOrder { z_index: 200, composition_order: 5 })]
TRACE [neovide::renderer::rendered_window] region: Box2 { min: Point2 { x: 0.0, y: 0.0 }, max: Point2 { x: 1920.0, y: 2880.0 } }, inner: Rect { left: 0.0, top: 0.0, right: 1920.0, bottom: 2880.0 }, pics: 1
TRACE [neovide::renderer::rendered_window] region: Box2 { min: Point2 { x: 0.0, y: 0.0 }, max: Point2 { x: 1920.0, y: 2820.0 } }, inner: Rect { left: 0.0, top: 0.0, right: 1920.0, bottom: 2820.0 }, pics: 0
TRACE [neovide::renderer::rendered_window] region: Box2 { min: Point2 { x: 0.0, y: 2820.0 }, max: Point2 { x: 1920.0, y: 5700.0 } }, inner: Rect { left: 0.0, top: 2820.0, right: 1920.0, bottom: 5700.0 }, pics: 40
INFO [neovide::renderer::grid_renderer] blend 0
DEBUG [neovide::renderer] zindex: 200, base: 0
DEBUG [neovide::renderer] layer: [(3, SortOrder { z_index: 200, composition_order: 5 })]
TRACE [neovide::renderer::rendered_window] region: Box2 { min: Point2 { x: 0.0, y: 0.0 }, max: Point2 { x: 1920.0, y: 2880.0 } }, inner: Rect { left: 0.0, top: 0.0, right: 1920.0, bottom: 2880.0 }, pics: 1
TRACE [neovide::renderer::rendered_window] region: Box2 { min: Point2 { x: 0.0, y: 0.0 }, max: Point2 { x: 1920.0, y: 2820.0 } }, inner: Rect { left: 0.0, top: 0.0, right: 1920.0, bottom: 2820.0 }, pics: 0
TRACE [neovide::renderer::rendered_window] region: Box2 { min: Point2 { x: 0.0, y: 2820.0 }, max: Point2 { x: 1920.0, y: 5700.0 } }, inner: Rect { left: 0.0, top: 2820.0, right: 1920.0, bottom: 5700.0 }, pics: 40
INFO [neovide::renderer::grid_renderer] blend 0
DEBUG [neovide::renderer] zindex: 200, base: 0
DEBUG [neovide::renderer] layer: [(3, SortOrder { z_index: 200, composition_order: 5 })]
TRACE [neovide::renderer::rendered_window] region: Box2 { min: Point2 { x: 0.0, y: 0.0 }, max: Point2 { x: 1920.0, y: 2880.0 } }, inner: Rect { left: 0.0, top: 0.0, right: 1920.0, bottom: 2880.0 }, pics: 1
TRACE [neovide::renderer::rendered_window] region: Box2 { min: Point2 { x: 0.0, y: 0.0 }, max: Point2 { x: 1920.0, y: 2820.0 } }, inner: Rect { left: 0.0, top: 0.0, right: 1920.0, bottom: 2820.0 }, pics: 0
TRACE [neovide::renderer::rendered_window] region: Box2 { min: Point2 { x: 0.0, y: 2820.0 }, max: Point2 { x: 1920.0, y: 5700.0 } }, inner: Rect { left: 0.0, top: 2820.0, right: 1920.0, bottom: 5700.0 }, pics: 40
TRACE [neovide::bridge::handler] Neovim notification: "redraw"
TRACE [neovide::channel_utils] neovim_handler ModeChange { mode: Normal, mode_index: 0 }
TRACE [neovide::channel_utils] neovim_handler MouseOn
TRACE [neovide::channel_utils] neovim_handler Flush
TRACE [neovide::editor] Image flushed
TRACE [neovide::editor] send_batch
TRACE [neovide::window::keyboard_manager] KeyEvent {
    physical_key: Code(
        Enter,
    ),
    logical_key: Named(
        Enter,
    ),
    text: None,
    location: Standard,
    state: Released,
    repeat: false,
    platform_specific: KeyEventExtra {
        text_with_all_modifiers: None,
        key_without_modifiers: Named(
            Enter,
        ),
    },
}
INFO [neovide::renderer::grid_renderer] blend 0
DEBUG [neovide::renderer] zindex: 200, base: 0
DEBUG [neovide::renderer] layer: [(3, SortOrder { z_index: 200, composition_order: 5 })]
TRACE [neovide::renderer::rendered_window] region: Box2 { min: Point2 { x: 0.0, y: 0.0 }, max: Point2 { x: 1920.0, y: 2880.0 } }, inner: Rect { left: 0.0, top: 0.0, right: 1920.0, bottom: 2880.0 }, pics: 1
TRACE [neovide::renderer::rendered_window] region: Box2 { min: Point2 { x: 0.0, y: 0.0 }, max: Point2 { x: 1920.0, y: 2820.0 } }, inner: Rect { left: 0.0, top: 0.0, right: 1920.0, bottom: 2820.0 }, pics: 0
TRACE [neovide::renderer::rendered_window] region: Box2 { min: Point2 { x: 0.0, y: 2820.0 }, max: Point2 { x: 1920.0, y: 5700.0 } }, inner: Rect { left: 0.0, top: 2820.0, right: 1920.0, bottom: 5700.0 }, pics: 40
INFO [neovide::renderer::grid_renderer] blend 0
DEBUG [neovide::renderer] zindex: 200, base: 0
DEBUG [neovide::renderer] layer: [(3, SortOrder { z_index: 200, composition_order: 5 })]
TRACE [neovide::renderer::rendered_window] region: Box2 { min: Point2 { x: 0.0, y: 0.0 }, max: Point2 { x: 1920.0, y: 2880.0 } }, inner: Rect { left: 0.0, top: 0.0, right: 1920.0, bottom: 2880.0 }, pics: 1
TRACE [neovide::renderer::rendered_window] region: Box2 { min: Point2 { x: 0.0, y: 0.0 }, max: Point2 { x: 1920.0, y: 2820.0 } }, inner: Rect { left: 0.0, top: 0.0, right: 1920.0, bottom: 2820.0 }, pics: 0
TRACE [neovide::renderer::rendered_window] region: Box2 { min: Point2 { x: 0.0, y: 2820.0 }, max: Point2 { x: 1920.0, y: 5700.0 } }, inner: Rect { left: 0.0, top: 2820.0, right: 1920.0, bottom: 5700.0 }, pics: 40
INFO [neovide::renderer::grid_renderer] blend 0
DEBUG [neovide::renderer] zindex: 200, base: 0
DEBUG [neovide::renderer] layer: [(3, SortOrder { z_index: 200, composition_order: 5 })]
TRACE [neovide::renderer::rendered_window] region: Box2 { min: Point2 { x: 0.0, y: 0.0 }, max: Point2 { x: 1920.0, y: 2880.0 } }, inner: Rect { left: 0.0, top: 0.0, right: 1920.0, bottom: 2880.0 }, pics: 1
TRACE [neovide::renderer::rendered_window] region: Box2 { min: Point2 { x: 0.0, y: 0.0 }, max: Point2 { x: 1920.0, y: 2820.0 } }, inner: Rect { left: 0.0, top: 0.0, right: 1920.0, bottom: 2820.0 }, pics: 0
TRACE [neovide::renderer::rendered_window] region: Box2 { min: Point2 { x: 0.0, y: 2820.0 }, max: Point2 { x: 1920.0, y: 5700.0 } }, inner: Rect { left: 0.0, top: 2820.0, right: 1920.0, bottom: 5700.0 }, pics: 40
DEBUG [neovide::settings::window_size] Saved Window Settings: {"window":{"Maximized":{"grid_size":{"width":65,"height":48}}}}
